candidate_id,myneta_url,candidate,constituency_id,constituency,age,party_code,criminal_cases_flag,education_level,movable_assets,movable_assets_rs,movable_assets_img,immovable_assets,immovable_assets_rs,immovable_assets_img,total_assets,total_assets_rs,total_assets_img,liabilities,liabilities_rs,liabilities_img,pan_given,serious_ipc_counts
2964,https://myneta.info/TamilNadu2026/candidate.php?candidate_id=2964,Elaiyaraja C,1,ARIYALUR,35,IND,No,Graduate Professional,,,1,0 ~,0,,,,1,0 ~,0,,Y,0
654,https://myneta.info/TamilNadu2026/candidate.php?candidate_id=654,Jothibasu K,1,ARIYALUR,42,IND,No,Doctorate,,,1,"55,70,000 ~ 55 Lacs+",5570000,,,,1,"4,00,000 ~ 4 Lacs+",400000,,Y,0
2965,https://myneta.info/TamilNadu2026/candidate.php?candidate_id=2965,Krishnamoorthy C,1,ARIYALUR,43,IND,No,Illiterate,,,1,0 ~,0,,,,1,0 ~,0,,Y,0
2966,https://myneta.info/TamilNadu2026/candidate.php?candidate_id=2966,Kumar K,1,ARIYALUR,53,IND,No,Graduate,,,1,"43,51,273 ~ 43 Lacs+",4351273,,,,1,"2,26,818 ~ 2 Lacs+",226818,,Y,0
1147,https://myneta.info/TamilNadu2026/candidate.php?candidate_id=1147,Latha Balu,1,ARIYALUR,49,DMK,No,Post Graduate,,,1,"50,00,000 ~ 50 Lacs+",5000000,,,,1,"8,23,300 ~ 8 Lacs+",823300,,Y,0
13,https://myneta.info/TamilNadu2026/candidate.php?candidate_id=13,Pugazhendhi D,1,ARIYALUR,26,Naam Tamilar Katchi,Yes 1,Others,,,1,0 ~,0,,,,1,0 ~,0,,Y,0
1148,https://myneta.info/TamilNadu2026/candidate.php?candidate_id=1148,Rajendran S,1,ARIYALUR,66,AIADMK,Yes 9,8th Pass,,,1,"1,95,93,066 ~ 1 Crore+",19593066,,,,1,"27,35,706 ~ 27 Lacs+",2735706,,Y,0
2968,https://myneta.info/TamilNadu2026/candidate.php?candidate_id=2968,Rajkumar K,1,ARIYALUR,40,IND,No,Illiterate,,,1,0 ~,0,,,,1,0 ~,0,,Y,0
2963,http://myneta.info/TamilNadu2026/candidate.php?candidate_id=2963,Rajkumar S,1,ARIYALUR,50,All India Puratchi Thalaivar Makkal Munnettra Kazhagam,No,Others,,,1,"3,00,000 ~ 3 Lacs+",300000,,,,1,0 ~,0,,Y,0
2967,https://myneta.info/TamilNadu2026/candidate.php?candidate_id=2967,Semmalai T,1,ARIYALUR,51,IND,Yes 1,10th Pass,,,1,"28,50,000 ~ 28 Lacs+",2850000,,,,1,"7,85,000 ~ 7 Lacs+",785000,,Y,2
764,https://myneta.info/TamilNadu2026/candidate.php?candidate_id=764,Sivakumar M,1,ARIYALUR,48,Tamilaga Vettri Kazhagam,Yes 2,Graduate,,,1,"49,70,333 ~ 49 Lacs+",4970333,,,,1,"26,14,500 ~ 26 Lacs+",2614500,,Y,0
2961,https://myneta.info/TamilNadu2026/candidate.php?candidate_id=2961,Stalin V,1,ARIYALUR,36,BSP,No,Graduate,,,1,0 ~,0,,,,1,"87,60,275 ~ 87 Lacs+",8760275,,Y,0
2962,https://myneta.info/TamilNadu2026/candidate.php?candidate_id=2962,Sudhakar M,1,ARIYALUR,42,Tamizhaga Vaazhvurimai Katchi,No,10th Pass,,,1,"20,00,000 ~ 20 Lacs+",2000000,,,,1,"76,94,911 ~ 76 Lacs+",7694911,,Y,0
653,https://myneta.info/TamilNadu2026/candidate.php?candidate_id=653,Thanga. Shanmuga Sundaram,1,ARIYALUR,48,Naadaalum Makkal Katchi,Yes 5,Post Graduate,,,1,"68,60,000 ~ 68 Lacs+",6860000,,,,1,0 ~,0,,Y,0
2969,https://myneta.info/TamilNadu2026/candidate.php?candidate_id=2969,Vetrivel G,1,ARIYALUR,48,IND,No,Graduate,,,1,"5,00,000 ~ 5 Lacs+",500000,,,,1,0 ~,0,,Y,0
2976,https://myneta.info/TamilNadu2026/candidate.php?candidate_id=2976,Anandhakumar R.,2,JAYANKONDAM,56,IND,No,Others,,,1,"63,75,000 ~ 63 Lacs+",6375000,,,,1,"35,000 ~ 35 Thou+",35000,,Y,0
2970,https://myneta.info/TamilNadu2026/candidate.php?candidate_id=2970,Azhagesan V.R.,2,JAYANKONDAM,66,Desiya Makkal Sakthi Katchi,No,Post Graduate,,,1,"14,50,000 ~ 14 Lacs+",1450000,,,,1,"3,24,000 ~ 3 Lacs+",324000,,Y,0
2980,https://myneta.info/TamilNadu2026/candidate.php?candidate_id=2980,Chanthirasekar S.,2,JAYANKONDAM,45,IND,No,Illiterate,,,1,"1,91,650 ~ 1 Lacs+",191650,,,,1,0 ~,0,,N,0
443,https://myneta.info/TamilNadu2026/candidate.php?candidate_id=443,Chinnadurai S.,2,JAYANKONDAM,53,BSP,No,12th Pass,,,1,"5,00,000 ~ 5 Lacs+",500000,,,,1,0 ~,0,,Y,0
2979,https://myneta.info/TamilNadu2026/candidate.php?candidate_id=2979,Gurunathan N.,2,JAYANKONDAM,53,IND,No,5th Pass,,,1,0 ~,0,,,,1,0 ~,0,,N,0
2977,https://myneta.info/TamilNadu2026/candidate.php?candidate_id=2977,Isac Newtan J.,2,JAYANKONDAM,30,IND,No,Others,,,1,"2,50,000 ~ 2 Lacs+",250000,,,,1,0 ~,0,,N,0
2975,https://myneta.info/TamilNadu2026/candidate.php?candidate_id=2975,Jayabalan G.,2,JAYANKONDAM,66,Vada Tamil Nadu Munnetra Katchi,No,Graduate,,,1,"75,00,000 ~ 75 Lacs+",7500000,,,,1,"6,61,490 ~ 6 Lacs+",661490,,Y,0
2978,https://myneta.info/TamilNadu2026/candidate.php?candidate_id=2978,Kannan K.,2,JAYANKONDAM,39,IND,Yes 1,Graduate,,,1,0 ~,0,,,,1,0 ~,0,,N,0
1163,http://myneta.info/TamilNadu2026/candidate.php?candidate_id=1163,Kannan Ka.So.Ka.,2,JAYANKONDAM,47,DMK,Yes 1,Post Graduate,,,1,"9,76,99,545 ~ 9 Crore+",97699545,,,,1,"1,11,61,767 ~ 1 Crore+",11161767,,Y,0
2971,https://myneta.info/TamilNadu2026/candidate.php?candidate_id=2971,Kavitha Rajendran G.,2,JAYANKONDAM,65,Tamilaga Vettri Kazhagam,No,10th Pass,,,1,"1,72,91,183 ~ 1 Crore+",17291183,,,,1,"57,41,610 ~ 57 Lacs+",5741610,,Y,0
2973,https://myneta.info/TamilNadu2026/candidate.php?candidate_id=2973,Pagutharivalan A.,2,JAYANKONDAM,35,Tamizhaga Vaazhvurimai Katchi,Yes 2,Graduate Professional,,,1,"47,50,000 ~ 47 Lacs+",4750000,,,,1,"7,24,850 ~ 7 Lacs+",724850,,Y,1
442,https://myneta.info/TamilNadu2026/candidate.php?candidate_id=442,Ravanan M.,2,JAYANKONDAM,59,Naadaalum Makkal Katchi,No,12th Pass,,,1,"1,00,000 ~ 1 Lacs+",100000,,,,1,"8,70,000 ~ 8 Lacs+",870000,,Y,0
2974,https://myneta.info/TamilNadu2026/candidate.php?candidate_id=2974,Ravisankar N.,2,JAYANKONDAM,54,Aanaithinthiya Jananayaka Pathukappu Kazhagam,Yes 6,12th Pass,,,1,"1,78,50,000 ~ 1 Crore+",17850000,,,,1,"2,31,30,615 ~ 2 Crore+",23130615,,Y,3
50,https://myneta.info/TamilNadu2026/candidate.php?candidate_id=50,Revathi K.,2,JAYANKONDAM,37,Naam Tamilar Katchi,No,Post Graduate,,,1,0 ~,0,,,,1,0 ~,0,,Y,0
2972,https://myneta.info/TamilNadu2026/candidate.php?candidate_id=2972,Sankar M.,2,JAYANKONDAM,42,Rashtriya Samaj Dal (R),No,5th Pass,,,1,0 ~,0,,,,1,0 ~,0,,N,0
765,https://myneta.info/TamilNadu2026/candidate.php?candidate_id=765,Vaithilingam G.,2,JAYANKONDAM,52,Pattali Makkal Katchi,Yes 1,12th Pass,,,1,"3,44,11,000 ~ 3 Crore+",34411000,,,,1,"19,17,424 ~ 19 Lacs+",1917424,,Y,0
2982,https://myneta.info/TamilNadu2026/candidate.php?candidate_id=2982,Venkatajalapathi R.,2,JAYANKONDAM,59,IND,No,8th Pass,,,1,"20,49,680 ~ 20 Lacs+",2049680,,,,1,"75,000 ~ 75 Thou+",75000,,Y,0
441,http://myneta.info/TamilNadu2026/candidate.php?candidate_id=441,Vezhaventhan D.,2,JAYANKONDAM,40,IND,No,Doctorate,,,1,"50,50,000 ~ 50 Lacs+",5050000,,,,1,"9,44,800 ~ 9 Lacs+",944800,,Y,0
2981,https://myneta.info/TamilNadu2026/candidate.php?candidate_id=2981,Vinothsavariremijeas C.,2,JAYANKONDAM,36,IND,Yes 1,10th Pass,,,1,"4,09,00,000 ~ 4 Crore+",40900000,,,,1,"2,25,58,374 ~ 2 Crore+",22558374,,Y,0
139,https://myneta.info/TamilNadu2026/candidate.php?candidate_id=139,A. Babu Mailan,3,ROYAPURAM,54,Naam Tamilar Katchi,No,Others,,,1,"25,80,000 ~ 25 Lacs+",2580000,,,,1,"46,58,722 ~ 46 Lacs+",4658722,,Y,0
1556,https://myneta.info/TamilNadu2026/candidate.php?candidate_id=1556,A. Jayakumar,3,ROYAPURAM,43,IND,No,Graduate,,,1,0 ~,0,,,,1,0 ~,0,,Y,0
1549,https://myneta.info/TamilNadu2026/candidate.php?candidate_id=1549,A. Nizar Ahamed,3,ROYAPURAM,57,IND,No,Graduate,,,1,0 ~,0,,,,1,0 ~,0,,Y,0
1543,https://myneta.info/TamilNadu2026/candidate.php?candidate_id=1543,A. Sasikumar,3,ROYAPURAM,39,IND,No,Graduate Professional,,,1,0 ~,0,,,,1,0 ~,0,,Y,0
1536,https://myneta.info/TamilNadu2026/candidate.php?candidate_id=1536,A. Sathik Kumar,3,ROYAPURAM,36,Democratic National Allegiance,No,Graduate,,,1,0 ~,0,,,,1,"1,50,000 ~ 1 Lacs+",150000,,Y,0
1559,https://myneta.info/TamilNadu2026/candidate.php?candidate_id=1559,C. Sridhar,3,ROYAPURAM,43,IND,No,Graduate Professional,,,1,0 ~,0,,,,1,0 ~,0,,Y,0
330,https://myneta.info/TamilNadu2026/candidate.php?candidate_id=330,D. Jayakumar,3,ROYAPURAM,65,AIADMK,Yes 2,Graduate Professional,,,1,"64,00,000 ~ 64 Lacs+",6400000,,,,1,"32,34,209 ~ 32 Lacs+",3234209,,Y,3
1557,https://myneta.info/TamilNadu2026/candidate.php?candidate_id=1557,D. Jayakumar,3,ROYAPURAM,42,IND,No,Post Graduate,,,1,"2,00,000 ~ 2 Lacs+",200000,,,,1,"73,90,000 ~ 73 Lacs+",7390000,,Y,0
329,http://myneta.info/TamilNadu2026/candidate.php?candidate_id=329,Dr. A. Subair Khan,3,ROYAPURAM,49,DMK,Yes 1,Post Graduate,,,1,"4,36,77,000 ~ 4 Crore+",43677000,,,,1,"5,65,05,410 ~ 5 Crore+",56505410,,Y,1
1541,https://myneta.info/TamilNadu2026/candidate.php?candidate_id=1541,G. Karthikeyan,3,ROYAPURAM,31,IND,No,Graduate Professional,,,1,0 ~,0,,,,1,0 ~,0,,Y,0
1558,https://myneta.info/TamilNadu2026/candidate.php?candidate_id=1558,I Jayaprakash,3,ROYAPURAM,39,IND,No,Graduate,,,1,0 ~,0,,,,1,0 ~,0,,Y,0
1547,https://myneta.info/TamilNadu2026/candidate.php?candidate_id=1547,J. Selvakumar,3,ROYAPURAM,50,IND,No,8th Pass,,,1,0 ~,0,,,,1,0 ~,0,,Y,0
1551,https://myneta.info/TamilNadu2026/candidate.php?candidate_id=1551,K. Prasath,3,ROYAPURAM,44,IND,No,10th Pass,,,1,"7,80,000 ~ 7 Lacs+",780000,,,,1,0 ~,0,,Y,0
1546,https://myneta.info/TamilNadu2026/candidate.php?candidate_id=1546,K.J. Sivakumar,3,ROYAPURAM,47,IND,No,Graduate Professional,,,1,"40,00,000 ~ 40 Lacs+",4000000,,,,1,0 ~,0,,Y,0
1539,https://myneta.info/TamilNadu2026/candidate.php?candidate_id=1539,K.V. Vijay Damu,3,ROYAPURAM,46,Tamilaga Vettri Kazhagam,Yes 4,8th Pass,,,1,0 ~,0,,,,1,0 ~,0,,Y,0
1542,https://myneta.info/TamilNadu2026/candidate.php?candidate_id=1542,Kerthivarunnan .R,3,ROYAPURAM,45,IND,No,Graduate,,,1,0 ~,0,,,,1,0 ~,0,,Y,0
1548,https://myneta.info/TamilNadu2026/candidate.php?candidate_id=1548,M Dhinakaran,3,ROYAPURAM,48,IND,No,Graduate Professional,,,1,0 ~,0,,,,1,0 ~,0,,Y,0
1535,http://myneta.info/TamilNadu2026/candidate.php?candidate_id=1535,M. Jayarajkumar,3,ROYAPURAM,29,BSP,No,Graduate Professional,,,1,0 ~,0,,,,1,0 ~,0,,Y,0
1552,https://myneta.info/TamilNadu2026/candidate.php?candidate_id=1552,M. Mahalakshmi,3,ROYAPURAM,61,IND,No,Graduate Professional,,,1,"89,00,000 ~ 89 Lacs+",8900000,,,,1,"19,00,000 ~ 19 Lacs+",1900000,,Y,0
1537,https://myneta.info/TamilNadu2026/candidate.php?candidate_id=1537,M. Rajkumar,3,ROYAPURAM,44,Tamizhaga Vaazhvurimai Katchi,No,Graduate Professional,,,1,0 ~,0,,,,1,"9,40,617 ~ 9 Lacs+",940617,,Y,0
1544,https://myneta.info/TamilNadu2026/candidate.php?candidate_id=1544,M. Shanmugam,3,ROYAPURAM,29,IND,No,Post Graduate,,,1,0 ~,0,,,,1,0 ~,0,,Y,0
1545,https://myneta.info/TamilNadu2026/candidate.php?candidate_id=1545,P. Sumathi,3,ROYAPURAM,53,IND,No,10th Pass,,,1,0 ~,0,,,,1,"97,500 ~ 97 Thou+",97500,,Y,0
1555,https://myneta.info/TamilNadu2026/candidate.php?candidate_id=1555,R. Rajkumar,3,ROYAPURAM,29,IND,No,Post Graduate,,,1,0 ~,0,,,,1,0 ~,0,,Y,0
1538,https://myneta.info/TamilNadu2026/candidate.php?candidate_id=1538,R. Vinothkumar,3,ROYAPURAM,38,Naam Indiar Party,No,Graduate Professional,,,1,0 ~,0,,,,1,0 ~,0,,Y,0
1553,https://myneta.info/TamilNadu2026/candidate.php?candidate_id=1553,S. Raju,3,ROYAPURAM,26,IND,No,10th Pass,,,1,"1,50,000 ~ 1 Lacs+",150000,,,,1,0 ~,0,,Y,0
1540,https://myneta.info/TamilNadu2026/candidate.php?candidate_id=1540,T. Kaviyarasu,3,ROYAPURAM,46,IND,No,Graduate Professional,,,1,0 ~,0,,,,1,0 ~,0,,Y,0
1554,http://myneta.info/TamilNadu2026/candidate.php?candidate_id=1554,T. Rajesh,3,ROYAPURAM,42,IND,No,8th Pass,,,1,0 ~,0,,,,1,0 ~,0,,Y,0
1550,https://myneta.info/TamilNadu2026/candidate.php?candidate_id=1550,V. Bhagath Singh,3,ROYAPURAM,37,IND,No,Graduate Professional,,,1,0 ~,0,,,,1,0 ~,0,,Y,0
1313,https://myneta.info/TamilNadu2026/candidate.php?candidate_id=1313,Aassan Maulaana J.M.H,4,VELACHERY,42,INC,Yes 4,Post Graduate,,,1,"13,45,49,600 ~ 13 Crore+",134549600,,,,1,"24,28,591 ~ 24 Lacs+",2428591,,Y,0
4014,https://myneta.info/TamilNadu2026/candidate.php?candidate_id=4014,Ahammed Nazeer Khan,4,VELACHERY,40,IND,No,10th Pass,,,1,0 ~,0,,,,1,"50,000 ~ 50 Thou+",50000,,Y,0
4012,https://myneta.info/TamilNadu2026/candidate.php?candidate_id=4012,Ashok. M,4,VELACHERY,46,IND,No,8th Pass,,,1,0 ~,0,,,,1,0 ~,0,,Y,0
214,https://myneta.info/TamilNadu2026/candidate.php?candidate_id=214,Ashok. M.K,4,VELACHERY,54,AIADMK,Yes 5,Post Graduate,,,1,"9,53,32,575 ~ 9 Crore+",95332575,,,,1,"5,27,83,369 ~ 5 Crore+",52783369,,Y,1
4013,https://myneta.info/TamilNadu2026/candidate.php?candidate_id=4013,Azarutheen. M,4,VELACHERY,37,IND,No,Graduate Professional,,,1,"21,00,000 ~ 21 Lacs+",2100000,,,,1,"4,00,000 ~ 4 Lacs+",400000,,Y,0
4021,https://myneta.info/TamilNadu2026/candidate.php?candidate_id=4021,Bhaskar. G,4,VELACHERY,47,IND,No,8th Pass,,,1,0 ~,0,,,,1,0 ~,0,,Y,0
4020,https://myneta.info/TamilNadu2026/candidate.php?candidate_id=4020,Deepak Ravi,4,VELACHERY,31,IND,No,Graduate,,,1,0 ~,0,,,,1,0 ~,0,,Y,0
4019,https://myneta.info/TamilNadu2026/candidate.php?candidate_id=4019,Diwakar. R,4,VELACHERY,28,IND,No,Graduate,,,1,0 ~,0,,,,1,0 ~,0,,Y,0
4028,http://myneta.info/TamilNadu2026/candidate.php?candidate_id=4028,Janagaraj Ravi Gunaseelan,4,VELACHERY,59,IND,No,Graduate Professional,,,1,"1,50,00,000 ~ 1 Crore+",15000000,,,,1,"29,00,000 ~ 29 Lacs+",2900000,,Y,0
4016,https://myneta.info/TamilNadu2026/candidate.php?candidate_id=4016,Kala Pethachi,4,VELACHERY,61,IND,Yes 1,Graduate,,,1,"43,10,000 ~ 43 Lacs+",4310000,,,,1,"4,00,000 ~ 4 Lacs+",400000,,Y,1
4009,https://myneta.info/TamilNadu2026/candidate.php?candidate_id=4009,Kanchana. R,4,VELACHERY,48,Tamizhaga Murpokku Makkal Katchi,No,Post Graduate,,,1,0 ~,0,,,,1,"40,49,000 ~ 40 Lacs+",4049000,,Y,0
4015,https://myneta.info/TamilNadu2026/candidate.php?candidate_id=4015,Kannan. K,4,VELACHERY,53,IND,No,Graduate Professional,,,1,0 ~,0,,,,1,0 ~,0,,Y,0
215,https://myneta.info/TamilNadu2026/candidate.php?candidate_id=215,Keerthana. M,4,VELACHERY,33,Naam Tamilar Katchi,No,Post Graduate,,,1,"1,50,00,000 ~ 1 Crore+",15000000,,,,1,"41,65,406 ~ 41 Lacs+",4165406,,Y,0
865,https://myneta.info/TamilNadu2026/candidate.php?candidate_id=865,Kumar. R,4,VELACHERY,60,Tamilaga Vettri Kazhagam,No,Graduate Professional,,,1,"1,01,95,62,748 ~ 101 Crore+",1019562748,,,,1,"1,59,49,204 ~ 1 Crore+",15949204,,Y,0
867,https://myneta.info/TamilNadu2026/candidate.php?candidate_id=867,Mani. M,4,VELACHERY,49,Veerath Thiyagi Viswanathadoss Thozhilalarkal Katchi,No,Graduate,,,1,0 ~,0,,,,1,0 ~,0,,Y,0
868,https://myneta.info/TamilNadu2026/candidate.php?candidate_id=868,Mohamed Yaseen. I,4,VELACHERY,30,Thakkam Katchi,No,Graduate,,,1,0 ~,0,,,,1,0 ~,0,,Y,0
4022,https://myneta.info/TamilNadu2026/candidate.php?candidate_id=4022,Mohan. R,4,VELACHERY,69,IND,No,8th Pass,,,1,0 ~,0,,,,1,0 ~,0,,Y,0
866,http://myneta.info/TamilNadu2026/candidate.php?candidate_id=866,Mohanraj. K,4,VELACHERY,38,BSP,No,Graduate Professional,,,1,0 ~,0,,,,1,"1,51,000 ~ 1 Lacs+",151000,,Y,0
4010,https://myneta.info/TamilNadu2026/candidate.php?candidate_id=4010,Poyyamozhi. M,4,VELACHERY,69,Proutist Sarva Samaj,No,12th Pass,,,1,"1,27,00,000 ~ 1 Crore+",12700000,,,,1,0 ~,0,,Y,0
4023,https://myneta.info/TamilNadu2026/candidate.php?candidate_id=4023,Radhakrishnan. D.R,4,VELACHERY,43,IND,No,Graduate Professional,,,1,0 ~,0,,,,1,"50,414 ~ 50 Thou+",50414,,Y,0
4024,https://myneta.info/TamilNadu2026/candidate.php?candidate_id=4024,Rajasekar. S,4,VELACHERY,37,IND,No,12th Pass,,,1,"16,00,000 ~ 16 Lacs+",1600000,,,,1,0 ~,0,,Y,0
4025,https://myneta.info/TamilNadu2026/candidate.php?candidate_id=4025,Ritish,4,VELACHERY,36,IND,No,Others,,,1,0 ~,0,,,,1,0 ~,0,,Y,0
4011,https://myneta.info/TamilNadu2026/candidate.php?candidate_id=4011,Rokesh Kumar. V,4,VELACHERY,30,Tamizhaga Vaazhvurimai Katchi,No,Others,,,1,0 ~,0,,,,1,0 ~,0,,Y,0
4017,https://myneta.info/TamilNadu2026/candidate.php?candidate_id=4017,Sarabeshwar Sisu. P,4,VELACHERY,25,IND,No,Graduate Professional,,,1,0 ~,0,,,,1,0 ~,0,,Y,0
4018,https://myneta.info/TamilNadu2026/candidate.php?candidate_id=4018,Suresh K,4,VELACHERY,49,IND,No,8th Pass,,,1,0 ~,0,,,,1,0 ~,0,,Y,0
4026,https://myneta.info/TamilNadu2026/candidate.php?candidate_id=4026,Vignesh. M,4,VELACHERY,34,IND,No,Post Graduate,,,1,"23,50,000 ~ 23 Lacs+",2350000,,,,1,0 ~,0,,Y,0
4027,http://myneta.info/TamilNadu2026/candidate.php?candidate_id=4027,Vignesh. R,4,VELACHERY,31,IND,No,Graduate Professional,,,1,0 ~,0,,,,1,0 ~,0,,Y,0
1975,https://myneta.info/TamilNadu2026/candidate.php?candidate_id=1975,A. Rajaram,5,PERAMBUR,51,Republican Party of India (Athawale),No,Graduate Professional,,,1,0 ~,0,,,,1,0 ~,0,,Y,0
1978,https://myneta.info/TamilNadu2026/candidate.php?candidate_id=1978,Agni Aalvar,5,PERAMBUR,45,IND,No,10th Pass,,,1,0 ~,0,,,,1,0 ~,0,,Y,0
1979,https://myneta.info/TamilNadu2026/candidate.php?candidate_id=1979,Amala.R,5,PERAMBUR,58,IND,No,8th Pass,,,1,0 ~,0,,,,1,0 ~,0,,Y,0
1967,https://myneta.info/TamilNadu2026/candidate.php?candidate_id=1967,Ashlin Belmen .A.S,5,PERAMBUR,29,Tamilnadu Mahatma Gandhi Makkal Katchi,Yes 3,Others,,,1,"39,00,000 ~ 39 Lacs+",3900000,,,,1,"4,00,000 ~ 4 Lacs+",400000,,Y,0
1980,https://myneta.info/TamilNadu2026/candidate.php?candidate_id=1980,Azarutheen.M,5,PERAMBUR,37,IND,No,Graduate Professional,,,1,"21,00,000 ~ 21 Lacs+",2100000,,,,1,"4,00,000 ~ 4 Lacs+",400000,,Y,0
1992,https://myneta.info/TamilNadu2026/candidate.php?candidate_id=1992,B. Balaji,5,PERAMBUR,37,IND,No,12th Pass,,,1,0 ~,0,,,,1,0 ~,0,,Y,0
1985,https://myneta.info/TamilNadu2026/candidate.php?candidate_id=1985,B. Sathish Kumar,5,PERAMBUR,42,IND,No,Graduate Professional,,,1,"38,86,000 ~ 38 Lacs+",3886000,,,,1,0 ~,0,,Y,0
2005,https://myneta.info/TamilNadu2026/candidate.php?candidate_id=2005,B. Venkatesan,5,PERAMBUR,47,IND,No,Post Graduate,,,1,0 ~,0,,,,1,0 ~,0,,Y,0
1994,http://myneta.info/TamilNadu2026/candidate.php?candidate_id=1994,Bowdharaj,5,PERAMBUR,53,IND,No,5th Pass,,,1,0 ~,0,,,,1,"26,10,000 ~ 26 Lacs+",2610000,,N,0
124,https://myneta.info/TamilNadu2026/candidate.php?candidate_id=124,C. Joseph Vijay,5,PERAMBUR,51,Tamilaga Vettri Kazhagam,Yes 2,12th Pass,,,1,"2,22,65,62,010 ~ 222 Crore+",2226562010,,,,1,"7,63,60,016 ~ 7 Crore+",76360016,,Y,0
1977,https://myneta.info/TamilNadu2026/candidate.php?candidate_id=1977,D.V. Venugopal,5,PERAMBUR,55,Tamizhaga Vaazhvurimai Katchi,Yes 3,10th Pass,,,1,"1,43,93,500 ~ 1 Crore+",14393500,,,,1,0 ~,0,,Y,0
1995,https://myneta.info/TamilNadu2026/candidate.php?candidate_id=1995,Dr.D. Madan,5,PERAMBUR,28,IND,No,Post Graduate,,,1,0 ~,0,,,,1,0 ~,0,,Y,0
1996,https://myneta.info/TamilNadu2026/candidate.php?candidate_id=1996,Dr.G. Moorthy,5,PERAMBUR,46,IND,No,Doctorate,,,1,"1,93,90,500 ~ 1 Crore+",19390500,,,,1,"45,58,024 ~ 45 Lacs+",4558024,,Y,0
1969,https://myneta.info/TamilNadu2026/candidate.php?candidate_id=1969,Dr.R. Saravana Perumal,5,PERAMBUR,52,Makkal Nalvaazhvuk Katchi,No,Doctorate,,,1,"75,00,000 ~ 75 Lacs+",7500000,,,,1,0 ~,0,,Y,0
1982,https://myneta.info/TamilNadu2026/candidate.php?candidate_id=1982,E. Udhaya Kumar,5,PERAMBUR,56,IND,No,5th Pass,,,1,0 ~,0,,,,1,0 ~,0,,Y,0
2002,https://myneta.info/TamilNadu2026/candidate.php?candidate_id=2002,G. Ruthra Kumar,5,PERAMBUR,33,IND,No,Graduate Professional,,,1,0 ~,0,,,,1,0 ~,0,,Y,0
1989,https://myneta.info/TamilNadu2026/candidate.php?candidate_id=1989,H. Dhanasekar,5,PERAMBUR,43,IND,No,10th Pass,,,1,0 ~,0,,,,1,0 ~,0,,Y,0
1972,http://myneta.info/TamilNadu2026/candidate.php?candidate_id=1972,J. Sebastin,5,PERAMBUR,49,SUCI(C),No,10th Pass,,,1,0 ~,0,,,,1,0 ~,0,,Y,0
1973,https://myneta.info/TamilNadu2026/candidate.php?candidate_id=1973,K.M. Devan,5,PERAMBUR,41,Makkal Murasu Katchi,No,Graduate Professional,,,1,0 ~,0,,,,1,0 ~,0,,Y,0
1968,https://myneta.info/TamilNadu2026/candidate.php?candidate_id=1968,M. Geeta,5,PERAMBUR,40,Thakkam Katchi,No,Graduate,,,1,"28,00,000 ~ 28 Lacs+",2800000,,,,1,"20,75,016 ~ 20 Lacs+",2075016,,Y,0
2008,https://myneta.info/TamilNadu2026/candidate.php?candidate_id=2008,M. Joseph,5,PERAMBUR,49,IND,No,12th Pass,,,1,0 ~,0,,,,1,0 ~,0,,Y,0
1983,https://myneta.info/TamilNadu2026/candidate.php?candidate_id=1983,M. Kadhiravan,5,PERAMBUR,58,IND,No,12th Pass,,,1,0 ~,0,,,,1,0 ~,0,,Y,0
1988,https://myneta.info/TamilNadu2026/candidate.php?candidate_id=1988,M. Tamilselvam,5,PERAMBUR,51,IND,No,5th Pass,,,1,0 ~,0,,,,1,0 ~,0,,Y,0
241,https://myneta.info/TamilNadu2026/candidate.php?candidate_id=241,M. Thilagabama,5,PERAMBUR,56,Pattali Makkal Katchi,No,Graduate,,,1,"6,69,00,000 ~ 6 Crore+",66900000,,,,1,"5,01,60,712 ~ 5 Crore+",50160712,,Y,0
1990,https://myneta.info/TamilNadu2026/candidate.php?candidate_id=1990,M.I. Thahira Banu,5,PERAMBUR,46,IND,No,10th Pass,,,1,0 ~,0,,,,1,0 ~,0,,Y,0
1991,https://myneta.info/TamilNadu2026/candidate.php?candidate_id=1991,Nivetha,5,PERAMBUR,32,IND,No,Post Graduate,,,1,0 ~,0,,,,1,"2,50,000 ~ 2 Lacs+",250000,,Y,0
1981,http://myneta.info/TamilNadu2026/candidate.php?candidate_id=1981,P. Esakki Muthu,5,PERAMBUR,68,IND,No,Illiterate,,,1,0 ~,0,,,,1,0 ~,0,,Y,0
1984,https://myneta.info/TamilNadu2026/candidate.php?candidate_id=1984,P. Gunasekar,5,PERAMBUR,56,IND,No,10th Pass,,,1,0 ~,0,,,,1,0 ~,0,,Y,0
1993,https://myneta.info/TamilNadu2026/candidate.php?candidate_id=1993,P. Ponraj,5,PERAMBUR,56,IND,No,10th Pass,,,1,0 ~,0,,,,1,0 ~,0,,Y,0
1987,https://myneta.info/TamilNadu2026/candidate.php?candidate_id=1987,P. Thangamani,5,PERAMBUR,61,IND,No,8th Pass,,,1,0 ~,0,,,,1,0 ~,0,,Y,0
2006,https://myneta.info/TamilNadu2026/candidate.php?candidate_id=2006,R. Jayaseelan,5,PERAMBUR,60,IND,No,5th Pass,,,1,"2,65,00,000 ~ 2 Crore+",26500000,,,,1,0 ~,0,,Y,0
732,https://myneta.info/TamilNadu2026/candidate.php?candidate_id=732,R.D. Shekar,5,PERAMBUR,59,DMK,Yes 10,Graduate Professional,,,1,"4,86,12,300 ~ 4 Crore+",48612300,,,,1,"2,94,82,170 ~ 2 Crore+",29482170,,Y,0
2001,https://myneta.info/TamilNadu2026/candidate.php?candidate_id=2001,Reegan Prabhu,5,PERAMBUR,37,IND,No,Others,,,1,0 ~,0,,,,1,"2,66,903 ~ 2 Lacs+",266903,,Y,0
2007,https://myneta.info/TamilNadu2026/candidate.php?candidate_id=2007,S. Joseph,5,PERAMBUR,65,IND,No,Post Graduate,,,1,"30,00,000 ~ 30 Lacs+",3000000,,,,1,0 ~,0,,Y,0
1974,https://myneta.info/TamilNadu2026/candidate.php?candidate_id=1974,S. Malathi,5,PERAMBUR,28,Veerath Thiyagi Viswanathadoss Thozhilalarkal Katchi,No,12th Pass,,,1,0 ~,0,,,,1,0 ~,0,,Y,0
1997,http://myneta.info/TamilNadu2026/candidate.php?candidate_id=1997,S. Michael,5,PERAMBUR,41,IND,No,Graduate Professional,,,1,0 ~,0,,,,1,0 ~,0,,Y,0
2000,https://myneta.info/TamilNadu2026/candidate.php?candidate_id=2000,S. Rajesh Kumar,5,PERAMBUR,51,IND,No,Others,,,1,"30,00,000 ~ 30 Lacs+",3000000,,,,1,"5,00,000 ~ 5 Lacs+",500000,,Y,0
1998,https://myneta.info/TamilNadu2026/candidate.php?candidate_id=1998,S. Ramesh,5,PERAMBUR,40,IND,No,Graduate Professional,,,1,0 ~,0,,,,1,0 ~,0,,Y,0
1971,https://myneta.info/TamilNadu2026/candidate.php?candidate_id=1971,S. Sureshkumar,5,PERAMBUR,42,Makkalatchi Katchi,Yes 1,Graduate Professional,,,1,0 ~,0,,,,1,"3,10,000 ~ 3 Lacs+",310000,,Y,1
125,https://myneta.info/TamilNadu2026/candidate.php?candidate_id=125,S. Vetri Thamizhan,5,PERAMBUR,40,Naam Tamilar Katchi,No,Post Graduate,,,1,0 ~,0,,,,1,0 ~,0,,Y,0
2004,https://myneta.info/TamilNadu2026/candidate.php?candidate_id=2004,S. Vishnu Varthan,5,PERAMBUR,29,IND,No,Graduate,,,1,0 ~,0,,,,1,0 ~,0,,Y,0
1986,https://myneta.info/TamilNadu2026/candidate.php?candidate_id=1986,Sathish.B,5,PERAMBUR,46,IND,No,Others,,,1,"30,39,000 ~ 30 Lacs+",3039000,,,,1,"24,67,000 ~ 24 Lacs+",2467000,,Y,0
1970,https://myneta.info/TamilNadu2026/candidate.php?candidate_id=1970,Sivakumar.V,5,PERAMBUR,39,Tamil Telugu National Party,No,Others,,,1,"2,03,00,000 ~ 2 Crore+",20300000,,,,1,"47,31,800 ~ 47 Lacs+",4731800,,Y,0
1999,https://myneta.info/TamilNadu2026/candidate.php?candidate_id=1999,V. Raji,5,PERAMBUR,51,IND,No,Illiterate,,,1,0 ~,0,,,,1,0 ~,0,,Y,0
1966,http://myneta.info/TamilNadu2026/candidate.php?candidate_id=1966,Vetri Vel Selvam,5,PERAMBUR,32,BSP,No,Graduate Professional,,,1,0 ~,0,,,,1,0 ~,0,,Y,0
1976,https://myneta.info/TamilNadu2026/candidate.php?candidate_id=1976,Vijay,5,PERAMBUR,29,All India Jananayaka Makkal Kazhagam,No,Graduate Professional,,,1,0 ~,0,,,,1,0 ~,0,,Y,0
2003,https://myneta.info/TamilNadu2026/candidate.php?candidate_id=2003,Vijay. G,5,PERAMBUR,35,IND,No,Others,,,1,0 ~,0,,,,1,0 ~,0,,Y,0
2606,https://myneta.info/TamilNadu2026/candidate.php?candidate_id=2606,A. L. Naresh Kumar,6,KOLATHUR,33,IND,No,10th Pass,,,1,0 ~,0,,,,1,"10,00,000 ~ 10 Lacs+",1000000,,Y,0
2617,https://myneta.info/TamilNadu2026/candidate.php?candidate_id=2617,A. Raji,6,KOLATHUR,60,IND,No,10th Pass,,,1,0 ~,0,,,,1,0 ~,0,,Y,0
2593,https://myneta.info/TamilNadu2026/candidate.php?candidate_id=2593,Aathithya,6,KOLATHUR,48,Samata Party,No,Literate,,,1,0 ~,0,,,,1,0 ~,0,,Y,0
2598,https://myneta.info/TamilNadu2026/candidate.php?candidate_id=2598,Arul Doss. A.,6,KOLATHUR,44,IND,No,Others,,,1,0 ~,0,,,,1,0 ~,0,,N,0
2594,https://myneta.info/TamilNadu2026/candidate.php?candidate_id=2594,E. Raamadasan,6,KOLATHUR,73,Makkal Nalvaazhvuk Katchi,No,10th Pass,,,1,0 ~,0,,,,1,0 ~,0,,Y,0
2620,https://myneta.info/TamilNadu2026/candidate.php?candidate_id=2620,Farmer Jayaraman. S K J.,6,KOLATHUR,50,IND,No,12th Pass,,,1,"2,80,39,700 ~ 2 Crore+",28039700,,,,1,"1,43,21,200 ~ 1 Crore+",14321200,,Y,0
2602,https://myneta.info/TamilNadu2026/candidate.php?candidate_id=2602,J. Suriya Muthu,6,KOLATHUR,51,IND,No,8th Pass,,,1,0 ~,0,,,,1,0 ~,0,,Y,0
348,https://myneta.info/TamilNadu2026/candidate.php?candidate_id=348,K. Elumalai,6,KOLATHUR,49,Veerath Thiyagi Viswanathadoss Thozhilalarkal Katchi,No,10th Pass,,,1,0 ~,0,,,,1,0 ~,0,,Y,0
2608,http://myneta.info/TamilNadu2026/candidate.php?candidate_id=2608,K. Panneer Selvam,6,KOLATHUR,40,IND,No,Graduate Professional,,,1,0 ~,0,,,,1,0 ~,0,,N,0
2599,https://myneta.info/TamilNadu2026/candidate.php?candidate_id=2599,Kaja Maideen,6,KOLATHUR,34,IND,No,5th Pass,,,1,0 ~,0,,,,1,"1,37,000 ~ 1 Lacs+",137000,,Y,0
70,https://myneta.info/TamilNadu2026/candidate.php?candidate_id=70,M. K. Stalin,6,KOLATHUR,72,DMK,No,Graduate,,,1,"5,07,03,804 ~ 5 Crore+",50703804,,,,1,0 ~,0,,Y,0
2611,https://myneta.info/TamilNadu2026/candidate.php?candidate_id=2611,M. Poornima,6,KOLATHUR,44,IND,No,Post Graduate,,,1,"1,93,90,500 ~ 1 Crore+",19390500,,,,1,"45,58,024 ~ 45 Lacs+",4558024,,Y,0
2618,https://myneta.info/TamilNadu2026/candidate.php?candidate_id=2618,M. Rajeshkumar,6,KOLATHUR,36,IND,No,Graduate Professional,,,1,0 ~,0,,,,1,0 ~,0,,Y,0
2601,https://myneta.info/TamilNadu2026/candidate.php?candidate_id=2601,M. Suresh,6,KOLATHUR,39,IND,No,10th Pass,,,1,0 ~,0,,,,1,0 ~,0,,Y,0
2605,https://myneta.info/TamilNadu2026/candidate.php?candidate_id=2605,Nanda Kumar,6,KOLATHUR,34,IND,No,8th Pass,,,1,0 ~,0,,,,1,0 ~,0,,N,0
2595,https://myneta.info/TamilNadu2026/candidate.php?candidate_id=2595,Oormila,6,KOLATHUR,42,Tamizhaga Vaazhvurimai Katchi,No,12th Pass,,,1,"90,76,100 ~ 90 Lacs+",9076100,,,,1,"1,00,63,647 ~ 1 Crore+",10063647,,Y,0
2613,https://myneta.info/TamilNadu2026/candidate.php?candidate_id=2613,P. Milany,6,KOLATHUR,45,IND,Yes 6,Graduate Professional,,,1,"10,70,600 ~ 10 Lacs+",1070600,,,,1,"1,11,09,722 ~ 1 Crore+",11109722,,Y,1
1177,http://myneta.info/TamilNadu2026/candidate.php?candidate_id=1177,P. Santhana Krishnan,6,KOLATHUR,51,AIADMK,No,Others,,,1,"1,86,28,000 ~ 1 Crore+",18628000,,,,1,"9,00,000 ~ 9 Lacs+",900000,,Y,0
2610,https://myneta.info/TamilNadu2026/candidate.php?candidate_id=2610,R. Balaji,6,KOLATHUR,36,IND,No,Graduate Professional,,,1,0 ~,0,,,,1,0 ~,0,,Y,0
2612,https://myneta.info/TamilNadu2026/candidate.php?candidate_id=2612,R. Mahesh,6,KOLATHUR,35,IND,No,Others,,,1,0 ~,0,,,,1,0 ~,0,,Y,0
2615,https://myneta.info/TamilNadu2026/candidate.php?candidate_id=2615,R. Raj Guru,6,KOLATHUR,45,IND,No,8th Pass,,,1,0 ~,0,,,,1,0 ~,0,,Y,0
2614,https://myneta.info/TamilNadu2026/candidate.php?candidate_id=2614,R. Ravikumar,6,KOLATHUR,33,IND,No,Graduate Professional,,,1,0 ~,0,,,,1,0 ~,0,,Y,0
2603,https://myneta.info/TamilNadu2026/candidate.php?candidate_id=2603,R. Senthil Kumar,6,KOLATHUR,45,IND,No,Graduate Professional,,,1,0 ~,0,,,,1,0 ~,0,,Y,0
2616,https://myneta.info/TamilNadu2026/candidate.php?candidate_id=2616,Raja. G.,6,KOLATHUR,71,IND,No,10th Pass,,,1,0 ~,0,,,,1,0 ~,0,,Y,0
2609,https://myneta.info/TamilNadu2026/candidate.php?candidate_id=2609,S. Balachandar,6,KOLATHUR,49,IND,No,10th Pass,,,1,0 ~,0,,,,1,0 ~,0,,Y,0
2621,https://myneta.info/TamilNadu2026/candidate.php?candidate_id=2621,S. Sharan,6,KOLATHUR,27,IND,No,Graduate,,,1,0 ~,0,,,,1,0 ~,0,,Y,0
2596,http://myneta.info/TamilNadu2026/candidate.php?candidate_id=2596,S.Y. Syed Yusuf,6,KOLATHUR,32,Republican Party of India (Athawale),No,Graduate,,,1,0 ~,0,,,,1,0 ~,0,,Y,0
2604,https://myneta.info/TamilNadu2026/candidate.php?candidate_id=2604,Selvi Steffi. V. M,6,KOLATHUR,26,IND,No,Post Graduate,,,1,"8,60,00,000 ~ 8 Crore+",86000000,,,,1,0 ~,0,,Y,0
346,https://myneta.info/TamilNadu2026/candidate.php?candidate_id=346,Sivagnanasam,6,KOLATHUR,71,Desiya Makkal Sakthi Katchi,No,Graduate Professional,,,1,0 ~,0,,,,1,0 ~,0,,Y,0
69,https://myneta.info/TamilNadu2026/candidate.php?candidate_id=69,Soundara Pandian Luder Seth,6,KOLATHUR,53,Naam Tamilar Katchi,No,Graduate Professional,,,1,"15,00,000 ~ 15 Lacs+",1500000,,,,1,"9,53,210 ~ 9 Lacs+",953210,,Y,0
2592,https://myneta.info/TamilNadu2026/candidate.php?candidate_id=2592,Subashini,6,KOLATHUR,37,BSP,No,Post Graduate,,,1,"4,00,000 ~ 4 Lacs+",400000,,,,1,"12,23,453 ~ 12 Lacs+",1223453,,Y,0
2600,https://myneta.info/TamilNadu2026/candidate.php?candidate_id=2600,V. A. Sudhakar,6,KOLATHUR,46,IND,No,10th Pass,,,1,0 ~,0,,,,1,0 ~,0,,N,0
2607,https://myneta.info/TamilNadu2026/candidate.php?candidate_id=2607,V. Naresh Babu,6,KOLATHUR,34,IND,No,Graduate Professional,,,1,0 ~,0,,,,1,"2,34,000 ~ 2 Lacs+",234000,,Y,0
2597,https://myneta.info/TamilNadu2026/candidate.php?candidate_id=2597,V. S. Babu,6,KOLATHUR,75,Tamilaga Vettri Kazhagam,No,8th Pass,,,1,"3,29,88,000 ~ 3 Crore+",32988000,,,,1,0 ~,0,,Y,0
2619,https://myneta.info/TamilNadu2026/candidate.php?candidate_id=2619,Vigirdhan,6,KOLATHUR,53,IND,No,10th Pass,,,1,"3,50,000 ~ 3 Lacs+",350000,,,,1,0 ~,0,,Y,0
222,https://myneta.info/TamilNadu2026/candidate.php?candidate_id=222,Aadhav Arjuna,7,VILLIVAKKAM,43,Tamilaga Vettri Kazhagam,Yes 1,Graduate,,,1,"1,90,01,68,189 ~ 190 Crore+",1900168189,,,,1,"26,26,74,946 ~ 26 Crore+",262674946,,Y,0
1442,https://myneta.info/TamilNadu2026/candidate.php?candidate_id=1442,Abdul Shabeek A,7,VILLIVAKKAM,42,Tamizhaga Vaazhvurimai Katchi,No,Others,,,1,0 ~,0,,,,1,"6,80,000 ~ 6 Lacs+",680000,,Y,0
235,https://myneta.info/TamilNadu2026/candidate.php?candidate_id=235,Ajithkumar A,7,VILLIVAKKAM,32,Thakkam Katchi,No,Post Graduate,,,1,"4,50,000 ~ 4 Lacs+",450000,,,,1,0 ~,0,,Y,0
1452,https://myneta.info/TamilNadu2026/candidate.php?candidate_id=1452,Anbazhagan G,7,VILLIVAKKAM,59,IND,No,Post Graduate,,,1,0 ~,0,,,,1,0 ~,0,,Y,0
1448,https://myneta.info/TamilNadu2026/candidate.php?candidate_id=1448,Ashok Kumar C.A,7,VILLIVAKKAM,55,IND,No,Graduate Professional,,,1,"3,88,25,000 ~ 3 Crore+",38825000,,,,1,"1,93,00,000 ~ 1 Crore+",19300000,,Y,0
1462,https://myneta.info/TamilNadu2026/candidate.php?candidate_id=1462,Balamurali G,7,VILLIVAKKAM,35,IND,No,Others,,,1,0 ~,0,,,,1,0 ~,0,,Y,0
1451,https://myneta.info/TamilNadu2026/candidate.php?candidate_id=1451,Charavanan M.P,7,VILLIVAKKAM,65,IND,No,Graduate,,,1,"35,00,000 ~ 35 Lacs+",3500000,,,,1,0 ~,0,,Y,0
1455,https://myneta.info/TamilNadu2026/candidate.php?candidate_id=1455,Devarajan G,7,VILLIVAKKAM,52,IND,No,12th Pass,,,1,"1,55,00,000 ~ 1 Crore+",15500000,,,,1,"1,93,004 ~ 1 Lacs+",193004,,Y,0
1454,http://myneta.info/TamilNadu2026/candidate.php?candidate_id=1454,Dhayanidhi D,7,VILLIVAKKAM,30,IND,No,8th Pass,,,1,0 ~,0,,,,1,0 ~,0,,Y,0
1447,https://myneta.info/TamilNadu2026/candidate.php?candidate_id=1447,Jaya Zeba C,7,VILLIVAKKAM,41,IND,No,Graduate Professional,,,1,0 ~,0,,,,1,"6,45,000 ~ 6 Lacs+",645000,,Y,0
234,https://myneta.info/TamilNadu2026/candidate.php?candidate_id=234,Kandasamy S,7,VILLIVAKKAM,60,IND,No,10th Pass,,,1,0 ~,0,,,,1,0 ~,0,,Y,0
1453,https://myneta.info/TamilNadu2026/candidate.php?candidate_id=1453,Kannan M,7,VILLIVAKKAM,41,IND,No,12th Pass,,,1,0 ~,0,,,,1,"6,52,000 ~ 6 Lacs+",652000,,Y,0
1460,https://myneta.info/TamilNadu2026/candidate.php?candidate_id=1460,Karthick P,7,VILLIVAKKAM,37,IND,No,8th Pass,,,1,0 ~,0,,,,1,"6,22,930 ~ 6 Lacs+",622930,,Y,0
1461,https://myneta.info/TamilNadu2026/candidate.php?candidate_id=1461,Karthick S,7,VILLIVAKKAM,36,IND,No,Illiterate,,,1,0 ~,0,,,,1,0 ~,0,,Y,0
1320,https://myneta.info/TamilNadu2026/candidate.php?candidate_id=1320,Karthik Mohan,7,VILLIVAKKAM,45,DMK,No,Post Graduate,,,1,"3,23,95,01,941 ~ 323 Crore+",3239501941,,,,1,"1,44,31,60,131 ~ 144 Crore+",1443160131,,Y,0
1458,https://myneta.info/TamilNadu2026/candidate.php?candidate_id=1458,Manimaran P,7,VILLIVAKKAM,60,IND,No,5th Pass,,,1,0 ~,0,,,,1,0 ~,0,,Y,0
1456,https://myneta.info/TamilNadu2026/candidate.php?candidate_id=1456,Murali R,7,VILLIVAKKAM,36,IND,No,Graduate,,,1,0 ~,0,,,,1,0 ~,0,,Y,0
1444,http://myneta.info/TamilNadu2026/candidate.php?candidate_id=1444,Murali Vinodh M,7,VILLIVAKKAM,42,IND,No,Graduate Professional,,,1,0 ~,0,,,,1,0 ~,0,,Y,0
1459,https://myneta.info/TamilNadu2026/candidate.php?candidate_id=1459,Purushothaman P,7,VILLIVAKKAM,45,IND,No,10th Pass,,,1,"1,60,29,790 ~ 1 Crore+",16029790,,,,1,"4,61,387 ~ 4 Lacs+",461387,,Y,0
1457,https://myneta.info/TamilNadu2026/candidate.php?candidate_id=1457,Raji M,7,VILLIVAKKAM,62,IND,No,8th Pass,,,1,0 ~,0,,,,1,0 ~,0,,Y,0
1441,https://myneta.info/TamilNadu2026/candidate.php?candidate_id=1441,Roshini S,7,VILLIVAKKAM,30,Naam Tamilar Katchi,No,8th Pass,,,1,0 ~,0,,,,1,"10,46,541 ~ 10 Lacs+",1046541,,Y,0
1450,https://myneta.info/TamilNadu2026/candidate.php?candidate_id=1450,Shanmuga D,7,VILLIVAKKAM,30,IND,No,Graduate Professional,,,1,0 ~,0,,,,1,"1,20,800 ~ 1 Lacs+",120800,,Y,0
1443,https://myneta.info/TamilNadu2026/candidate.php?candidate_id=1443,Solomon J.R,7,VILLIVAKKAM,50,IND,No,10th Pass,,,1,0 ~,0,,,,1,0 ~,0,,Y,0
1449,https://myneta.info/TamilNadu2026/candidate.php?candidate_id=1449,Subramani K,7,VILLIVAKKAM,65,IND,No,Post Graduate,,,1,"20,00,000 ~ 20 Lacs+",2000000,,,,1,0 ~,0,,Y,0
1445,https://myneta.info/TamilNadu2026/candidate.php?candidate_id=1445,Vijayakumar D,7,VILLIVAKKAM,51,IND,No,8th Pass,,,1,0 ~,0,,,,1,0 ~,0,,Y,0
1446,https://myneta.info/TamilNadu2026/candidate.php?candidate_id=1446,Vijayakumar G,7,VILLIVAKKAM,40,IND,No,Graduate Professional,,,1,0 ~,0,,,,1,"9,00,000 ~ 9 Lacs+",900000,,Y,0
1321,http://myneta.info/TamilNadu2026/candidate.php?candidate_id=1321,Vijayakumar S.R,7,VILLIVAKKAM,52,AIADMK,No,Graduate Professional,,,1,"3,70,75,992 ~ 3 Crore+",37075992,,,,1,"2,15,84,906 ~ 2 Crore+",21584906,,Y,0
1463,https://myneta.info/TamilNadu2026/candidate.php?candidate_id=1463,Yuvaraj S,7,VILLIVAKKAM,37,IND,No,Illiterate,,,1,0 ~,0,,,,1,"2,62,840 ~ 2 Lacs+",262840,,Y,0
446,https://myneta.info/TamilNadu2026/candidate.php?candidate_id=446,A. Selva Kumar,8,THIRU-VI-KA-NAGAR (SC),49,Thakkam Katchi,No,10th Pass,,,1,"13,00,000 ~ 13 Lacs+",1300000,,,,1,0 ~,0,,Y,0
2983,https://myneta.info/TamilNadu2026/candidate.php?candidate_id=2983,C. Christy,8,THIRU-VI-KA-NAGAR (SC),43,All India Puratchi Thalaivar Makkal Munnettra Kazhagam,No,10th Pass,,,1,"27,00,000 ~ 27 Lacs+",2700000,,,,1,"1,12,000 ~ 1 Lacs+",112000,,Y,0
2999,https://myneta.info/TamilNadu2026/candidate.php?candidate_id=2999,C. Jagan Mohan,8,THIRU-VI-KA-NAGAR (SC),45,IND,No,Graduate Professional,,,1,0 ~,0,,,,1,0 ~,0,,Y,0
2988,https://myneta.info/TamilNadu2026/candidate.php?candidate_id=2988,D. Sathish Kumar,8,THIRU-VI-KA-NAGAR (SC),41,IND,No,10th Pass,,,1,0 ~,0,,,,1,0 ~,0,,Y,0
860,https://myneta.info/TamilNadu2026/candidate.php?candidate_id=860,G. J. Dharaniraj,8,THIRU-VI-KA-NAGAR (SC),31,IND,No,Graduate Professional,,,1,"25,00,000 ~ 25 Lacs+",2500000,,,,1,0 ~,0,,Y,0
163,https://myneta.info/TamilNadu2026/candidate.php?candidate_id=163,Jagadesh Chander .M,8,THIRU-VI-KA-NAGAR (SC),39,Naam Tamilar Katchi,No,Post Graduate,,,1,0 ~,0,,,,1,"13,81,890 ~ 13 Lacs+",1381890,,Y,0
1258,https://myneta.info/TamilNadu2026/candidate.php?candidate_id=1258,K. S. Ravichandran,8,THIRU-VI-KA-NAGAR (SC),55,DMK,No,Graduate Professional,,,1,"2,52,00,000 ~ 2 Crore+",25200000,,,,1,"73,90,902 ~ 73 Lacs+",7390902,,Y,0
2986,https://myneta.info/TamilNadu2026/candidate.php?candidate_id=2986,M. Kannadasan,8,THIRU-VI-KA-NAGAR (SC),38,IND,No,10th Pass,,,1,0 ~,0,,,,1,0 ~,0,,Y,0
2987,http://myneta.info/TamilNadu2026/candidate.php?candidate_id=2987,M. Kolanji,8,THIRU-VI-KA-NAGAR (SC),54,IND,No,Literate,,,1,0 ~,0,,,,1,0 ~,0,,Y,0
2998,https://myneta.info/TamilNadu2026/candidate.php?candidate_id=2998,M. Lokesh,8,THIRU-VI-KA-NAGAR (SC),34,IND,No,Others,,,1,0 ~,0,,,,1,0 ~,0,,Y,0
2996,https://myneta.info/TamilNadu2026/candidate.php?candidate_id=2996,M. Mohan,8,THIRU-VI-KA-NAGAR (SC),41,IND,No,8th Pass,,,1,0 ~,0,,,,1,0 ~,0,,Y,0
859,https://myneta.info/TamilNadu2026/candidate.php?candidate_id=859,M. R. Pallavi,8,THIRU-VI-KA-NAGAR (SC),36,Tamilaga Vettri Kazhagam,No,12th Pass,,,1,0 ~,0,,,,1,0 ~,0,,Y,0
445,https://myneta.info/TamilNadu2026/candidate.php?candidate_id=445,Porkodi Armstrong,8,THIRU-VI-KA-NAGAR (SC),51,AIADMK,No,Graduate Professional,,,1,"2,00,00,000 ~ 2 Crore+",20000000,,,,1,"30,00,000 ~ 30 Lacs+",3000000,,Y,0
2992,https://myneta.info/TamilNadu2026/candidate.php?candidate_id=2992,Prakash Arunachalam,8,THIRU-VI-KA-NAGAR (SC),40,IND,No,Graduate Professional,,,1,0 ~,0,,,,1,0 ~,0,,Y,0
2993,https://myneta.info/TamilNadu2026/candidate.php?candidate_id=2993,Prasanth. D,8,THIRU-VI-KA-NAGAR (SC),33,IND,No,Graduate,,,1,0 ~,0,,,,1,0 ~,0,,Y,0
2994,https://myneta.info/TamilNadu2026/candidate.php?candidate_id=2994,Praveen Thiyagarajan,8,THIRU-VI-KA-NAGAR (SC),27,IND,No,Post Graduate,,,1,0 ~,0,,,,1,0 ~,0,,Y,0
2985,https://myneta.info/TamilNadu2026/candidate.php?candidate_id=2985,R. Anandan,8,THIRU-VI-KA-NAGAR (SC),60,IND,No,8th Pass,,,1,0 ~,0,,,,1,0 ~,0,,Y,0
2995,http://myneta.info/TamilNadu2026/candidate.php?candidate_id=2995,R. Murugan,8,THIRU-VI-KA-NAGAR (SC),50,IND,No,10th Pass,,,1,0 ~,0,,,,1,0 ~,0,,N,0
2984,https://myneta.info/TamilNadu2026/candidate.php?candidate_id=2984,S Jayakalpana,8,THIRU-VI-KA-NAGAR (SC),53,Republican Party of India (Athawale),No,Illiterate,,,1,0 ~,0,,,,1,0 ~,0,,Y,0
2991,https://myneta.info/TamilNadu2026/candidate.php?candidate_id=2991,S. Parthiban,8,THIRU-VI-KA-NAGAR (SC),46,IND,No,Graduate,,,1,0 ~,0,,,,1,0 ~,0,,Y,0
2997,https://myneta.info/TamilNadu2026/candidate.php?candidate_id=2997,S. Rajendran,8,THIRU-VI-KA-NAGAR (SC),52,IND,No,10th Pass,,,1,0 ~,0,,,,1,0 ~,0,,Y,0
2990,https://myneta.info/TamilNadu2026/candidate.php?candidate_id=2990,S. Senthamizhan,8,THIRU-VI-KA-NAGAR (SC),35,IND,No,10th Pass,,,1,0 ~,0,,,,1,0 ~,0,,Y,0
2989,https://myneta.info/TamilNadu2026/candidate.php?candidate_id=2989,Sathish,8,THIRU-VI-KA-NAGAR (SC),33,IND,No,Graduate,,,1,0 ~,0,,,,1,0 ~,0,,Y,0
856,https://myneta.info/TamilNadu2026/candidate.php?candidate_id=856,Abishek. R,9,EGMORE (SC),36,AIADMK,Yes 3,Graduate Professional,,,1,"11,84,95,000 ~ 11 Crore+",118495000,,,,1,"11,77,96,632 ~ 11 Crore+",117796632,,Y,1
2626,https://myneta.info/TamilNadu2026/candidate.php?candidate_id=2626,Aravindan,9,EGMORE (SC),39,IND,No,12th Pass,,,1,0 ~,0,,,,1,0 ~,0,,Y,0
444,https://myneta.info/TamilNadu2026/candidate.php?candidate_id=444,Arun Rao. N.A,9,EGMORE (SC),35,Naam Indiar Party,No,Graduate,,,1,0 ~,0,,,,1,"9,56,036 ~ 9 Lacs+",956036,,Y,0
2623,https://myneta.info/TamilNadu2026/candidate.php?candidate_id=2623,D. Thirunavukkarasar,9,EGMORE (SC),43,Tamizhaga Vaazhvurimai Katchi,No,10th Pass,,,1,0 ~,0,,,,1,"5,10,000 ~ 5 Lacs+",510000,,Y,0
2622,https://myneta.info/TamilNadu2026/candidate.php?candidate_id=2622,Dr.N. Gunasekar,9,EGMORE (SC),36,Republican Party of India (Athawale),Yes 1,12th Pass,,,1,0 ~,0,,,,1,0 ~,0,,Y,0
2625,https://myneta.info/TamilNadu2026/candidate.php?candidate_id=2625,G.R. Rajendran,9,EGMORE (SC),31,National Maha Sabha Party,No,10th Pass,,,1,0 ~,0,,,,1,"55,000 ~ 55 Thou+",55000,,Y,0
2628,https://myneta.info/TamilNadu2026/candidate.php?candidate_id=2628,M. Nagarajan,9,EGMORE (SC),65,IND,No,Illiterate,,,1,0 ~,0,,,,1,0 ~,0,,Y,0
2627,https://myneta.info/TamilNadu2026/candidate.php?candidate_id=2627,R. Kumaravel,9,EGMORE (SC),54,IND,No,Graduate Professional,,,1,0 ~,0,,,,1,"6,50,000 ~ 6 Lacs+",650000,,Y,0
2630,http://myneta.info/TamilNadu2026/candidate.php?candidate_id=2630,Rajkumar,9,EGMORE (SC),38,IND,No,Graduate,,,1,0 ~,0,,,,1,0 ~,0,,Y,0
1377,https://myneta.info/TamilNadu2026/candidate.php?candidate_id=1377,Rajmohan,9,EGMORE (SC),39,Tamilaga Vettri Kazhagam,No,Graduate,,,1,"39,00,000 ~ 39 Lacs+",3900000,,,,1,"30,00,000 ~ 30 Lacs+",3000000,,Y,0
2631,https://myneta.info/TamilNadu2026/candidate.php?candidate_id=2631,Rajmohan,9,EGMORE (SC),37,IND,No,8th Pass,,,1,0 ~,0,,,,1,0 ~,0,,Y,0
2629,https://myneta.info/TamilNadu2026/candidate.php?candidate_id=2629,S. Pichamuthu,9,EGMORE (SC),70,IND,No,Graduate Professional,,,1,"2,54,05,000 ~ 2 Crore+",25405000,,,,1,0 ~,0,,Y,0
2632,https://myneta.info/TamilNadu2026/candidate.php?candidate_id=2632,S. Vinoth Kumar,9,EGMORE (SC),36,IND,No,Post Graduate,,,1,0 ~,0,,,,1,0 ~,0,,Y,0
39,https://myneta.info/TamilNadu2026/candidate.php?candidate_id=39,Saranya Imran,9,EGMORE (SC),35,Naam Tamilar Katchi,No,Graduate,,,1,0 ~,0,,,,1,"2,04,000 ~ 2 Lacs+",204000,,Y,0
2634,https://myneta.info/TamilNadu2026/candidate.php?candidate_id=2634,Sridhar. M,9,EGMORE (SC),40,IND,No,10th Pass,,,1,0 ~,0,,,,1,0 ~,0,,Y,0
2624,https://myneta.info/TamilNadu2026/candidate.php?candidate_id=2624,T. Magizhanban,9,EGMORE (SC),80,All India Puratchi Thalaivar Makkal Munnettra Kazhagam,No,Literate,,,1,0 ~,0,,,,1,0 ~,0,,N,0
1376,https://myneta.info/TamilNadu2026/candidate.php?candidate_id=1376,Tamilan Prasanna,9,EGMORE (SC),43,DMK,Yes 1,Graduate Professional,,,1,"8,17,92,000 ~ 8 Crore+",81792000,,,,1,"3,79,85,767 ~ 3 Crore+",37985767,,Y,1
2633,http://myneta.info/TamilNadu2026/candidate.php?candidate_id=2633,Venkatesh. K,9,EGMORE (SC),35,IND,No,10th Pass,,,1,0 ~,0,,,,1,0 ~,0,,Y,0
2017,https://myneta.info/TamilNadu2026/candidate.php?candidate_id=2017,A. Usha,10,DR.RADHAKRISHNAN NAGAR,37,IND,No,10th Pass,,,1,0 ~,0,,,,1,0 ~,0,,Y,0
2013,https://myneta.info/TamilNadu2026/candidate.php?candidate_id=2013,A.Mohanraj,10,DR.RADHAKRISHNAN NAGAR,55,SUCI(C),No,Illiterate,,,1,0 ~,0,,,,1,0 ~,0,,Y,0
2039,https://myneta.info/TamilNadu2026/candidate.php?candidate_id=2039,A.Vijay,10,DR.RADHAKRISHNAN NAGAR,42,IND,No,Post Graduate,,,1,0 ~,0,,,,1,0 ~,0,,Y,0
2014,https://myneta.info/TamilNadu2026/candidate.php?candidate_id=2014,Amudha.N,10,DR.RADHAKRISHNAN NAGAR,43,IND,Yes 1,8th Pass,,,1,0 ~,0,,,,1,0 ~,0,,Y,2
2012,https://myneta.info/TamilNadu2026/candidate.php?candidate_id=2012,B.Navin,10,DR.RADHAKRISHNAN NAGAR,30,Tamizhaga Vaazhvurimai Katchi,Yes 1,Graduate Professional,,,1,0 ~,0,,,,1,"7,07,000 ~ 7 Lacs+",707000,,Y,0
2037,https://myneta.info/TamilNadu2026/candidate.php?candidate_id=2037,C. Rajamanickam,10,DR.RADHAKRISHNAN NAGAR,65,IND,No,Post Graduate,,,1,"11,00,000 ~ 11 Lacs+",1100000,,,,1,0 ~,0,,Y,0
2041,https://myneta.info/TamilNadu2026/candidate.php?candidate_id=2041,C.Janarthanan,10,DR.RADHAKRISHNAN NAGAR,33,IND,No,Graduate,,,1,0 ~,0,,,,1,0 ~,0,,Y,0
2011,https://myneta.info/TamilNadu2026/candidate.php?candidate_id=2011,Chandrasekar,10,DR.RADHAKRISHNAN NAGAR,51,Tamizhaga Murpokku Makkal Katchi,No,Illiterate,,,1,"1,25,00,000 ~ 1 Crore+",12500000,,,,1,"1,30,000 ~ 1 Lacs+",130000,,Y,0
2015,http://myneta.info/TamilNadu2026/candidate.php?candidate_id=2015,D. Ajith Kumar,10,DR.RADHAKRISHNAN NAGAR,26,IND,No,Graduate Professional,,,1,0 ~,0,,,,1,0 ~,0,,Y,0
2042,https://myneta.info/TamilNadu2026/candidate.php?candidate_id=2042,D. Janarthanan,10,DR.RADHAKRISHNAN NAGAR,43,IND,No,Others,,,1,0 ~,0,,,,1,0 ~,0,,Y,0
2010,https://myneta.info/TamilNadu2026/candidate.php?candidate_id=2010,D.Karthikeyan,10,DR.RADHAKRISHNAN NAGAR,26,Samata Party,No,Graduate,,,1,0 ~,0,,,,1,0 ~,0,,Y,0
2028,https://myneta.info/TamilNadu2026/candidate.php?candidate_id=2028,D.Prabhu,10,DR.RADHAKRISHNAN NAGAR,37,IND,No,Graduate Professional,,,1,0 ~,0,,,,1,0 ~,0,,Y,0
2009,https://myneta.info/TamilNadu2026/candidate.php?candidate_id=2009,E. Raamadasan,10,DR.RADHAKRISHNAN NAGAR,79,Makkal Nalvaazhvuk Katchi,No,10th Pass,,,1,"5,00,000 ~ 5 Lacs+",500000,,,,1,0 ~,0,,Y,0
2029,https://myneta.info/TamilNadu2026/candidate.php?candidate_id=2029,G. Bothi Rajan,10,DR.RADHAKRISHNAN NAGAR,45,IND,No,10th Pass,,,1,"40,00,000 ~ 40 Lacs+",4000000,,,,1,0 ~,0,,Y,0
2031,https://myneta.info/TamilNadu2026/candidate.php?candidate_id=2031,G. Madhan Kumar,10,DR.RADHAKRISHNAN NAGAR,36,IND,No,10th Pass,,,1,0 ~,0,,,,1,0 ~,0,,Y,0
2040,https://myneta.info/TamilNadu2026/candidate.php?candidate_id=2040,G. Vijay,10,DR.RADHAKRISHNAN NAGAR,29,IND,No,Others,,,1,0 ~,0,,,,1,0 ~,0,,Y,0
326,https://myneta.info/TamilNadu2026/candidate.php?candidate_id=326,J. John Ebenezer,10,DR.RADHAKRISHNAN NAGAR,50,DMK,No,Post Graduate,,,1,"1,05,00,000 ~ 1 Crore+",10500000,,,,1,"12,12,148 ~ 12 Lacs+",1212148,,Y,0
2036,http://myneta.info/TamilNadu2026/candidate.php?candidate_id=2036,J.Murali Krishnan,10,DR.RADHAKRISHNAN NAGAR,26,IND,No,Graduate Professional,,,1,0 ~,0,,,,1,0 ~,0,,Y,0
2021,https://myneta.info/TamilNadu2026/candidate.php?candidate_id=2021,J.Saravanakumar,10,DR.RADHAKRISHNAN NAGAR,36,IND,No,Graduate Professional,,,1,"38,00,000 ~ 38 Lacs+",3800000,,,,1,"21,06,243 ~ 21 Lacs+",2106243,,Y,0
2038,https://myneta.info/TamilNadu2026/candidate.php?candidate_id=2038,J.Vijayan,10,DR.RADHAKRISHNAN NAGAR,42,IND,No,Others,,,1,"45,00,000 ~ 45 Lacs+",4500000,,,,1,"37,85,039 ~ 37 Lacs+",3785039,,Y,0
2035,https://myneta.info/TamilNadu2026/candidate.php?candidate_id=2035,K. Murali,10,DR.RADHAKRISHNAN NAGAR,43,IND,No,Graduate Professional,,,1,0 ~,0,,,,1,0 ~,0,,Y,0
2024,https://myneta.info/TamilNadu2026/candidate.php?candidate_id=2024,K. Sujith,10,DR.RADHAKRISHNAN NAGAR,31,IND,No,Graduate Professional,,,1,"72,00,000 ~ 72 Lacs+",7200000,,,,1,"31,10,000 ~ 31 Lacs+",3110000,,Y,0
2022,https://myneta.info/TamilNadu2026/candidate.php?candidate_id=2022,L.Saravanan,10,DR.RADHAKRISHNAN NAGAR,50,IND,No,Graduate Professional,,,1,0 ~,0,,,,1,0 ~,0,,Y,0
2020,https://myneta.info/TamilNadu2026/candidate.php?candidate_id=2020,M. Sathish,10,DR.RADHAKRISHNAN NAGAR,42,IND,No,10th Pass,,,1,0 ~,0,,,,1,0 ~,0,,N,0
2030,https://myneta.info/TamilNadu2026/candidate.php?candidate_id=2030,Manikandan.H,10,DR.RADHAKRISHNAN NAGAR,28,IND,No,Others,,,1,0 ~,0,,,,1,0 ~,0,,Y,0
36,https://myneta.info/TamilNadu2026/candidate.php?candidate_id=36,N. Marie Wilson,10,DR.RADHAKRISHNAN NAGAR,46,Tamilaga Vettri Kazhagam,Yes 2,Doctorate,,,1,"5,19,99,000 ~ 5 Crore+",51999000,,,,1,"4,06,48,069 ~ 4 Crore+",40648069,,Y,2
2033,http://myneta.info/TamilNadu2026/candidate.php?candidate_id=2033,P. Marimuthu,10,DR.RADHAKRISHNAN NAGAR,70,IND,No,5th Pass,,,1,"39,60,000 ~ 39 Lacs+",3960000,,,,1,0 ~,0,,Y,0
2034,https://myneta.info/TamilNadu2026/candidate.php?candidate_id=2034,R. Muthu Chella Bharathi,10,DR.RADHAKRISHNAN NAGAR,38,IND,No,Post Graduate,,,1,0 ~,0,,,,1,"3,95,049 ~ 3 Lacs+",395049,,Y,0
2027,https://myneta.info/TamilNadu2026/candidate.php?candidate_id=2027,R.Devakumar,10,DR.RADHAKRISHNAN NAGAR,36,IND,No,Graduate Professional,,,1,0 ~,0,,,,1,0 ~,0,,Y,0
2018,https://myneta.info/TamilNadu2026/candidate.php?candidate_id=2018,R.Ethiraj,10,DR.RADHAKRISHNAN NAGAR,49,IND,No,12th Pass,,,1,0 ~,0,,,,1,0 ~,0,,Y,0
1380,https://myneta.info/TamilNadu2026/candidate.php?candidate_id=1380,R.S.Raajesh,10,DR.RADHAKRISHNAN NAGAR,54,AIADMK,Yes 3,Others,,,1,"4,89,32,000 ~ 4 Crore+",48932000,,,,1,"2,25,52,004 ~ 2 Crore+",22552004,,Y,1
2025,https://myneta.info/TamilNadu2026/candidate.php?candidate_id=2025,R.Tamilarasan,10,DR.RADHAKRISHNAN NAGAR,34,IND,No,Post Graduate,,,1,0 ~,0,,,,1,0 ~,0,,Y,0
2016,https://myneta.info/TamilNadu2026/candidate.php?candidate_id=2016,S.Emmanuvel,10,DR.RADHAKRISHNAN NAGAR,42,IND,No,10th Pass,,,1,0 ~,0,,,,1,0 ~,0,,Y,0
2026,https://myneta.info/TamilNadu2026/candidate.php?candidate_id=2026,Tamilselvan,10,DR.RADHAKRISHNAN NAGAR,27,IND,No,Graduate,,,1,0 ~,0,,,,1,"5,79,000 ~ 5 Lacs+",579000,,Y,0
2032,https://myneta.info/TamilNadu2026/candidate.php?candidate_id=2032,V. Madhan Mohan,10,DR.RADHAKRISHNAN NAGAR,35,IND,No,10th Pass,,,1,0 ~,0,,,,1,0 ~,0,,Y,0
2019,http://myneta.info/TamilNadu2026/candidate.php?candidate_id=2019,V.Shankar,10,DR.RADHAKRISHNAN NAGAR,63,IND,No,10th Pass,,,1,"70,00,000 ~ 70 Lacs+",7000000,,,,1,"39,25,542 ~ 39 Lacs+",3925542,,Y,0
2023,https://myneta.info/TamilNadu2026/candidate.php?candidate_id=2023,V.Sudhakar,10,DR.RADHAKRISHNAN NAGAR,31,IND,Yes 1,Graduate Professional,,,1,0 ~,0,,,,1,"15,85,990 ~ 15 Lacs+",1585990,,Y,0
37,https://myneta.info/TamilNadu2026/candidate.php?candidate_id=37,Vennila.T,10,DR.RADHAKRISHNAN NAGAR,42,Naam Tamilar Katchi,No,Post Graduate,,,1,0 ~,0,,,,1,"16,91,620 ~ 16 Lacs+",1691620,,Y,0
3490,http://myneta.info/TamilNadu2026/candidate.php?candidate_id=3490,A Nepolian,11,HARBOUR,40,IND,No,Post Graduate,,,1,0 ~,0,,,,1,0 ~,0,,Y,0
3483,http://myneta.info/TamilNadu2026/candidate.php?candidate_id=3483,Ashok Kumar,11,HARBOUR,35,IND,No,Graduate Professional,,,1,0 ~,0,,,,1,0 ~,0,,Y,0
3485,http://myneta.info/TamilNadu2026/candidate.php?candidate_id=3485,D Kabilan,11,HARBOUR,33,IND,No,Graduate Professional,,,1,0 ~,0,,,,1,0 ~,0,,Y,0
3493,http://myneta.info/TamilNadu2026/candidate.php?candidate_id=3493,G Visu,11,HARBOUR,39,IND,No,12th Pass,,,1,0 ~,0,,,,1,"80,000 ~ 80 Thou+",80000,,Y,0
3494,http://myneta.info/TamilNadu2026/candidate.php?candidate_id=3494,I Vinod,11,HARBOUR,40,IND,No,Graduate Professional,,,1,0 ~,0,,,,1,"7,40,000 ~ 7 Lacs+",740000,,Y,0
3489,http://myneta.info/TamilNadu2026/candidate.php?candidate_id=3489,J M Niraimozhi,11,HARBOUR,31,IND,No,Graduate Professional,,,1,"4,00,000 ~ 4 Lacs+",400000,,,,1,0 ~,0,,Y,0
273,http://myneta.info/TamilNadu2026/candidate.php?candidate_id=273,J Shanmugapriyan,11,HARBOUR,45,IND,No,Graduate,,,1,0 ~,0,,,,1,0 ~,0,,Y,0
3492,http://myneta.info/TamilNadu2026/candidate.php?candidate_id=3492,K E Manohar,11,HARBOUR,45,IND,No,Graduate,,,1,0 ~,0,,,,1,0 ~,0,,Y,0
3486,http://myneta.info/TamilNadu2026/candidate.php?candidate_id=3486,M Kalaiventhan,11,HARBOUR,32,IND,No,Graduate Professional,,,1,0 ~,0,,,,1,0 ~,0,,Y,0
782,http://myneta.info/TamilNadu2026/candidate.php?candidate_id=782,M Suresh,11,HARBOUR,45,BSP,No,Illiterate,,,1,0 ~,0,,,,1,0 ~,0,,Y,0
1114,http://myneta.info/TamilNadu2026/candidate.php?candidate_id=1114,P K Sekarbabu,11,HARBOUR,63,DMK,No,10th Pass,,,1,"1,68,53,240 ~ 1 Crore+",16853240,,,,1,"2,80,000 ~ 2 Lacs+",280000,,Y,0
271,http://myneta.info/TamilNadu2026/candidate.php?candidate_id=271,P Vijayakumar,11,HARBOUR,32,IND,No,Graduate,,,1,0 ~,0,,,,1,0 ~,0,,Y,0
3488,http://myneta.info/TamilNadu2026/candidate.php?candidate_id=3488,R Dinesh,11,HARBOUR,40,IND,No,Others,,,1,0 ~,0,,,,1,0 ~,0,,Y,0
272,http://myneta.info/TamilNadu2026/candidate.php?candidate_id=272,R Fouzan Shariff,11,HARBOUR,27,Naam Tamilar Katchi,No,Graduate,,,1,"20,00,000 ~ 20 Lacs+",2000000,,,,1,0 ~,0,,Y,0
784,http://myneta.info/TamilNadu2026/candidate.php?candidate_id=784,R Manohar,11,HARBOUR,59,AIADMK,Yes 1,Post Graduate,,,1,"40,48,26,375 ~ 40 Crore+",404826375,,,,1,"15,92,33,771 ~ 15 Crore+",159233771,,Y,0
3484,http://myneta.info/TamilNadu2026/candidate.php?candidate_id=3484,S Ganesh,11,HARBOUR,44,IND,No,Post Graduate,,,1,0 ~,0,,,,1,"5,00,000 ~ 5 Lacs+",500000,,Y,0
3496,http://myneta.info/TamilNadu2026/candidate.php?candidate_id=3496,S Veerabathran,11,HARBOUR,32,IND,No,Graduate Professional,,,1,0 ~,0,,,,1,0 ~,0,,Y,0
3487,http://myneta.info/TamilNadu2026/candidate.php?candidate_id=3487,Sankar A,11,HARBOUR,36,IND,No,Graduate Professional,,,1,0 ~,0,,,,1,0 ~,0,,Y,0
1417,http://myneta.info/TamilNadu2026/candidate.php?candidate_id=1417,Sinora P S Ashok,11,HARBOUR,59,Tamilaga Vettri Kazhagam,No,Post Graduate,,,1,"6,40,00,000 ~ 6 Crore+",64000000,,,,1,"1,82,63,261 ~ 1 Crore+",18263261,,Y,0
783,http://myneta.info/TamilNadu2026/candidate.php?candidate_id=783,Sivalingam Ashok,11,HARBOUR,46,IND,No,10th Pass,,,1,0 ~,0,,,,1,0 ~,0,,Y,0
3495,http://myneta.info/TamilNadu2026/candidate.php?candidate_id=3495,T Vijayaraj,11,HARBOUR,29,IND,No,Graduate,,,1,0 ~,0,,,,1,0 ~,0,,Y,0
3497,http://myneta.info/TamilNadu2026/candidate.php?candidate_id=3497,V Jagadeesan,11,HARBOUR,40,IND,No,Post Graduate,,,1,0 ~,0,,,,1,0 ~,0,,Y,0
752,http://myneta.info/TamilNadu2026/candidate.php?candidate_id=752,Aadirajaram,12,CHEPAUK-THIRUVALLIKENI,67,AIADMK,Yes 6,Graduate Professional,,,1,"3,03,80,540 ~ 3 Crore+",30380540,,,,1,0 ~,0,,Y,1
3003,http://myneta.info/TamilNadu2026/candidate.php?candidate_id=3003,Agni Aalvar,12,CHEPAUK-THIRUVALLIKENI,45,IND,No,10th Pass,,,1,0 ~,0,,,,1,0 ~,0,,Y,0
3006,http://myneta.info/TamilNadu2026/candidate.php?candidate_id=3006,Arumugam. C,12,CHEPAUK-THIRUVALLIKENI,44,IND,Yes 2,Literate,,,1,0 ~,0,,,,1,0 ~,0,,Y,0
3005,http://myneta.info/TamilNadu2026/candidate.php?candidate_id=3005,Ayisha,12,CHEPAUK-THIRUVALLIKENI,35,IND,No,Literate,,,1,0 ~,0,,,,1,"1,10,000 ~ 1 Lacs+",110000,,Y,0
449,http://myneta.info/TamilNadu2026/candidate.php?candidate_id=449,Aysha,12,CHEPAUK-THIRUVALLIKENI,37,Naam Tamilar Katchi,No,Others,,,1,0 ~,0,,,,1,"71,43,000 ~ 71 Lacs+",7143000,,Y,0
3012,http://myneta.info/TamilNadu2026/candidate.php?candidate_id=3012,Bharathkumar. G,12,CHEPAUK-THIRUVALLIKENI,36,IND,Yes 1,Graduate,,,1,0 ~,0,,,,1,0 ~,0,,Y,0
3001,http://myneta.info/TamilNadu2026/candidate.php?candidate_id=3001,Irfan Basha,12,CHEPAUK-THIRUVALLIKENI,31,Tamizhaga Vaazhvurimai Katchi,No,Graduate Professional,,,1,0 ~,0,,,,1,0 ~,0,,Y,0
3007,http://myneta.info/TamilNadu2026/candidate.php?candidate_id=3007,Kumar. M,12,CHEPAUK-THIRUVALLIKENI,41,IND,No,8th Pass,,,1,0 ~,0,,,,1,0 ~,0,,Y,0
3013,http://myneta.info/TamilNadu2026/candidate.php?candidate_id=3013,Milany. P,12,CHEPAUK-THIRUVALLIKENI,45,IND,Yes 6,Graduate Professional,,,1,"10,70,600 ~ 10 Lacs+",1070600,,,,1,"1,11,09,722 ~ 1 Crore+",11109722,,Y,1
447,http://myneta.info/TamilNadu2026/candidate.php?candidate_id=447,Mirza Safder Ali,12,CHEPAUK-THIRUVALLIKENI,59,IND,No,8th Pass,,,1,0 ~,0,,,,1,0 ~,0,,Y,0
3014,http://myneta.info/TamilNadu2026/candidate.php?candidate_id=3014,Mohamed Dharik. I,12,CHEPAUK-THIRUVALLIKENI,34,IND,No,10th Pass,,,1,0 ~,0,,,,1,0 ~,0,,Y,0
450,http://myneta.info/TamilNadu2026/candidate.php?candidate_id=450,Mohamed Meera. A,12,CHEPAUK-THIRUVALLIKENI,56,IND,No,Others,,,1,0 ~,0,,,,1,0 ~,0,,Y,0
3000,http://myneta.info/TamilNadu2026/candidate.php?candidate_id=3000,Mohammed Yasser,12,CHEPAUK-THIRUVALLIKENI,40,BSP,No,Illiterate,,,1,0 ~,0,,,,1,0 ~,0,,Y,0
3015,http://myneta.info/TamilNadu2026/candidate.php?candidate_id=3015,Rajasekar. S,12,CHEPAUK-THIRUVALLIKENI,41,IND,No,Graduate,,,1,0 ~,0,,,,1,0 ~,0,,Y,0
3016,http://myneta.info/TamilNadu2026/candidate.php?candidate_id=3016,Rajeshkumar. K,12,CHEPAUK-THIRUVALLIKENI,34,IND,No,Graduate Professional,,,1,0 ~,0,,,,1,0 ~,0,,Y,0
3008,http://myneta.info/TamilNadu2026/candidate.php?candidate_id=3008,Saamy. S.K. Dr,12,CHEPAUK-THIRUVALLIKENI,48,IND,Yes 3,Doctorate,,,1,"1,60,00,000 ~ 1 Crore+",16000000,,,,1,0 ~,0,,Y,4
448,http://myneta.info/TamilNadu2026/candidate.php?candidate_id=448,Seenivasan. L,12,CHEPAUK-THIRUVALLIKENI,56,IND,No,12th Pass,,,1,"13,00,000 ~ 13 Lacs+",1300000,,,,1,"14,30,000 ~ 14 Lacs+",1430000,,Y,0
3019,http://myneta.info/TamilNadu2026/candidate.php?candidate_id=3019,Selvam Alias Harinarayanan,12,CHEPAUK-THIRUVALLIKENI,33,IND,No,Graduate Professional,,,1,0 ~,0,,,,1,0 ~,0,,Y,0
3018,http://myneta.info/TamilNadu2026/candidate.php?candidate_id=3018,Selvam Alias Venkatesh,12,CHEPAUK-THIRUVALLIKENI,32,IND,No,8th Pass,,,1,"63,50,000 ~ 63 Lacs+",6350000,,,,1,"64,69,360 ~ 64 Lacs+",6469360,,Y,0
3002,http://myneta.info/TamilNadu2026/candidate.php?candidate_id=3002,Selvam. D,12,CHEPAUK-THIRUVALLIKENI,61,Tamilaga Vettri Kazhagam,No,Post Graduate,,,1,"91,00,000 ~ 91 Lacs+",9100000,,,,1,0 ~,0,,Y,0
3009,http://myneta.info/TamilNadu2026/candidate.php?candidate_id=3009,Selvam. K S/O Karuppannan,12,CHEPAUK-THIRUVALLIKENI,50,IND,No,Graduate,,,1,"50,00,000 ~ 50 Lacs+",5000000,,,,1,"25,00,000 ~ 25 Lacs+",2500000,,Y,0
3010,http://myneta.info/TamilNadu2026/candidate.php?candidate_id=3010,Selvam. K S/O V. Kanniappan,12,CHEPAUK-THIRUVALLIKENI,42,IND,No,Literate,,,1,0 ~,0,,,,1,0 ~,0,,Y,0
3011,http://myneta.info/TamilNadu2026/candidate.php?candidate_id=3011,Syeed Layak Bhasha,12,CHEPAUK-THIRUVALLIKENI,29,IND,No,8th Pass,,,1,0 ~,0,,,,1,"36,000 ~ 36 Thou+",36000,,Y,0
266,http://myneta.info/TamilNadu2026/candidate.php?candidate_id=266,Udhayanidhi Stalin,12,CHEPAUK-THIRUVALLIKENI,48,DMK,Yes 9,Graduate,,,1,"7,72,24,933 ~ 7 Crore+",77224933,,,,1,"1,55,000 ~ 1 Lacs+",155000,,Y,20
3017,http://myneta.info/TamilNadu2026/candidate.php?candidate_id=3017,Vijaya Kumar. B,12,CHEPAUK-THIRUVALLIKENI,43,IND,No,Graduate Professional,,,1,0 ~,0,,,,1,0 ~,0,,Y,0
2141,http://myneta.info/TamilNadu2026/candidate.php?candidate_id=2141,Dhanasekaran.V,13,THOUSAND LIGHTS,51,IND,No,12th Pass,,,1,0 ~,0,,,,1,0 ~,0,,Y,0
862,http://myneta.info/TamilNadu2026/candidate.php?candidate_id=862,Ezhilan Naganathan,13,THOUSAND LIGHTS,46,DMK,No,Post Graduate,,,1,"10,00,000 ~ 10 Lacs+",1000000,,,,1,0 ~,0,,Y,0
294,http://myneta.info/TamilNadu2026/candidate.php?candidate_id=294,Kalanchiyam.Mu,13,THOUSAND LIGHTS,58,Naam Tamilar Katchi,Yes 2,Graduate,,,1,"2,20,000 ~ 2 Lacs+",220000,,,,1,0 ~,0,,Y,3
2139,http://myneta.info/TamilNadu2026/candidate.php?candidate_id=2139,Karthikeyan.S,13,THOUSAND LIGHTS,33,IND,No,10th Pass,,,1,0 ~,0,,,,1,0 ~,0,,Y,0
2138,http://myneta.info/TamilNadu2026/candidate.php?candidate_id=2138,Mohamed Ghouse.H,13,THOUSAND LIGHTS,43,Tamizhaga Vaazhvurimai Katchi,No,Post Graduate,,,1,"14,25,500 ~ 14 Lacs+",1425500,,,,1,"11,16,706 ~ 11 Lacs+",1116706,,Y,0
2146,http://myneta.info/TamilNadu2026/candidate.php?candidate_id=2146,Muniyan.E,13,THOUSAND LIGHTS,49,IND,No,8th Pass,,,1,0 ~,0,,,,1,0 ~,0,,Y,0
2142,http://myneta.info/TamilNadu2026/candidate.php?candidate_id=2142,Pachaiyappan.E,13,THOUSAND LIGHTS,58,IND,No,8th Pass,,,1,0 ~,0,,,,1,0 ~,0,,Y,0
863,http://myneta.info/TamilNadu2026/candidate.php?candidate_id=863,Prabhakar.J.C.D,13,THOUSAND LIGHTS,73,Tamilaga Vettri Kazhagam,Yes 1,Graduate Professional,,,1,"7,61,56,000 ~ 7 Crore+",76156000,,,,1,"2,51,20,360 ~ 2 Crore+",25120360,,Y,3
2144,http://myneta.info/TamilNadu2026/candidate.php?candidate_id=2144,Prabhakaran.B,13,THOUSAND LIGHTS,38,IND,No,8th Pass,,,1,0 ~,0,,,,1,0 ~,0,,Y,0
2143,http://myneta.info/TamilNadu2026/candidate.php?candidate_id=2143,Prabhakaran.T,13,THOUSAND LIGHTS,55,IND,No,10th Pass,,,1,0 ~,0,,,,1,0 ~,0,,Y,0
2145,http://myneta.info/TamilNadu2026/candidate.php?candidate_id=2145,Prabhakaran.V,13,THOUSAND LIGHTS,30,IND,No,Others,,,1,0 ~,0,,,,1,0 ~,0,,Y,0
864,http://myneta.info/TamilNadu2026/candidate.php?candidate_id=864,Sathya.A,13,THOUSAND LIGHTS,29,IND,No,12th Pass,,,1,"1,66,24,000 ~ 1 Crore+",16624000,,,,1,"3,62,53,755 ~ 3 Crore+",36253755,,Y,0
2140,http://myneta.info/TamilNadu2026/candidate.php?candidate_id=2140,Shankar.V,13,THOUSAND LIGHTS,56,IND,No,10th Pass,,,1,0 ~,0,,,,1,0 ~,0,,Y,0
451,http://myneta.info/TamilNadu2026/candidate.php?candidate_id=451,Sundara Raju.A,13,THOUSAND LIGHTS,71,IND,No,Post Graduate,,,1,"27,00,000 ~ 27 Lacs+",2700000,,,,1,0 ~,0,,Y,0
1275,http://myneta.info/TamilNadu2026/candidate.php?candidate_id=1275,Valarmathi.B,13,THOUSAND LIGHTS,68,AIADMK,Yes 2,10th Pass,,,1,"12,56,82,156 ~ 12 Crore+",125682156,,,,1,0 ~,0,,Y,0
2147,http://myneta.info/TamilNadu2026/candidate.php?candidate_id=2147,Valarmathi.E,13,THOUSAND LIGHTS,62,IND,No,8th Pass,,,1,0 ~,0,,,,1,0 ~,0,,N,0
2148,http://myneta.info/TamilNadu2026/candidate.php?candidate_id=2148,Valarmathy.D,13,THOUSAND LIGHTS,49,IND,No,8th Pass,,,1,0 ~,0,,,,1,0 ~,0,,Y,0
2149,http://myneta.info/TamilNadu2026/candidate.php?candidate_id=2149,Vijay.D,13,THOUSAND LIGHTS,43,IND,No,12th Pass,,,1,0 ~,0,,,,1,0 ~,0,,Y,0
418,http://myneta.info/TamilNadu2026/candidate.php?candidate_id=418,B.Anand,14,ANNA NAGAR,42,Thakkam Katchi,No,10th Pass,,,1,"1,20,500 ~ 1 Lacs+",120500,,,,1,"83,940 ~ 83 Thou+",83940,,Y,0
3378,http://myneta.info/TamilNadu2026/candidate.php?candidate_id=3378,E.V.S.Rajakumar Naidu,14,ANNA NAGAR,52,Tamil Telugu National Party,No,Post Graduate,,,1,"3,00,00,000 ~ 3 Crore+",30000000,,,,1,0 ~,0,,Y,0
3382,http://myneta.info/TamilNadu2026/candidate.php?candidate_id=3382,G Omprakash,14,ANNA NAGAR,51,IND,No,Graduate Professional,,,1,0 ~,0,,,,1,0 ~,0,,Y,0
3385,http://myneta.info/TamilNadu2026/candidate.php?candidate_id=3385,G.Siva Kumar,14,ANNA NAGAR,46,IND,No,Post Graduate,,,1,0 ~,0,,,,1,0 ~,0,,Y,0
415,http://myneta.info/TamilNadu2026/candidate.php?candidate_id=415,J Nagaraj,14,ANNA NAGAR,48,IND,No,Others,,,1,"40,00,000 ~ 40 Lacs+",4000000,,,,1,0 ~,0,,Y,0
413,http://myneta.info/TamilNadu2026/candidate.php?candidate_id=413,Janarthanan P,14,ANNA NAGAR,33,IND,No,Graduate Professional,,,1,0 ~,0,,,,1,"1,36,450 ~ 1 Lacs+",136450,,Y,0
3383,http://myneta.info/TamilNadu2026/candidate.php?candidate_id=3383,L Kasinathan,14,ANNA NAGAR,69,IND,No,Graduate Professional,,,1,"50,00,000 ~ 50 Lacs+",5000000,,,,1,0 ~,0,,Y,0
417,http://myneta.info/TamilNadu2026/candidate.php?candidate_id=417,L Narendran,14,ANNA NAGAR,58,IND,No,10th Pass,,,1,0 ~,0,,,,1,0 ~,0,,Y,0
3391,http://myneta.info/TamilNadu2026/candidate.php?candidate_id=3391,M Harishankar,14,ANNA NAGAR,50,IND,No,Others,,,1,0 ~,0,,,,1,0 ~,0,,Y,0
3387,http://myneta.info/TamilNadu2026/candidate.php?candidate_id=3387,M Manoharan,14,ANNA NAGAR,52,IND,No,5th Pass,,,1,0 ~,0,,,,1,0 ~,0,,Y,0
3386,http://myneta.info/TamilNadu2026/candidate.php?candidate_id=3386,M Selvamuthukumar,14,ANNA NAGAR,54,IND,No,Graduate,,,1,0 ~,0,,,,1,0 ~,0,,Y,0
3388,http://myneta.info/TamilNadu2026/candidate.php?candidate_id=3388,Mohammed Bilal Fathick,14,ANNA NAGAR,34,IND,No,Graduate Professional,,,1,0 ~,0,,,,1,0 ~,0,,Y,0
1408,http://myneta.info/TamilNadu2026/candidate.php?candidate_id=1408,N.Chitrarasu,14,ANNA NAGAR,47,DMK,No,Post Graduate,,,1,"13,73,64,160 ~ 13 Crore+",137364160,,,,1,"15,13,67,871 ~ 15 Crore+",151367871,,Y,0
3379,http://myneta.info/TamilNadu2026/candidate.php?candidate_id=3379,N.P.Rajha,14,ANNA NAGAR,53,Naam Indiar Party,No,Post Graduate,,,1,"11,48,06,539 ~ 11 Crore+",114806539,,,,1,"3,19,62,861 ~ 3 Crore+",31962861,,Y,0
414,http://myneta.info/TamilNadu2026/candidate.php?candidate_id=414,Rajendiran Naidu,14,ANNA NAGAR,68,IND,No,Post Graduate,,,1,"2,35,00,000 ~ 2 Crore+",23500000,,,,1,0 ~,0,,Y,0
3389,http://myneta.info/TamilNadu2026/candidate.php?candidate_id=3389,Ramamoorthy E,14,ANNA NAGAR,44,IND,No,Graduate Professional,,,1,0 ~,0,,,,1,0 ~,0,,Y,0
3381,http://myneta.info/TamilNadu2026/candidate.php?candidate_id=3381,S Ansar Ali,14,ANNA NAGAR,54,IND,No,Illiterate,,,1,0 ~,0,,,,1,0 ~,0,,Y,0
3384,http://myneta.info/TamilNadu2026/candidate.php?candidate_id=3384,S Sathish Kumar,14,ANNA NAGAR,36,IND,No,Graduate Professional,,,1,0 ~,0,,,,1,0 ~,0,,Y,0
3390,http://myneta.info/TamilNadu2026/candidate.php?candidate_id=3390,S Vinesh Kumar,14,ANNA NAGAR,38,IND,No,Graduate,,,1,0 ~,0,,,,1,0 ~,0,,Y,0
3377,http://myneta.info/TamilNadu2026/candidate.php?candidate_id=3377,S.Dhayalan,14,ANNA NAGAR,50,Thamizhaga Munnetra Congress,No,8th Pass,,,1,0 ~,0,,,,1,0 ~,0,,Y,0
1143,http://myneta.info/TamilNadu2026/candidate.php?candidate_id=1143,S.Gokula Indira,14,ANNA NAGAR,59,AIADMK,Yes 3,Post Graduate,,,1,"7,87,24,050 ~ 7 Crore+",78724050,,,,1,"8,32,81,034 ~ 8 Crore+",83281034,,Y,0
855,http://myneta.info/TamilNadu2026/candidate.php?candidate_id=855,S.Shankar,14,ANNA NAGAR,53,Naam Tamilar Katchi,No,Graduate Professional,,,1,"55,00,000 ~ 55 Lacs+",5500000,,,,1,"14,71,000 ~ 14 Lacs+",1471000,,Y,0
3380,http://myneta.info/TamilNadu2026/candidate.php?candidate_id=3380,T S Habeeb Mohammad,14,ANNA NAGAR,36,IND,No,8th Pass,,,1,0 ~,0,,,,1,0 ~,0,,Y,0
416,http://myneta.info/TamilNadu2026/candidate.php?candidate_id=416,V.K.Ramkumar,14,ANNA NAGAR,45,Tamilaga Vettri Kazhagam,No,Post Graduate,,,1,"25,75,00,000 ~ 25 Crore+",257500000,,,,1,"18,81,60,414 ~ 18 Crore+",188160414,,Y,0
3983,http://myneta.info/TamilNadu2026/candidate.php?candidate_id=3983,Alex Pandian.K,15,VIRUGAMPAKKAM,27,IND,No,Graduate Professional,,,1,"5,00,000 ~ 5 Lacs+",500000,,,,1,0 ~,0,,Y,0
379,http://myneta.info/TamilNadu2026/candidate.php?candidate_id=379,Balamurugan.P,15,VIRUGAMPAKKAM,41,Naam Indiar Party,No,Graduate,,,1,"30,00,000 ~ 30 Lacs+",3000000,,,,1,0 ~,0,,Y,0
3987,http://myneta.info/TamilNadu2026/candidate.php?candidate_id=3987,Chandra Sekar.K,15,VIRUGAMPAKKAM,44,IND,No,12th Pass,,,1,0 ~,0,,,,1,0 ~,0,,Y,0
3990,http://myneta.info/TamilNadu2026/candidate.php?candidate_id=3990,Dineshkumar.N,15,VIRUGAMPAKKAM,34,IND,No,Graduate Professional,,,1,"1,11,77,000 ~ 1 Crore+",11177000,,,,1,"13,34,451 ~ 13 Lacs+",1334451,,Y,0
230,http://myneta.info/TamilNadu2026/candidate.php?candidate_id=230,Esakkimuthunadar.P,15,VIRUGAMPAKKAM,68,IND,No,Illiterate,,,1,0 ~,0,,,,1,0 ~,0,,Y,0
3984,http://myneta.info/TamilNadu2026/candidate.php?candidate_id=3984,Ezhilraj.D,15,VIRUGAMPAKKAM,35,IND,No,Post Graduate,,,1,0 ~,0,,,,1,"15,18,800 ~ 15 Lacs+",1518800,,Y,0
3986,http://myneta.info/TamilNadu2026/candidate.php?candidate_id=3986,Gopinath.G,15,VIRUGAMPAKKAM,37,IND,No,Graduate Professional,,,1,0 ~,0,,,,1,"1,79,815 ~ 1 Lacs+",179815,,Y,0
869,http://myneta.info/TamilNadu2026/candidate.php?candidate_id=869,Jagadish.S,15,VIRUGAMPAKKAM,28,Republican Party of India (Athawale),Yes 1,12th Pass,,,1,0 ~,0,,,,1,0 ~,0,,Y,1
3985,http://myneta.info/TamilNadu2026/candidate.php?candidate_id=3985,Karthick.M,15,VIRUGAMPAKKAM,32,IND,No,Post Graduate,,,1,0 ~,0,,,,1,"1,99,461 ~ 1 Lacs+",199461,,Y,0
377,http://myneta.info/TamilNadu2026/candidate.php?candidate_id=377,Kumar.S,15,VIRUGAMPAKKAM,57,IND,No,12th Pass,,,1,"33,00,200 ~ 33 Lacs+",3300200,,,,1,0 ~,0,,Y,0
231,http://myneta.info/TamilNadu2026/candidate.php?candidate_id=231,Lukmanbabu.S,15,VIRUGAMPAKKAM,53,IND,No,8th Pass,,,1,"8,00,000 ~ 8 Lacs+",800000,,,,1,0 ~,0,,Y,0
870,http://myneta.info/TamilNadu2026/candidate.php?candidate_id=870,Muthuraj.T,15,VIRUGAMPAKKAM,41,Tamizhaga Vaazhvurimai Katchi,No,5th Pass,,,1,"1,29,00,000 ~ 1 Crore+",12900000,,,,1,"41,22,000 ~ 41 Lacs+",4122000,,Y,0
1328,http://myneta.info/TamilNadu2026/candidate.php?candidate_id=1328,Prabhakara Raja.A.M.V,15,VIRUGAMPAKKAM,38,DMK,Yes 1,Post Graduate,,,1,"3,35,35,000 ~ 3 Crore+",33535000,,,,1,"2,82,23,579 ~ 2 Crore+",28223579,,Y,0
3991,http://myneta.info/TamilNadu2026/candidate.php?candidate_id=3991,Rangaraj.G,15,VIRUGAMPAKKAM,49,IND,No,12th Pass,,,1,0 ~,0,,,,1,"6,48,375 ~ 6 Lacs+",648375,,Y,0
3992,http://myneta.info/TamilNadu2026/candidate.php?candidate_id=3992,Ravikumar,15,VIRUGAMPAKKAM,47,IND,No,Graduate Professional,,,1,"1,51,00,000 ~ 1 Crore+",15100000,,,,1,"40,00,000 ~ 40 Lacs+",4000000,,Y,0
3982,http://myneta.info/TamilNadu2026/candidate.php?candidate_id=3982,Roy George,15,VIRUGAMPAKKAM,63,Anna Puratchi Thalaivar Amma Dravida Munnetra Kazhagam,No,Others,,,1,"1,20,00,000 ~ 1 Crore+",12000000,,,,1,0 ~,0,,Y,0
3988,http://myneta.info/TamilNadu2026/candidate.php?candidate_id=3988,Sabarinathan.P,15,VIRUGAMPAKKAM,40,IND,No,8th Pass,,,1,0 ~,0,,,,1,0 ~,0,,N,0
1330,http://myneta.info/TamilNadu2026/candidate.php?candidate_id=1330,Sabarinathan.R,15,VIRUGAMPAKKAM,30,Tamilaga Vettri Kazhagam,No,Graduate Professional,,,1,"3,00,000 ~ 3 Lacs+",300000,,,,1,0 ~,0,,Y,0
378,http://myneta.info/TamilNadu2026/candidate.php?candidate_id=378,Sankar.E,15,VIRUGAMPAKKAM,54,IND,No,10th Pass,,,1,"2,14,85,000 ~ 2 Crore+",21485000,,,,1,"40,49,000 ~ 40 Lacs+",4049000,,Y,0
226,http://myneta.info/TamilNadu2026/candidate.php?candidate_id=226,Santhosh,15,VIRUGAMPAKKAM,37,Naam Tamilar Katchi,Yes 2,12th Pass,,,1,0 ~,0,,,,1,"10,89,921 ~ 10 Lacs+",1089921,,Y,2
3989,http://myneta.info/TamilNadu2026/candidate.php?candidate_id=3989,Srinivasan.M,15,VIRUGAMPAKKAM,35,IND,No,Post Graduate,,,1,0 ~,0,,,,1,0 ~,0,,Y,0
3981,http://myneta.info/TamilNadu2026/candidate.php?candidate_id=3981,Sureshbabu.T.M,15,VIRUGAMPAKKAM,64,Tamil Telugu National Party,No,12th Pass,,,1,"85,30,000 ~ 85 Lacs+",8530000,,,,1,0 ~,0,,Y,0
3993,http://myneta.info/TamilNadu2026/candidate.php?candidate_id=3993,Venkatesan.C,15,VIRUGAMPAKKAM,35,IND,No,8th Pass,,,1,0 ~,0,,,,1,0 ~,0,,Y,0
1329,http://myneta.info/TamilNadu2026/candidate.php?candidate_id=1329,Virugai V.N.Ravi,15,VIRUGAMPAKKAM,63,AIADMK,Yes 4,Graduate,,,1,"9,31,26,940 ~ 9 Crore+",93126940,,,,1,"2,01,99,070 ~ 2 Crore+",20199070,,Y,1
2637,http://myneta.info/TamilNadu2026/candidate.php?candidate_id=2637,Anand. S,16,SAIDAPET,54,IND,No,12th Pass,,,1,0 ~,0,,,,1,"28,00,000 ~ 28 Lacs+",2800000,,Y,0
858,http://myneta.info/TamilNadu2026/candidate.php?candidate_id=858,Arul Prakasam. M,16,SAIDAPET,44,Tamilaga Vettri Kazhagam,No,10th Pass,,,1,"75,00,000 ~ 75 Lacs+",7500000,,,,1,"18,57,994 ~ 18 Lacs+",1857994,,Y,0
2644,http://myneta.info/TamilNadu2026/candidate.php?candidate_id=2644,Gingston. M,16,SAIDAPET,31,IND,No,Post Graduate,,,1,0 ~,0,,,,1,0 ~,0,,Y,0
2638,http://myneta.info/TamilNadu2026/candidate.php?candidate_id=2638,Kandhasamy. R Alias Babu,16,SAIDAPET,57,IND,No,8th Pass,,,1,0 ~,0,,,,1,0 ~,0,,Y,0
767,http://myneta.info/TamilNadu2026/candidate.php?candidate_id=767,Kumaran. G.P,16,SAIDAPET,45,BSP,No,12th Pass,,,1,0 ~,0,,,,1,"16,72,000 ~ 16 Lacs+",1672000,,Y,0
2636,http://myneta.info/TamilNadu2026/candidate.php?candidate_id=2636,Parthiban. S,16,SAIDAPET,59,MGR Makkal Katchi,No,10th Pass,,,1,0 ~,0,,,,1,0 ~,0,,Y,0
2639,http://myneta.info/TamilNadu2026/candidate.php?candidate_id=2639,Prasad. N,16,SAIDAPET,31,IND,No,Post Graduate,,,1,0 ~,0,,,,1,0 ~,0,,Y,0
2640,http://myneta.info/TamilNadu2026/candidate.php?candidate_id=2640,Prithviraj. A,16,SAIDAPET,47,IND,No,10th Pass,,,1,0 ~,0,,,,1,0 ~,0,,Y,0
2642,http://myneta.info/TamilNadu2026/candidate.php?candidate_id=2642,Raja. R,16,SAIDAPET,68,IND,No,8th Pass,,,1,0 ~,0,,,,1,0 ~,0,,Y,0
766,http://myneta.info/TamilNadu2026/candidate.php?candidate_id=766,Senthamizhan. G,16,SAIDAPET,63,Amma Makkal Munnettra Kazagam,No,Post Graduate,,,1,"2,09,00,000 ~ 2 Crore+",20900000,,,,1,"1,24,63,268 ~ 1 Crore+",12463268,,Y,0
2635,http://myneta.info/TamilNadu2026/candidate.php?candidate_id=2635,Soundararajan. N,16,SAIDAPET,35,Naam Indiar Party,No,Post Graduate,,,1,"32,50,000 ~ 32 Lacs+",3250000,,,,1,"37,86,383 ~ 37 Lacs+",3786383,,Y,0
140,http://myneta.info/TamilNadu2026/candidate.php?candidate_id=140,Srividya. G,16,SAIDAPET,46,Naam Tamilar Katchi,No,Graduate,,,1,"91,00,000 ~ 91 Lacs+",9100000,,,,1,"59,45,000 ~ 59 Lacs+",5945000,,Y,0
141,http://myneta.info/TamilNadu2026/candidate.php?candidate_id=141,Subramanian. Ma,16,SAIDAPET,66,DMK,Yes 1,Graduate Professional,,,1,"45,00,000 ~ 45 Lacs+",4500000,,,,1,0 ~,0,,Y,2
2643,http://myneta.info/TamilNadu2026/candidate.php?candidate_id=2643,Valarmathi. P,16,SAIDAPET,47,IND,No,12th Pass,,,1,"8,00,000 ~ 8 Lacs+",800000,,,,1,"2,21,400 ~ 2 Lacs+",221400,,Y,0
2641,http://myneta.info/TamilNadu2026/candidate.php?candidate_id=2641,Yogaprakash. B,16,SAIDAPET,28,IND,No,Graduate,,,1,0 ~,0,,,,1,0 ~,0,,Y,0
3912,http://myneta.info/TamilNadu2026/candidate.php?candidate_id=3912,Abukither M,18,THIYAGARAYANAGAR,58,IND,No,10th Pass,,,1,0 ~,0,,,,1,0 ~,0,,Y,0
177,http://myneta.info/TamilNadu2026/candidate.php?candidate_id=177,Anand N,18,THIYAGARAYANAGAR,62,Tamilaga Vettri Kazhagam,Yes 3,8th Pass,,,1,"3,81,50,000 ~ 3 Crore+",38150000,,,,1,"3,58,13,970 ~ 3 Crore+",35813970,,Y,0
453,http://myneta.info/TamilNadu2026/candidate.php?candidate_id=453,Anusha V,18,THIYAGARAYANAGAR,41,Naam Tamilar Katchi,No,Post Graduate,,,1,"1,00,00,000 ~ 1 Crore+",10000000,,,,1,0 ~,0,,Y,0
3913,http://myneta.info/TamilNadu2026/candidate.php?candidate_id=3913,Aravind Gosh Y T,18,THIYAGARAYANAGAR,49,IND,No,Graduate Professional,,,1,"16,08,00,000 ~ 16 Crore+",160800000,,,,1,"94,25,332 ~ 94 Lacs+",9425332,,Y,0
3920,http://myneta.info/TamilNadu2026/candidate.php?candidate_id=3920,Badri S,18,THIYAGARAYANAGAR,43,IND,No,Graduate Professional,,,1,0 ~,0,,,,1,"18,36,920 ~ 18 Lacs+",1836920,,Y,0
3921,http://myneta.info/TamilNadu2026/candidate.php?candidate_id=3921,Balaji S,18,THIYAGARAYANAGAR,27,IND,No,Graduate Professional,,,1,0 ~,0,,,,1,0 ~,0,,Y,0
3914,http://myneta.info/TamilNadu2026/candidate.php?candidate_id=3914,Easan Natarajan T,18,THIYAGARAYANAGAR,42,IND,No,Post Graduate,,,1,0 ~,0,,,,1,"6,13,647 ~ 6 Lacs+",613647,,Y,0
3917,http://myneta.info/TamilNadu2026/candidate.php?candidate_id=3917,Gnanasekaran G,18,THIYAGARAYANAGAR,41,IND,No,5th Pass,,,1,0 ~,0,,,,1,0 ~,0,,N,0
3929,http://myneta.info/TamilNadu2026/candidate.php?candidate_id=3929,Jayavel,18,THIYAGARAYANAGAR,40,IND,No,Post Graduate,,,1,"6,00,000 ~ 6 Lacs+",600000,,,,1,0 ~,0,,Y,0
3930,http://myneta.info/TamilNadu2026/candidate.php?candidate_id=3930,Jothiraj G M,18,THIYAGARAYANAGAR,49,IND,No,5th Pass,,,1,0 ~,0,,,,1,0 ~,0,,Y,0
3915,http://myneta.info/TamilNadu2026/candidate.php?candidate_id=3915,Kumar Sri Sri B,18,THIYAGARAYANAGAR,49,IND,No,Illiterate,,,1,0 ~,0,,,,1,0 ~,0,,Y,0
3924,http://myneta.info/TamilNadu2026/candidate.php?candidate_id=3924,Manikandan N,18,THIYAGARAYANAGAR,49,IND,No,Graduate,,,1,"1,90,00,000 ~ 1 Crore+",19000000,,,,1,"70,48,296 ~ 70 Lacs+",7048296,,Y,0
3923,http://myneta.info/TamilNadu2026/candidate.php?candidate_id=3923,Manikandan T,18,THIYAGARAYANAGAR,36,IND,No,8th Pass,,,1,0 ~,0,,,,1,0 ~,0,,Y,0
3925,http://myneta.info/TamilNadu2026/candidate.php?candidate_id=3925,Moorthy N,18,THIYAGARAYANAGAR,44,IND,No,8th Pass,,,1,0 ~,0,,,,1,"80,000 ~ 80 Thou+",80000,,Y,0
3926,http://myneta.info/TamilNadu2026/candidate.php?candidate_id=3926,Mythili C,18,THIYAGARAYANAGAR,43,IND,No,Graduate Professional,,,1,"65,10,000 ~ 65 Lacs+",6510000,,,,1,"52,000 ~ 52 Thou+",52000,,Y,0
3919,http://myneta.info/TamilNadu2026/candidate.php?candidate_id=3919,Padmini Narasimhan,18,THIYAGARAYANAGAR,64,IND,No,10th Pass,,,1,0 ~,0,,,,1,0 ~,0,,Y,0
3922,http://myneta.info/TamilNadu2026/candidate.php?candidate_id=3922,Prasath D,18,THIYAGARAYANAGAR,43,IND,No,10th Pass,,,1,0 ~,0,,,,1,"2,50,000 ~ 2 Lacs+",250000,,Y,0
861,http://myneta.info/TamilNadu2026/candidate.php?candidate_id=861,Raja Anbazhagan,18,THIYAGARAYANAGAR,46,DMK,No,Graduate,,,1,"19,63,31,300 ~ 19 Crore+",196331300,,,,1,"12,91,15,737 ~ 12 Crore+",129115737,,Y,0
455,http://myneta.info/TamilNadu2026/candidate.php?candidate_id=455,Rajesh E,18,THIYAGARAYANAGAR,42,IND,No,8th Pass,,,1,"1,50,000 ~ 1 Lacs+",150000,,,,1,"14,00,000 ~ 14 Lacs+",1400000,,Y,0
3928,http://myneta.info/TamilNadu2026/candidate.php?candidate_id=3928,Ramachandran O N,18,THIYAGARAYANAGAR,30,IND,No,Graduate Professional,,,1,0 ~,0,,,,1,0 ~,0,,Y,0
3927,http://myneta.info/TamilNadu2026/candidate.php?candidate_id=3927,Ramkumar L,18,THIYAGARAYANAGAR,36,IND,No,Graduate Professional,,,1,0 ~,0,,,,1,"3,45,000 ~ 3 Lacs+",345000,,Y,0
456,http://myneta.info/TamilNadu2026/candidate.php?candidate_id=456,Ravi M L,18,THIYAGARAYANAGAR,60,Desiya Makkal Sakthi Katchi,No,Post Graduate,,,1,"90,00,000 ~ 90 Lacs+",9000000,,,,1,"20,00,000 ~ 20 Lacs+",2000000,,Y,0
3916,http://myneta.info/TamilNadu2026/candidate.php?candidate_id=3916,Sathish Kumar B,18,THIYAGARAYANAGAR,42,IND,No,10th Pass,,,1,0 ~,0,,,,1,0 ~,0,,Y,0
1270,http://myneta.info/TamilNadu2026/candidate.php?candidate_id=1270,Sathiyanarayanan B,18,THIYAGARAYANAGAR,62,AIADMK,Yes 8,Graduate,,,1,"34,70,43,340 ~ 34 Crore+",347043340,,,,1,"31,22,11,478 ~ 31 Crore+",312211478,,Y,5
3918,http://myneta.info/TamilNadu2026/candidate.php?candidate_id=3918,Thennarasu P,18,THIYAGARAYANAGAR,46,IND,No,Graduate Professional,,,1,0 ~,0,,,,1,0 ~,0,,Y,0
454,http://myneta.info/TamilNadu2026/candidate.php?candidate_id=454,Vetrivel K,18,THIYAGARAYANAGAR,36,IND,No,Others,,,1,0 ~,0,,,,1,"5,97,203 ~ 5 Lacs+",597203,,Y,0
101,http://myneta.info/TamilNadu2026/candidate.php?candidate_id=101,Arun. R.L,19,MYLAPORE,33,Naam Tamilar Katchi,No,Graduate,,,1,"2,60,00,000 ~ 2 Crore+",26000000,,,,1,"10,70,626 ~ 10 Lacs+",1070626,,Y,0
2043,http://myneta.info/TamilNadu2026/candidate.php?candidate_id=2043,Balaji. V,19,MYLAPORE,45,BSP,No,12th Pass,,,1,0 ~,0,,,,1,0 ~,0,,Y,0
2044,http://myneta.info/TamilNadu2026/candidate.php?candidate_id=2044,Devendran. R,19,MYLAPORE,61,Tamizhaga Murpokku Makkal Katchi,No,Illiterate,,,1,0 ~,0,,,,1,"1,10,000 ~ 1 Lacs+",110000,,Y,0
1350,http://myneta.info/TamilNadu2026/candidate.php?candidate_id=1350,Dr. Tamilisai Soundararajan,19,MYLAPORE,64,BJP,No,Graduate Professional,,,1,"16,55,00,000 ~ 16 Crore+",165500000,,,,1,"6,06,71,918 ~ 6 Crore+",60671918,,Y,0
2057,http://myneta.info/TamilNadu2026/candidate.php?candidate_id=2057,Jayagopi. M,19,MYLAPORE,53,IND,No,Graduate,,,1,0 ~,0,,,,1,0 ~,0,,Y,0
2047,http://myneta.info/TamilNadu2026/candidate.php?candidate_id=2047,Mohanraj. J,19,MYLAPORE,74,Jebamani Janata,No,Graduate,,,1,"1,75,00,000 ~ 1 Crore+",17500000,,,,1,0 ~,0,,Y,0
2046,http://myneta.info/TamilNadu2026/candidate.php?candidate_id=2046,Moorthy. S,19,MYLAPORE,57,Thamizhaga Dravidar Katchi,No,10th Pass,,,1,"1,31,00,000 ~ 1 Crore+",13100000,,,,1,"6,50,000 ~ 6 Lacs+",650000,,Y,0
2045,http://myneta.info/TamilNadu2026/candidate.php?candidate_id=2045,Nagarajan. S,19,MYLAPORE,54,All India Jananayaka Makkal Kazhagam,No,12th Pass,,,1,0 ~,0,,,,1,0 ~,0,,Y,0
2049,http://myneta.info/TamilNadu2026/candidate.php?candidate_id=2049,Parthipan. G,19,MYLAPORE,61,IND,No,8th Pass,,,1,0 ~,0,,,,1,"3,50,000 ~ 3 Lacs+",350000,,Y,0
2050,http://myneta.info/TamilNadu2026/candidate.php?candidate_id=2050,Radhakrishnan. G,19,MYLAPORE,46,IND,No,10th Pass,,,1,"40,00,000 ~ 40 Lacs+",4000000,,,,1,"4,00,000 ~ 4 Lacs+",400000,,Y,0
2051,http://myneta.info/TamilNadu2026/candidate.php?candidate_id=2051,Romanraj. A,19,MYLAPORE,48,IND,No,12th Pass,,,1,0 ~,0,,,,1,"3,00,000 ~ 3 Lacs+",300000,,Y,0
2048,http://myneta.info/TamilNadu2026/candidate.php?candidate_id=2048,Selvamuthu. S,19,MYLAPORE,69,IND,Yes 1,Others,,,1,"70,00,000 ~ 70 Lacs+",7000000,,,,1,"15,46,232 ~ 15 Lacs+",1546232,,Y,0
857,http://myneta.info/TamilNadu2026/candidate.php?candidate_id=857,Velu. Dha,19,MYLAPORE,55,DMK,No,Graduate Professional,,,1,"3,50,00,000 ~ 3 Crore+",35000000,,,,1,"97,76,414 ~ 97 Lacs+",9776414,,Y,0
2056,http://myneta.info/TamilNadu2026/candidate.php?candidate_id=2056,Velu. K,19,MYLAPORE,42,IND,No,8th Pass,,,1,"35,00,000 ~ 35 Lacs+",3500000,,,,1,0 ~,0,,Y,0
2055,http://myneta.info/TamilNadu2026/candidate.php?candidate_id=2055,Venkataraman. B,19,MYLAPORE,57,IND,No,10th Pass,,,1,"5,00,000 ~ 5 Lacs+",500000,,,,1,0 ~,0,,Y,0
100,http://myneta.info/TamilNadu2026/candidate.php?candidate_id=100,Venkataramanan. P,19,MYLAPORE,48,Tamilaga Vettri Kazhagam,No,Post Graduate,,,1,"2,18,00,000 ~ 2 Crore+",21800000,,,,1,"25,50,000 ~ 25 Lacs+",2550000,,Y,0
2054,http://myneta.info/TamilNadu2026/candidate.php?candidate_id=2054,Vijaya Krishna. V,19,MYLAPORE,47,IND,Yes 1,Post Graduate,,,1,0 ~,0,,,,1,0 ~,0,,Y,0
2053,http://myneta.info/TamilNadu2026/candidate.php?candidate_id=2053,Vijayalakshmi. P,19,MYLAPORE,46,IND,No,Graduate Professional,,,1,"2,00,000 ~ 2 Lacs+",200000,,,,1,0 ~,0,,Y,0
2052,http://myneta.info/TamilNadu2026/candidate.php?candidate_id=2052,Vinu Pradha. A,19,MYLAPORE,42,IND,No,Post Graduate,,,1,"50,00,000 ~ 50 Lacs+",5000000,,,,1,"25,00,000 ~ 25 Lacs+",2500000,,Y,0
1675,http://myneta.info/TamilNadu2026/candidate.php?candidate_id=1675,A.Mohammed Gani,20,SHOLINGANALLUR,45,IND,No,8th Pass,,,1,0 ~,0,,,,1,0 ~,0,,Y,0
1671,http://myneta.info/TamilNadu2026/candidate.php?candidate_id=1671,Chandrasekaran,20,SHOLINGANALLUR,41,IND,No,Graduate Professional,,,1,0 ~,0,,,,1,0 ~,0,,Y,0
1673,http://myneta.info/TamilNadu2026/candidate.php?candidate_id=1673,D. Srinivasan,20,SHOLINGANALLUR,46,IND,No,12th Pass,,,1,0 ~,0,,,,1,0 ~,0,,Y,0
1677,http://myneta.info/TamilNadu2026/candidate.php?candidate_id=1677,E. Murali B.A,20,SHOLINGANALLUR,48,IND,No,Graduate,,,1,"30,00,000 ~ 30 Lacs+",3000000,,,,1,0 ~,0,,Y,0
1681,http://myneta.info/TamilNadu2026/candidate.php?candidate_id=1681,E. Vijay,20,SHOLINGANALLUR,31,IND,No,Others,,,1,0 ~,0,,,,1,0 ~,0,,Y,0
851,http://myneta.info/TamilNadu2026/candidate.php?candidate_id=851,Ecr P Saravanan,20,SHOLINGANALLUR,45,Tamilaga Vettri Kazhagam,Yes 3,5th Pass,,,1,0 ~,0,,,,1,"16,94,190 ~ 16 Lacs+",1694190,,Y,0
1682,http://myneta.info/TamilNadu2026/candidate.php?candidate_id=1682,Farmer Jayaraman S K J,20,SHOLINGANALLUR,50,IND,No,12th Pass,,,1,"2,80,39,700 ~ 2 Crore+",28039700,,,,1,"1,43,21,200 ~ 1 Crore+",14321200,,Y,0
1672,http://myneta.info/TamilNadu2026/candidate.php?candidate_id=1672,G Suresh Kumar,20,SHOLINGANALLUR,39,IND,No,Post Graduate,,,1,0 ~,0,,,,1,0 ~,0,,Y,0
1683,http://myneta.info/TamilNadu2026/candidate.php?candidate_id=1683,Jaikumar Balachandran,20,SHOLINGANALLUR,35,IND,No,10th Pass,,,1,0 ~,0,,,,1,0 ~,0,,Y,0
1665,http://myneta.info/TamilNadu2026/candidate.php?candidate_id=1665,K. Vishwanathan,20,SHOLINGANALLUR,40,All India Puratchi Thalaivar Makkal Munnettra Kazhagam,No,Post Graduate,,,1,0 ~,0,,,,1,0 ~,0,,Y,0
1241,http://myneta.info/TamilNadu2026/candidate.php?candidate_id=1241,K.P.Kandan,20,SHOLINGANALLUR,63,AIADMK,Yes 5,8th Pass,,,1,"69,46,36,427 ~ 69 Crore+",694636427,,,,1,"15,00,00,000 ~ 15 Crore+",150000000,,Y,1
1662,http://myneta.info/TamilNadu2026/candidate.php?candidate_id=1662,M. Alexandar,20,SHOLINGANALLUR,43,Naam Indiar Party,No,Graduate,,,1,0 ~,0,,,,1,"5,16,000 ~ 5 Lacs+",516000,,Y,0
1663,http://myneta.info/TamilNadu2026/candidate.php?candidate_id=1663,M. Christhu Dass,20,SHOLINGANALLUR,48,Dravida Jananayaga Makkal Katchi,No,Graduate Professional,,,1,"20,00,000 ~ 20 Lacs+",2000000,,,,1,0 ~,0,,Y,0
1664,http://myneta.info/TamilNadu2026/candidate.php?candidate_id=1664,M.G.Ramu,20,SHOLINGANALLUR,59,Jebamani Janata,No,10th Pass,,,1,"5,00,000 ~ 5 Lacs+",500000,,,,1,0 ~,0,,Y,0
1676,http://myneta.info/TamilNadu2026/candidate.php?candidate_id=1676,Mutharasan,20,SHOLINGANALLUR,39,IND,No,Graduate Professional,,,1,0 ~,0,,,,1,0 ~,0,,Y,0
1674,http://myneta.info/TamilNadu2026/candidate.php?candidate_id=1674,N.Prashantha Rao,20,SHOLINGANALLUR,33,IND,No,Others,,,1,0 ~,0,,,,1,0 ~,0,,Y,0
1670,http://myneta.info/TamilNadu2026/candidate.php?candidate_id=1670,P.Chandra Kanth,20,SHOLINGANALLUR,32,IND,No,Post Graduate,,,1,"1,22,00,000 ~ 1 Crore+",12200000,,,,1,"99,97,859 ~ 99 Lacs+",9997859,,Y,0
151,http://myneta.info/TamilNadu2026/candidate.php?candidate_id=151,R Jayalakshmi,20,SHOLINGANALLUR,39,Naam Tamilar Katchi,No,Post Graduate,,,1,"4,44,23,000 ~ 4 Crore+",44423000,,,,1,"4,63,000 ~ 4 Lacs+",463000,,Y,0
1666,http://myneta.info/TamilNadu2026/candidate.php?candidate_id=1666,R Ravichandran,20,SHOLINGANALLUR,60,IND,No,8th Pass,,,1,"28,00,000 ~ 28 Lacs+",2800000,,,,1,"4,00,000 ~ 4 Lacs+",400000,,N,0
1678,http://myneta.info/TamilNadu2026/candidate.php?candidate_id=1678,R.Yogeshwaran,20,SHOLINGANALLUR,35,IND,No,12th Pass,,,1,0 ~,0,,,,1,0 ~,0,,Y,0
1680,http://myneta.info/TamilNadu2026/candidate.php?candidate_id=1680,Rajesh,20,SHOLINGANALLUR,26,IND,No,Graduate Professional,,,1,0 ~,0,,,,1,0 ~,0,,Y,0
1339,http://myneta.info/TamilNadu2026/candidate.php?candidate_id=1339,S. Aravind Ramesh,20,SHOLINGANALLUR,58,DMK,No,8th Pass,,,1,"44,52,23,610 ~ 44 Crore+",445223610,,,,1,"6,76,75,611 ~ 6 Crore+",67675611,,Y,0
1668,http://myneta.info/TamilNadu2026/candidate.php?candidate_id=1668,S. Karthik,20,SHOLINGANALLUR,30,IND,No,12th Pass,,,1,0 ~,0,,,,1,0 ~,0,,Y,0
1669,http://myneta.info/TamilNadu2026/candidate.php?candidate_id=1669,S.Govindhan,20,SHOLINGANALLUR,45,IND,No,Graduate,,,1,0 ~,0,,,,1,0 ~,0,,Y,0
1661,http://myneta.info/TamilNadu2026/candidate.php?candidate_id=1661,S.Pushna Kumar,20,SHOLINGANALLUR,41,BSP,No,8th Pass,,,1,0 ~,0,,,,1,"2,95,000 ~ 2 Lacs+",295000,,Y,0
1667,http://myneta.info/TamilNadu2026/candidate.php?candidate_id=1667,V. Kandhan,20,SHOLINGANALLUR,46,IND,No,10th Pass,,,1,"30,00,000 ~ 30 Lacs+",3000000,,,,1,"1,50,000 ~ 1 Lacs+",150000,,Y,0
3331,http://myneta.info/TamilNadu2026/candidate.php?candidate_id=3331,A.Thangaraj,21,PALLAVARAM,65,Puthiya Tamilagam,No,Graduate,,,1,"82,50,000 ~ 82 Lacs+",8250000,,,,1,0 ~,0,,Y,0
3334,http://myneta.info/TamilNadu2026/candidate.php?candidate_id=3334,B.Rajeswari,21,PALLAVARAM,50,Naadaalum Makkal Katchi,No,12th Pass,,,1,0 ~,0,,,,1,"26,55,367 ~ 26 Lacs+",2655367,,Y,0
756,http://myneta.info/TamilNadu2026/candidate.php?candidate_id=756,D.Murugesan,21,PALLAVARAM,62,Desiya Murpokku Dravida Kazhagam,No,8th Pass,,,1,"78,00,000 ~ 78 Lacs+",7800000,,,,1,0 ~,0,,Y,0
117,http://myneta.info/TamilNadu2026/candidate.php?candidate_id=117,Dr.R.Karthikeyan,21,PALLAVARAM,38,Naam Tamilar Katchi,No,Post Graduate,,,1,"3,90,15,000 ~ 3 Crore+",39015000,,,,1,"71,93,263 ~ 71 Lacs+",7193263,,Y,0
3345,http://myneta.info/TamilNadu2026/candidate.php?candidate_id=3345,G.John Pandian,21,PALLAVARAM,46,IND,No,12th Pass,,,1,"2,02,140 ~ 2 Lacs+",202140,,,,1,"1,63,000 ~ 1 Lacs+",163000,,Y,0
3332,http://myneta.info/TamilNadu2026/candidate.php?candidate_id=3332,G.Rameshbabu,21,PALLAVARAM,52,Indhu Dravida Makkal Katchi,Yes 2,12th Pass,,,1,"1,10,00,000 ~ 1 Crore+",11000000,,,,1,"25,75,000 ~ 25 Lacs+",2575000,,Y,1
302,http://myneta.info/TamilNadu2026/candidate.php?candidate_id=302,J.Kamatchi,21,PALLAVARAM,44,Tamilaga Vettri Kazhagam,No,12th Pass,,,1,"1,05,08,37,656 ~ 105 Crore+",1050837656,,,,1,"47,90,10,874 ~ 47 Crore+",479010874,,Y,0
3330,http://myneta.info/TamilNadu2026/candidate.php?candidate_id=3330,M.L.Ravi,21,PALLAVARAM,60,Desiya Makkal Sakthi Katchi,No,Post Graduate,,,1,"90,00,000 ~ 90 Lacs+",9000000,,,,1,"20,00,000 ~ 20 Lacs+",2000000,,Y,0
3338,http://myneta.info/TamilNadu2026/candidate.php?candidate_id=3338,M.Sivakumar,21,PALLAVARAM,34,IND,No,12th Pass,,,1,"1,75,00,000 ~ 1 Crore+",17500000,,,,1,0 ~,0,,Y,0
304,http://myneta.info/TamilNadu2026/candidate.php?candidate_id=304,N.Bharathi,21,PALLAVARAM,25,BSP,No,Graduate,,,1,0 ~,0,,,,1,0 ~,0,,Y,0
3342,http://myneta.info/TamilNadu2026/candidate.php?candidate_id=3342,N.Ramkumar,21,PALLAVARAM,35,IND,No,Others,,,1,"80,00,000 ~ 80 Lacs+",8000000,,,,1,"1,50,000 ~ 1 Lacs+",150000,,Y,0
3341,http://myneta.info/TamilNadu2026/candidate.php?candidate_id=3341,P.Ravichandran,21,PALLAVARAM,47,IND,No,Graduate Professional,,,1,"12,00,000 ~ 12 Lacs+",1200000,,,,1,0 ~,0,,Y,0
303,http://myneta.info/TamilNadu2026/candidate.php?candidate_id=303,R.Jawahar,21,PALLAVARAM,61,IND,No,Post Graduate,,,1,"39,30,000 ~ 39 Lacs+",3930000,,,,1,0 ~,0,,Y,0
3340,http://myneta.info/TamilNadu2026/candidate.php?candidate_id=3340,R.Muthukumar,21,PALLAVARAM,49,IND,No,10th Pass,,,1,0 ~,0,,,,1,0 ~,0,,Y,0
3335,http://myneta.info/TamilNadu2026/candidate.php?candidate_id=3335,R.Rajkumar,21,PALLAVARAM,56,All India Puratchi Thalaivar Makkal Munnettra Kazhagam,No,Literate,,,1,"1,00,00,000 ~ 1 Crore+",10000000,,,,1,"32,00,000 ~ 32 Lacs+",3200000,,Y,0
3343,http://myneta.info/TamilNadu2026/candidate.php?candidate_id=3343,Rajesh T R,21,PALLAVARAM,33,IND,No,Graduate Professional,,,1,0 ~,0,,,,1,0 ~,0,,Y,0
3333,http://myneta.info/TamilNadu2026/candidate.php?candidate_id=3333,S.Rahamathulla,21,PALLAVARAM,36,Tamizhaga Vaazhvurimai Katchi,Yes 1,Others,,,1,0 ~,0,,,,1,0 ~,0,,Y,0
3337,http://myneta.info/TamilNadu2026/candidate.php?candidate_id=3337,S.Sathiyaraj,21,PALLAVARAM,31,IND,No,Graduate,,,1,0 ~,0,,,,1,"2,58,183 ~ 2 Lacs+",258183,,Y,0
3339,http://myneta.info/TamilNadu2026/candidate.php?candidate_id=3339,S.Sundaramoorthy Pandiyar,21,PALLAVARAM,61,IND,No,12th Pass,,,1,"5,00,000 ~ 5 Lacs+",500000,,,,1,"3,01,000 ~ 3 Lacs+",301000,,Y,0
3344,http://myneta.info/TamilNadu2026/candidate.php?candidate_id=3344,S.Vetri Vel,21,PALLAVARAM,30,IND,No,Others,,,1,0 ~,0,,,,1,"21,500 ~ 21 Thou+",21500,,Y,0
3329,http://myneta.info/TamilNadu2026/candidate.php?candidate_id=3329,T.Amirtha Kanthan,21,PALLAVARAM,44,Naam Indiar Party,No,Others,,,1,"25,50,000 ~ 25 Lacs+",2550000,,,,1,"18,00,000 ~ 18 Lacs+",1800000,,Y,0
755,http://myneta.info/TamilNadu2026/candidate.php?candidate_id=755,V.Venkatesan,21,PALLAVARAM,54,AIADMK,No,Doctorate,,,1,"57,73,52,000 ~ 57 Crore+",577352000,,,,1,"9,15,16,760 ~ 9 Crore+",91516760,,Y,0
854,http://myneta.info/TamilNadu2026/candidate.php?candidate_id=854,C.Rajendran,22,TAMBARAM,65,AIADMK,Yes 1,Graduate Professional,,,1,"17,11,33,791 ~ 17 Crore+",171133791,,,,1,"34,86,165 ~ 34 Lacs+",3486165,,Y,0
503,http://myneta.info/TamilNadu2026/candidate.php?candidate_id=503,D.Sarathkumar,22,TAMBARAM,34,Tamilaga Vettri Kazhagam,Yes 1,Graduate Professional,,,1,"3,13,61,900 ~ 3 Crore+",31361900,,,,1,"10,00,000 ~ 10 Lacs+",1000000,,Y,0
502,http://myneta.info/TamilNadu2026/candidate.php?candidate_id=502,M. Jacob,22,TAMBARAM,48,IND,No,12th Pass,,,1,"4,00,000 ~ 4 Lacs+",400000,,,,1,"2,75,000 ~ 2 Lacs+",275000,,Y,0
505,http://myneta.info/TamilNadu2026/candidate.php?candidate_id=505,M.Raja,22,TAMBARAM,27,BSP,No,10th Pass,,,1,0 ~,0,,,,1,"10,00,000 ~ 10 Lacs+",1000000,,Y,0
853,http://myneta.info/TamilNadu2026/candidate.php?candidate_id=853,P.Pon Raja,22,TAMBARAM,43,Tamizhaga Vaazhvurimai Katchi,No,8th Pass,,,1,0 ~,0,,,,1,"10,10,000 ~ 10 Lacs+",1010000,,Y,0
3898,http://myneta.info/TamilNadu2026/candidate.php?candidate_id=3898,R.Ravikumar,22,TAMBARAM,61,IND,No,8th Pass,,,1,0 ~,0,,,,1,0 ~,0,,Y,0
852,http://myneta.info/TamilNadu2026/candidate.php?candidate_id=852,R.S.Kiruthika Devi,22,TAMBARAM,55,DMK,No,Graduate Professional,,,1,"11,43,20,000 ~ 11 Crore+",114320000,,,,1,"43,65,804 ~ 43 Lacs+",4365804,,Y,0
3897,http://myneta.info/TamilNadu2026/candidate.php?candidate_id=3897,S.Balasubramanian,22,TAMBARAM,45,IND,No,10th Pass,,,1,0 ~,0,,,,1,0 ~,0,,Y,0
3894,http://myneta.info/TamilNadu2026/candidate.php?candidate_id=3894,S.Karthik,22,TAMBARAM,31,IND,No,12th Pass,,,1,0 ~,0,,,,1,0 ~,0,,Y,0
3893,http://myneta.info/TamilNadu2026/candidate.php?candidate_id=3893,S.Parthiban,22,TAMBARAM,35,Democratic National Allegiance,No,8th Pass,,,1,0 ~,0,,,,1,"8,91,653 ~ 8 Lacs+",891653,,Y,0
160,http://myneta.info/TamilNadu2026/candidate.php?candidate_id=160,S.Tamilchelvi,22,TAMBARAM,61,Naam Tamilar Katchi,No,Doctorate,,,1,"1,76,13,600 ~ 1 Crore+",17613600,,,,1,0 ~,0,,Y,0
3895,http://myneta.info/TamilNadu2026/candidate.php?candidate_id=3895,Sarathkumar. R,22,TAMBARAM,31,IND,No,Graduate,,,1,"47,00,000 ~ 47 Lacs+",4700000,,,,1,0 ~,0,,Y,0
504,http://myneta.info/TamilNadu2026/candidate.php?candidate_id=504,Sivaraman.S,22,TAMBARAM,62,Veerath Thiyagi Viswanathadoss Thozhilalarkal Katchi,No,Graduate,,,1,"59,27,500 ~ 59 Lacs+",5927500,,,,1,"3,50,000 ~ 3 Lacs+",350000,,Y,0
3896,http://myneta.info/TamilNadu2026/candidate.php?candidate_id=3896,T.Dhivakaran,22,TAMBARAM,49,IND,No,10th Pass,,,1,0 ~,0,,,,1,0 ~,0,,Y,0
3892,http://myneta.info/TamilNadu2026/candidate.php?candidate_id=3892,Thambiraj.E,22,TAMBARAM,39,Naam Indiar Party,No,Post Graduate,,,1,0 ~,0,,,,1,0 ~,0,,Y,0
2577,http://myneta.info/TamilNadu2026/candidate.php?candidate_id=2577,A.Esakkiappan,23,CHENGALPATTU,44,IND,No,Graduate Professional,,,1,0 ~,0,,,,1,"90,000 ~ 90 Thou+",90000,,Y,0
23,http://myneta.info/TamilNadu2026/candidate.php?candidate_id=23,Amutha.N,23,CHENGALPATTU,56,Naam Tamilar Katchi,No,Graduate,,,1,0 ~,0,,,,1,0 ~,0,,Y,0
2583,http://myneta.info/TamilNadu2026/candidate.php?candidate_id=2583,C.Vimalraj,23,CHENGALPATTU,34,IND,No,Post Graduate,,,1,"5,20,000 ~ 5 Lacs+",520000,,,,1,"3,59,201 ~ 3 Lacs+",359201,,Y,0
2579,http://myneta.info/TamilNadu2026/candidate.php?candidate_id=2579,G. Christopher,23,CHENGALPATTU,29,IND,No,Graduate Professional,,,1,0 ~,0,,,,1,0 ~,0,,Y,0
2578,http://myneta.info/TamilNadu2026/candidate.php?candidate_id=2578,Karthick.A,23,CHENGALPATTU,33,IND,No,Others,,,1,0 ~,0,,,,1,0 ~,0,,Y,0
1152,http://myneta.info/TamilNadu2026/candidate.php?candidate_id=1152,Karthikdhandapani,23,CHENGALPATTU,43,DMK,No,Graduate Professional,,,1,"4,73,06,068 ~ 4 Crore+",47306068,,,,1,"99,98,087 ~ 99 Lacs+",9998087,,Y,0
2576,http://myneta.info/TamilNadu2026/candidate.php?candidate_id=2576,M.Anandan,23,CHENGALPATTU,41,IND,No,10th Pass,,,1,0 ~,0,,,,1,0 ~,0,,Y,0
1140,http://myneta.info/TamilNadu2026/candidate.php?candidate_id=1140,M.Gajendran,23,CHENGALPATTU,47,AIADMK,Yes 1,Graduate,,,1,"12,87,97,210 ~ 12 Crore+",128797210,,,,1,"8,99,18,716 ~ 8 Crore+",89918716,,Y,0
2584,http://myneta.info/TamilNadu2026/candidate.php?candidate_id=2584,P.George Devadoss,23,CHENGALPATTU,48,IND,No,Graduate Professional,,,1,0 ~,0,,,,1,0 ~,0,,Y,0
501,http://myneta.info/TamilNadu2026/candidate.php?candidate_id=501,S. Saravanan,23,CHENGALPATTU,46,BSP,No,Post Graduate,,,1,"13,00,000 ~ 13 Lacs+",1300000,,,,1,"10,95,000 ~ 10 Lacs+",1095000,,Y,0
2575,http://myneta.info/TamilNadu2026/candidate.php?candidate_id=2575,S. Thiyagarajan,23,CHENGALPATTU,37,Tamilaga Vettri Kazhagam,No,Graduate Professional,,,1,"35,00,000 ~ 35 Lacs+",3500000,,,,1,"2,90,000 ~ 2 Lacs+",290000,,Y,0
2580,http://myneta.info/TamilNadu2026/candidate.php?candidate_id=2580,S.Delhi Babu,23,CHENGALPATTU,51,IND,No,Post Graduate,,,1,0 ~,0,,,,1,0 ~,0,,Y,0
2574,http://myneta.info/TamilNadu2026/candidate.php?candidate_id=2574,S.Selvam Alias Chella,23,CHENGALPATTU,44,Tamizhaga Vaazhvurimai Katchi,Yes 1,Graduate Professional,,,1,"5,00,000 ~ 5 Lacs+",500000,,,,1,"32,90,000 ~ 32 Lacs+",3290000,,Y,1
2581,http://myneta.info/TamilNadu2026/candidate.php?candidate_id=2581,T. Prem Balaji,23,CHENGALPATTU,51,IND,No,Graduate Professional,,,1,0 ~,0,,,,1,0 ~,0,,Y,0
2582,http://myneta.info/TamilNadu2026/candidate.php?candidate_id=2582,V. Ramakrishnan,23,CHENGALPATTU,45,IND,Yes 1,Others,,,1,"10,00,000 ~ 10 Lacs+",1000000,,,,1,"8,50,000 ~ 8 Lacs+",850000,,Y,0
523,http://myneta.info/TamilNadu2026/candidate.php?candidate_id=523,A.Selvaraj,24,THIRUPORUR,46,Mannin Maithargal Kazhagam,No,Graduate,,,1,"2,80,000 ~ 2 Lacs+",280000,,,,1,"8,90,000 ~ 8 Lacs+",890000,,Y,0
167,http://myneta.info/TamilNadu2026/candidate.php?candidate_id=167,Ambeth Rajan,24,THIRUPORUR,70,Naam Tamilar Katchi,No,Graduate,,,1,"2,55,00,000 ~ 2 Crore+",25500000,,,,1,0 ~,0,,Y,0
522,http://myneta.info/TamilNadu2026/candidate.php?candidate_id=522,B.Vijayaraj,24,THIRUPORUR,32,Tamilaga Vettri Kazhagam,No,Graduate Professional,,,1,0 ~,0,,,,1,"11,67,447 ~ 11 Lacs+",1167447,,Y,0
2891,http://myneta.info/TamilNadu2026/candidate.php?candidate_id=2891,D. Panneerselvam,24,THIRUPORUR,48,IND,No,8th Pass,,,1,"20,00,000 ~ 20 Lacs+",2000000,,,,1,0 ~,0,,Y,0
2887,http://myneta.info/TamilNadu2026/candidate.php?candidate_id=2887,Dr.D.Vinoth Kumar,24,THIRUPORUR,36,BSP,No,12th Pass,,,1,"12,00,000 ~ 12 Lacs+",1200000,,,,1,"8,83,999 ~ 8 Lacs+",883999,,Y,0
1261,http://myneta.info/TamilNadu2026/candidate.php?candidate_id=1261,K. Balu,24,THIRUPORUR,55,Pattali Makkal Katchi,Yes 2,Graduate Professional,,,1,"6,80,93,797 ~ 6 Crore+",68093797,,,,1,"3,57,98,863 ~ 3 Crore+",35798863,,Y,0
1262,http://myneta.info/TamilNadu2026/candidate.php?candidate_id=1262,R. Panneerdoss,24,THIRUPORUR,57,Viduthalai Chiruthaigal Katchi,No,12th Pass,,,1,"6,25,00,000 ~ 6 Crore+",62500000,,,,1,"2,25,92,545 ~ 2 Crore+",22592545,,Y,0
2890,http://myneta.info/TamilNadu2026/candidate.php?candidate_id=2890,S. Gnanasekaran,24,THIRUPORUR,33,IND,No,Graduate Professional,,,1,0 ~,0,,,,1,"1,00,000 ~ 1 Lacs+",100000,,Y,0
2892,http://myneta.info/TamilNadu2026/candidate.php?candidate_id=2892,S. Meshak,24,THIRUPORUR,46,IND,No,8th Pass,,,1,"58,00,000 ~ 58 Lacs+",5800000,,,,1,"2,43,000 ~ 2 Lacs+",243000,,Y,0
2889,http://myneta.info/TamilNadu2026/candidate.php?candidate_id=2889,V M Chandiran,24,THIRUPORUR,34,IND,No,Graduate,,,1,0 ~,0,,,,1,0 ~,0,,Y,0
2888,http://myneta.info/TamilNadu2026/candidate.php?candidate_id=2888,V. Desappan,24,THIRUPORUR,43,Samata Party,No,8th Pass,,,1,"4,00,000 ~ 4 Lacs+",400000,,,,1,0 ~,0,,Y,0
681,http://myneta.info/TamilNadu2026/candidate.php?candidate_id=681,Ambethkar. S,25,CHEYYUR (SC),46,IND,No,5th Pass,,,1,0 ~,0,,,,1,0 ~,0,,Y,0
2895,http://myneta.info/TamilNadu2026/candidate.php?candidate_id=2895,Arun. C,25,CHEYYUR (SC),37,IND,No,Others,,,1,0 ~,0,,,,1,"55,000 ~ 55 Thou+",55000,,Y,0
2896,http://myneta.info/TamilNadu2026/candidate.php?candidate_id=2896,Ezhil. E,25,CHEYYUR (SC),34,IND,No,10th Pass,,,1,0 ~,0,,,,1,0 ~,0,,Y,0
2893,http://myneta.info/TamilNadu2026/candidate.php?candidate_id=2893,Gangadurai. K,25,CHEYYUR (SC),39,Tamizhaga Vaazhvurimai Katchi,No,8th Pass,,,1,0 ~,0,,,,1,"9,65,000 ~ 9 Lacs+",965000,,Y,0
2898,http://myneta.info/TamilNadu2026/candidate.php?candidate_id=2898,Gopikrishna. D,25,CHEYYUR (SC),39,IND,No,Graduate Professional,,,1,0 ~,0,,,,1,0 ~,0,,Y,0
2900,http://myneta.info/TamilNadu2026/candidate.php?candidate_id=2900,Jegan. M,25,CHEYYUR (SC),31,IND,No,10th Pass,,,1,0 ~,0,,,,1,0 ~,0,,Y,0
2897,http://myneta.info/TamilNadu2026/candidate.php?candidate_id=2897,Krishnakanth. E,25,CHEYYUR (SC),32,IND,No,10th Pass,,,1,0 ~,0,,,,1,0 ~,0,,Y,0
846,http://myneta.info/TamilNadu2026/candidate.php?candidate_id=846,Mohan Raja.M.G.K,25,CHEYYUR (SC),46,Tamilaga Vettri Kazhagam,No,Others,,,1,"48,87,500 ~ 48 Lacs+",4887500,,,,1,"56,87,000 ~ 56 Lacs+",5687000,,Y,0
2894,http://myneta.info/TamilNadu2026/candidate.php?candidate_id=2894,Murugavel. A,25,CHEYYUR (SC),49,All India Puratchi Thalaivar Makkal Munnettra Kazhagam,No,Post Graduate,,,1,0 ~,0,,,,1,"4,90,000 ~ 4 Lacs+",490000,,Y,0
2899,http://myneta.info/TamilNadu2026/candidate.php?candidate_id=2899,Raja. K,25,CHEYYUR (SC),40,IND,No,10th Pass,,,1,"6,00,000 ~ 6 Lacs+",600000,,,,1,"2,03,000 ~ 2 Lacs+",203000,,Y,0
263,http://myneta.info/TamilNadu2026/candidate.php?candidate_id=263,Rajasekar. E,25,CHEYYUR (SC),64,AIADMK,No,10th Pass,,,1,"42,09,74,422 ~ 42 Crore+",420974422,,,,1,"24,05,82,181 ~ 24 Crore+",240582181,,Y,0
847,http://myneta.info/TamilNadu2026/candidate.php?candidate_id=847,Sinthanai Selvan,25,CHEYYUR (SC),61,Viduthalai Chiruthaigal Katchi,No,Others,,,1,"1,41,67,000 ~ 1 Crore+",14167000,,,,1,"27,25,000 ~ 27 Lacs+",2725000,,Y,0
26,http://myneta.info/TamilNadu2026/candidate.php?candidate_id=26,Swathilakshmi Sekar,25,CHEYYUR (SC),31,Naam Tamilar Katchi,No,Graduate,,,1,0 ~,0,,,,1,"22,33,634 ~ 22 Lacs+",2233634,,Y,0
849,http://myneta.info/TamilNadu2026/candidate.php?candidate_id=849,Ezhil Katharine Ezhilmalai,26,MADURANTAKAM (SC),53,Tamilaga Vettri Kazhagam,Yes 1,Post Graduate,,,1,"4,00,00,000 ~ 4 Crore+",40000000,,,,1,"70,00,000 ~ 70 Lacs+",7000000,,Y,1
85,http://myneta.info/TamilNadu2026/candidate.php?candidate_id=85,G.Janakiraman,26,MADURANTAKAM (SC),33,Naam Tamilar Katchi,No,Post Graduate,,,1,"9,60,000 ~ 9 Lacs+",960000,,,,1,"28,43,000 ~ 28 Lacs+",2843000,,Y,0
2903,http://myneta.info/TamilNadu2026/candidate.php?candidate_id=2903,M.Kadirvel,26,MADURANTAKAM (SC),62,IND,No,Post Graduate,,,1,0 ~,0,,,,1,0 ~,0,,Y,0
848,http://myneta.info/TamilNadu2026/candidate.php?candidate_id=848,Maragatham Kumaravel.K,26,MADURANTAKAM (SC),44,AIADMK,No,Post Graduate,,,1,"1,52,14,880 ~ 1 Crore+",15214880,,,,1,"20,12,704 ~ 20 Lacs+",2012704,,Y,0
850,http://myneta.info/TamilNadu2026/candidate.php?candidate_id=850,Neelam E.Ramkumar,26,MADURANTAKAM (SC),36,BSP,No,Graduate Professional,,,1,0 ~,0,,,,1,"5,62,624 ~ 5 Lacs+",562624,,Y,0
2901,http://myneta.info/TamilNadu2026/candidate.php?candidate_id=2901,R.Sugan,26,MADURANTAKAM (SC),39,All India Puratchi Thalaivar Makkal Munnettra Kazhagam,No,Others,,,1,"1,75,000 ~ 1 Lacs+",175000,,,,1,"3,50,000 ~ 3 Lacs+",350000,,Y,0
2904,http://myneta.info/TamilNadu2026/candidate.php?candidate_id=2904,Ranjitham.M,26,MADURANTAKAM (SC),49,IND,No,8th Pass,,,1,"42,00,000 ~ 42 Lacs+",4200000,,,,1,0 ~,0,,Y,0
1355,http://myneta.info/TamilNadu2026/candidate.php?candidate_id=1355,S.Amulu Ponmalar,26,MADURANTAKAM (SC),48,DMK,No,8th Pass,,,1,"6,49,00,000 ~ 6 Crore+",64900000,,,,1,"3,55,85,812 ~ 3 Crore+",35585812,,Y,0
2902,http://myneta.info/TamilNadu2026/candidate.php?candidate_id=2902,S.Punniyakotti,26,MADURANTAKAM (SC),32,Tamizhaga Vaazhvurimai Katchi,No,5th Pass,,,1,0 ~,0,,,,1,"65,000 ~ 65 Thou+",65000,,Y,0
3037,http://myneta.info/TamilNadu2026/candidate.php?candidate_id=3037,A. Marimuthu,27,COIMBATORE (NORTH),45,IND,No,8th Pass,,,1,0 ~,0,,,,1,0 ~,0,,Y,0
3038,http://myneta.info/TamilNadu2026/candidate.php?candidate_id=3038,A. Ramesh,27,COIMBATORE (NORTH),48,IND,No,Graduate,,,1,0 ~,0,,,,1,0 ~,0,,Y,0
3031,http://myneta.info/TamilNadu2026/candidate.php?candidate_id=3031,A.K. Senthamizh Selvan,27,COIMBATORE (NORTH),42,IND,No,Post Graduate,,,1,"65,65,800 ~ 65 Lacs+",6565800,,,,1,"15,98,000 ~ 15 Lacs+",1598000,,Y,0
3035,http://myneta.info/TamilNadu2026/candidate.php?candidate_id=3035,Balu. P.M.,27,COIMBATORE (NORTH),41,IND,No,Post Graduate,,,1,"10,00,000 ~ 10 Lacs+",1000000,,,,1,"9,85,000 ~ 9 Lacs+",985000,,Y,0
1392,http://myneta.info/TamilNadu2026/candidate.php?candidate_id=1392,Durai. Senthamil Selvan,27,COIMBATORE (NORTH),38,DMK,No,Graduate Professional,,,1,"1,01,00,000 ~ 1 Crore+",10100000,,,,1,"25,01,442 ~ 25 Lacs+",2501442,,Y,0
3040,http://myneta.info/TamilNadu2026/candidate.php?candidate_id=3040,G. Rajkumar,27,COIMBATORE (NORTH),63,IND,No,12th Pass,,,1,0 ~,0,,,,1,0 ~,0,,N,0
3024,http://myneta.info/TamilNadu2026/candidate.php?candidate_id=3024,G.D. Krishnakumar,27,COIMBATORE (NORTH),49,IND,No,8th Pass,,,1,"3,22,750 ~ 3 Lacs+",322750,,,,1,0 ~,0,,Y,0
3022,http://myneta.info/TamilNadu2026/candidate.php?candidate_id=3022,K. Raghul Gandhi,27,COIMBATORE (NORTH),37,All India Puratchi Thalaivar Makkal Munnettra Kazhagam,Yes 1,10th Pass,,,1,0 ~,0,,,,1,"9,852 ~ 9 Thou+",9852,,Y,0
3027,http://myneta.info/TamilNadu2026/candidate.php?candidate_id=3027,K. Sampath Kumar,27,COIMBATORE (NORTH),53,IND,No,10th Pass,,,1,"3,80,000 ~ 3 Lacs+",380000,,,,1,0 ~,0,,Y,0
872,http://myneta.info/TamilNadu2026/candidate.php?candidate_id=872,K. Udhayakumar,27,COIMBATORE (NORTH),56,Thamizhaka Padaippalar Makkal Katchi,No,8th Pass,,,1,0 ~,0,,,,1,0 ~,0,,Y,0
28,http://myneta.info/TamilNadu2026/candidate.php?candidate_id=28,Narmadha. G.,27,COIMBATORE (NORTH),44,Naam Tamilar Katchi,No,Post Graduate,,,1,"3,05,00,000 ~ 3 Crore+",30500000,,,,1,"17,50,000 ~ 17 Lacs+",1750000,,Y,0
873,http://myneta.info/TamilNadu2026/candidate.php?candidate_id=873,P. Krishnasamy,27,COIMBATORE (NORTH),59,BSP,No,5th Pass,,,1,"2,00,000 ~ 2 Lacs+",200000,,,,1,"2,49,000 ~ 2 Lacs+",249000,,Y,0
3030,http://myneta.info/TamilNadu2026/candidate.php?candidate_id=3030,P. Saravanan,27,COIMBATORE (NORTH),40,IND,Yes 1,Not Given,,,1,0 ~,0,,,,1,"12,20,000 ~ 12 Lacs+",1220000,,Y,0
3034,http://myneta.info/TamilNadu2026/candidate.php?candidate_id=3034,Palanikumar. V.,27,COIMBATORE (NORTH),40,IND,No,Others,,,1,"20,00,000 ~ 20 Lacs+",2000000,,,,1,"23,51,245 ~ 23 Lacs+",2351245,,Y,0
3036,http://myneta.info/TamilNadu2026/candidate.php?candidate_id=3036,R. Manian,27,COIMBATORE (NORTH),51,IND,No,8th Pass,,,1,0 ~,0,,,,1,0 ~,0,,N,0
3029,http://myneta.info/TamilNadu2026/candidate.php?candidate_id=3029,R. Sampath Kumar,27,COIMBATORE (NORTH),40,IND,No,10th Pass,,,1,"4,09,000 ~ 4 Lacs+",409000,,,,1,0 ~,0,,Y,0
3026,http://myneta.info/TamilNadu2026/candidate.php?candidate_id=3026,R. Sathish Kumar,27,COIMBATORE (NORTH),47,IND,No,10th Pass,,,1,0 ~,0,,,,1,0 ~,0,,Y,0
3032,http://myneta.info/TamilNadu2026/candidate.php?candidate_id=3032,R. Sethuragunathan,27,COIMBATORE (NORTH),53,IND,Yes 3,12th Pass,,,1,"1,75,000 ~ 1 Lacs+",175000,,,,1,"26,37,200 ~ 26 Lacs+",2637200,,Y,1
3023,http://myneta.info/TamilNadu2026/candidate.php?candidate_id=3023,Rajasekaran. B.,27,COIMBATORE (NORTH),47,Tamizhaga Vaazhvurimai Katchi,No,10th Pass,,,1,0 ~,0,,,,1,"49,200 ~ 49 Thou+",49200,,Y,0
3039,http://myneta.info/TamilNadu2026/candidate.php?candidate_id=3039,Ravi. V,27,COIMBATORE (NORTH),63,IND,No,10th Pass,,,1,0 ~,0,,,,1,0 ~,0,,Y,0
3033,http://myneta.info/TamilNadu2026/candidate.php?candidate_id=3033,S. Dhana Raj,27,COIMBATORE (NORTH),43,IND,No,12th Pass,,,1,0 ~,0,,,,1,0 ~,0,,Y,0
3021,http://myneta.info/TamilNadu2026/candidate.php?candidate_id=3021,S. Meenakshi Sundaram,27,COIMBATORE (NORTH),39,Tamizhaga Murpokku Makkal Katchi,No,Graduate,,,1,0 ~,0,,,,1,0 ~,0,,Y,0
3028,http://myneta.info/TamilNadu2026/candidate.php?candidate_id=3028,S. Sampathkumar,27,COIMBATORE (NORTH),57,IND,No,8th Pass,,,1,"58,00,000 ~ 58 Lacs+",5800000,,,,1,"7,80,000 ~ 7 Lacs+",780000,,Y,0
3020,http://myneta.info/TamilNadu2026/candidate.php?candidate_id=3020,S. Senthilkumar,27,COIMBATORE (NORTH),49,Samaniya Makkal Nala Katchi,No,12th Pass,,,1,0 ~,0,,,,1,"78,000 ~ 78 Thou+",78000,,Y,0
3025,http://myneta.info/TamilNadu2026/candidate.php?candidate_id=3025,V. Krishnan,27,COIMBATORE (NORTH),55,IND,No,8th Pass,,,1,"2,00,00,000 ~ 2 Crore+",20000000,,,,1,0 ~,0,,Y,0
3041,http://myneta.info/TamilNadu2026/candidate.php?candidate_id=3041,V. Lingaraja,27,COIMBATORE (NORTH),39,IND,No,Graduate Professional,,,1,0 ~,0,,,,1,0 ~,0,,Y,0
871,http://myneta.info/TamilNadu2026/candidate.php?candidate_id=871,V. Sampathkumar,27,COIMBATORE (NORTH),47,Tamilaga Vettri Kazhagam,Yes 2,Post Graduate,,,1,"1,13,80,000 ~ 1 Crore+",11380000,,,,1,"20,59,686 ~ 20 Lacs+",2059686,,Y,0
1391,http://myneta.info/TamilNadu2026/candidate.php?candidate_id=1391,Vanathi Srinivasan,27,COIMBATORE (NORTH),55,BJP,No,Post Graduate,,,1,"7,55,50,000 ~ 7 Crore+",75550000,,,,1,"3,90,55,513 ~ 3 Crore+",39055513,,Y,0
2059,http://myneta.info/TamilNadu2026/candidate.php?candidate_id=2059,B. Dhandapani,28,COIMBATORE (SOUTH),53,New Generation Peoples Party,Yes 1,5th Pass,,,1,0 ~,0,,,,1,"1,00,000 ~ 1 Lacs+",100000,,Y,0
2074,http://myneta.info/TamilNadu2026/candidate.php?candidate_id=2074,B. Yuvaraj,28,COIMBATORE (SOUTH),28,IND,No,Graduate Professional,,,1,"30,00,000 ~ 30 Lacs+",3000000,,,,1,"36,50,000 ~ 36 Lacs+",3650000,,Y,0
2079,http://myneta.info/TamilNadu2026/candidate.php?candidate_id=2079,D. Vigneshwaran,28,COIMBATORE (SOUTH),34,IND,No,Graduate Professional,,,1,"8,00,000 ~ 8 Lacs+",800000,,,,1,0 ~,0,,Y,0
2060,http://myneta.info/TamilNadu2026/candidate.php?candidate_id=2060,G. Maheshwaran,28,COIMBATORE (SOUTH),41,Tamizhaga Murpokku Makkal Katchi,No,Post Graduate,,,1,0 ~,0,,,,1,0 ~,0,,Y,0
2058,http://myneta.info/TamilNadu2026/candidate.php?candidate_id=2058,Gokula Krishnan.S,28,COIMBATORE (SOUTH),26,Tamizhaga Vaazhvurimai Katchi,Yes 5,Graduate Professional,,,1,"4,40,00,000 ~ 4 Crore+",44000000,,,,1,"70,000 ~ 70 Thou+",70000,,Y,1
2064,http://myneta.info/TamilNadu2026/candidate.php?candidate_id=2064,Gopalakrishnan,28,COIMBATORE (SOUTH),46,IND,No,Graduate Professional,,,1,"22,00,000 ~ 22 Lacs+",2200000,,,,1,"6,31,754 ~ 6 Lacs+",631754,,Y,0
2062,http://myneta.info/TamilNadu2026/candidate.php?candidate_id=2062,Imthiyas,28,COIMBATORE (SOUTH),36,IND,No,8th Pass,,,1,0 ~,0,,,,1,"55,844 ~ 55 Thou+",55844,,Y,0
2071,http://myneta.info/TamilNadu2026/candidate.php?candidate_id=2071,J. Praveenkumar,28,COIMBATORE (SOUTH),28,IND,No,Graduate Professional,,,1,"20,00,000 ~ 20 Lacs+",2000000,,,,1,0 ~,0,,Y,0
2066,http://myneta.info/TamilNadu2026/candidate.php?candidate_id=2066,J. Suriyakumar,28,COIMBATORE (SOUTH),31,IND,No,Post Graduate,,,1,"40,00,000 ~ 40 Lacs+",4000000,,,,1,"12,00,000 ~ 12 Lacs+",1200000,,Y,0
2069,http://myneta.info/TamilNadu2026/candidate.php?candidate_id=2069,K. Dinesh Kumar,28,COIMBATORE (SOUTH),26,IND,No,Graduate Professional,,,1,"28,70,000 ~ 28 Lacs+",2870000,,,,1,0 ~,0,,Y,0
2078,http://myneta.info/TamilNadu2026/candidate.php?candidate_id=2078,K. Rajapandian,28,COIMBATORE (SOUTH),30,IND,No,Graduate Professional,,,1,0 ~,0,,,,1,"36,929 ~ 36 Thou+",36929,,Y,0
2080,http://myneta.info/TamilNadu2026/candidate.php?candidate_id=2080,K. Vijayan,28,COIMBATORE (SOUTH),40,IND,No,10th Pass,,,1,0 ~,0,,,,1,"26,49,781 ~ 26 Lacs+",2649781,,Y,0
2077,http://myneta.info/TamilNadu2026/candidate.php?candidate_id=2077,K.S. Rajagopal,28,COIMBATORE (SOUTH),38,IND,No,Graduate Professional,,,1,0 ~,0,,,,1,"45,000 ~ 45 Thou+",45000,,Y,0
2084,http://myneta.info/TamilNadu2026/candidate.php?candidate_id=2084,L. Hakkim,28,COIMBATORE (SOUTH),26,IND,No,10th Pass,,,1,0 ~,0,,,,1,"5,50,000 ~ 5 Lacs+",550000,,Y,0
2083,http://myneta.info/TamilNadu2026/candidate.php?candidate_id=2083,M. John Bosco,28,COIMBATORE (SOUTH),54,IND,No,Graduate Professional,,,1,"3,80,00,000 ~ 3 Crore+",38000000,,,,1,"1,17,00,402 ~ 1 Crore+",11700402,,Y,0
2076,http://myneta.info/TamilNadu2026/candidate.php?candidate_id=2076,M. Ravichandran,28,COIMBATORE (SOUTH),57,IND,No,Graduate Professional,,,1,"20,00,000 ~ 20 Lacs+",2000000,,,,1,0 ~,0,,Y,0
2067,http://myneta.info/TamilNadu2026/candidate.php?candidate_id=2067,M. Senthilkumar,28,COIMBATORE (SOUTH),40,IND,No,10th Pass,,,1,0 ~,0,,,,1,0 ~,0,,Y,0
2061,http://myneta.info/TamilNadu2026/candidate.php?candidate_id=2061,N. Abilazan,28,COIMBATORE (SOUTH),37,IND,No,Post Graduate,,,1,"28,00,000 ~ 28 Lacs+",2800000,,,,1,"9,00,000 ~ 9 Lacs+",900000,,Y,0
2063,http://myneta.info/TamilNadu2026/candidate.php?candidate_id=2063,P. Kathiravan,28,COIMBATORE (SOUTH),32,IND,No,Graduate Professional,,,1,0 ~,0,,,,1,"4,40,000 ~ 4 Lacs+",440000,,Y,0
2073,http://myneta.info/TamilNadu2026/candidate.php?candidate_id=2073,P. Manoj,28,COIMBATORE (SOUTH),32,IND,No,10th Pass,,,1,0 ~,0,,,,1,0 ~,0,,Y,0
2070,http://myneta.info/TamilNadu2026/candidate.php?candidate_id=2070,P. Palanivel,28,COIMBATORE (SOUTH),45,IND,No,Graduate Professional,,,1,0 ~,0,,,,1,0 ~,0,,Y,0
2065,http://myneta.info/TamilNadu2026/candidate.php?candidate_id=2065,P. Sangararaj,28,COIMBATORE (SOUTH),44,IND,No,10th Pass,,,1,0 ~,0,,,,1,"72,000 ~ 72 Thou+",72000,,Y,0
29,http://myneta.info/TamilNadu2026/candidate.php?candidate_id=29,Perarivalan. V,28,COIMBATORE (SOUTH),25,Naam Tamilar Katchi,Yes 1,10th Pass,,,1,0 ~,0,,,,1,0 ~,0,,Y,1
2075,http://myneta.info/TamilNadu2026/candidate.php?candidate_id=2075,S. Rangaraj,28,COIMBATORE (SOUTH),64,IND,No,Graduate,,,1,"50,00,000 ~ 50 Lacs+",5000000,,,,1,"8,32,146 ~ 8 Lacs+",832146,,Y,0
2072,http://myneta.info/TamilNadu2026/candidate.php?candidate_id=2072,T. Magizhan,28,COIMBATORE (SOUTH),29,IND,No,Graduate,,,1,0 ~,0,,,,1,"7,00,000 ~ 7 Lacs+",700000,,Y,0
1389,http://myneta.info/TamilNadu2026/candidate.php?candidate_id=1389,V Senthilbalaji,28,COIMBATORE (SOUTH),50,DMK,Yes 13,12th Pass,,,1,"1,35,00,000 ~ 1 Crore+",13500000,,,,1,"32,52,247 ~ 32 Lacs+",3252247,,Y,13
2068,http://myneta.info/TamilNadu2026/candidate.php?candidate_id=2068,V. Senthilkumar,28,COIMBATORE (SOUTH),47,IND,No,8th Pass,,,1,"85,00,000 ~ 85 Lacs+",8500000,,,,1,0 ~,0,,Y,0
264,http://myneta.info/TamilNadu2026/candidate.php?candidate_id=264,V. Senthilkumar,28,COIMBATORE (SOUTH),42,Tamilaga Vettri Kazhagam,No,Graduate,,,1,"10,91,31,000 ~ 10 Crore+",109131000,,,,1,"2,96,76,755 ~ 2 Crore+",29676755,,Y,0
2082,http://myneta.info/TamilNadu2026/candidate.php?candidate_id=2082,V. Velmurugan,28,COIMBATORE (SOUTH),45,IND,Yes 2,5th Pass,,,1,0 ~,0,,,,1,0 ~,0,,Y,0
2081,http://myneta.info/TamilNadu2026/candidate.php?candidate_id=2081,Venkatachalam Paramasivam,28,COIMBATORE (SOUTH),46,IND,No,Graduate,,,1,0 ~,0,,,,1,0 ~,0,,Y,0
340,http://myneta.info/TamilNadu2026/candidate.php?candidate_id=340,A.Balamurugan,29,KAVUNDAMPALAYAM,40,IND,Yes 1,Literate,,,1,"2,12,00,000 ~ 2 Crore+",21200000,,,,1,"1,09,15,000 ~ 1 Crore+",10915000,,Y,0
1100,http://myneta.info/TamilNadu2026/candidate.php?candidate_id=1100,Arunkumar Prg,29,KAVUNDAMPALAYAM,64,AIADMK,Yes 8,10th Pass,,,1,"4,06,82,857 ~ 4 Crore+",40682857,,,,1,"1,73,02,749 ~ 1 Crore+",17302749,,Y,1
338,http://myneta.info/TamilNadu2026/candidate.php?candidate_id=338,K.Velmurugan,29,KAVUNDAMPALAYAM,62,BSP,No,Post Graduate,,,1,"1,04,20,000 ~ 1 Crore+",10420000,,,,1,0 ~,0,,Y,0
63,http://myneta.info/TamilNadu2026/candidate.php?candidate_id=63,Kalamani Jaganathan,29,KAVUNDAMPALAYAM,38,Naam Tamilar Katchi,No,Graduate,,,1,"1,80,00,000 ~ 1 Crore+",18000000,,,,1,"92,01,528 ~ 92 Lacs+",9201528,,Y,0
800,http://myneta.info/TamilNadu2026/candidate.php?candidate_id=800,Kanimozhi Santhosh,29,KAVUNDAMPALAYAM,37,Tamilaga Vettri Kazhagam,No,Graduate Professional,,,1,"5,97,00,000 ~ 5 Crore+",59700000,,,,1,"2,05,39,905 ~ 2 Crore+",20539905,,Y,0
3553,http://myneta.info/TamilNadu2026/candidate.php?candidate_id=3553,Kanimozhi.K,29,KAVUNDAMPALAYAM,37,IND,No,10th Pass,,,1,"25,00,000 ~ 25 Lacs+",2500000,,,,1,0 ~,0,,Y,0
3555,http://myneta.info/TamilNadu2026/candidate.php?candidate_id=3555,M.John Bosco,29,KAVUNDAMPALAYAM,54,IND,No,Graduate Professional,,,1,"3,80,00,000 ~ 3 Crore+",38000000,,,,1,"1,17,00,402 ~ 1 Crore+",11700402,,Y,0
339,http://myneta.info/TamilNadu2026/candidate.php?candidate_id=339,M.Rajalingam,29,KAVUNDAMPALAYAM,43,IND,No,Post Graduate,,,1,0 ~,0,,,,1,"6,89,000 ~ 6 Lacs+",689000,,Y,0
3552,http://myneta.info/TamilNadu2026/candidate.php?candidate_id=3552,Malliga.M,29,KAVUNDAMPALAYAM,44,All India Puratchi Thalaivar Makkal Munnettra Kazhagam,No,Post Graduate,,,1,0 ~,0,,,,1,0 ~,0,,Y,0
801,http://myneta.info/TamilNadu2026/candidate.php?candidate_id=801,S.Thamarai Kannan,29,KAVUNDAMPALAYAM,42,Party for the Rights of Other backward Classes,No,Graduate Professional,,,1,"6,00,000 ~ 6 Lacs+",600000,,,,1,0 ~,0,,Y,0
3554,http://myneta.info/TamilNadu2026/candidate.php?candidate_id=3554,Suriyakumar.K,29,KAVUNDAMPALAYAM,37,IND,No,Post Graduate,,,1,0 ~,0,,,,1,"29,80,000 ~ 29 Lacs+",2980000,,Y,0
1128,http://myneta.info/TamilNadu2026/candidate.php?candidate_id=1128,Surya Prakash K.P,29,KAVUNDAMPALAYAM,29,INC,No,Graduate,,,1,"1,13,33,334 ~ 1 Crore+",11333334,,,,1,"1,48,72,968 ~ 1 Crore+",14872968,,Y,0
3550,http://myneta.info/TamilNadu2026/candidate.php?candidate_id=3550,Thozhar.N.Arunkumar,29,KAVUNDAMPALAYAM,40,Tamizhaga Vaazhvurimai Katchi,No,Graduate,,,1,0 ~,0,,,,1,"12,70,824 ~ 12 Lacs+",1270824,,Y,0
3551,http://myneta.info/TamilNadu2026/candidate.php?candidate_id=3551,V.Pushpanantham,29,KAVUNDAMPALAYAM,57,Tamizhaga Murpokku Makkal Katchi,No,Graduate Professional,,,1,0 ~,0,,,,1,0 ~,0,,Y,0
68,http://myneta.info/TamilNadu2026/candidate.php?candidate_id=68,Banupriya M,30,KINATHUKADAVU,42,Naam Tamilar Katchi,No,Graduate,,,1,"10,33,02,500 ~ 10 Crore+",103302500,,,,1,"85,97,687 ~ 85 Lacs+",8597687,,Y,0
1137,http://myneta.info/TamilNadu2026/candidate.php?candidate_id=1137,Damodaran S,30,KINATHUKADAVU,74,AIADMK,Yes 8,10th Pass,,,1,"4,88,05,068 ~ 4 Crore+",48805068,,,,1,0 ~,0,,Y,0
2085,http://myneta.info/TamilNadu2026/candidate.php?candidate_id=2085,Mariyappan R,30,KINATHUKADAVU,48,Ganasangam Party of India,No,Illiterate,,,1,0 ~,0,,,,1,"2,10,000 ~ 2 Lacs+",210000,,Y,0
1361,http://myneta.info/TamilNadu2026/candidate.php?candidate_id=1361,Sabari Karthikeyan K.V.K.S,30,KINATHUKADAVU,46,DMK,Yes 1,Graduate,,,1,"16,12,99,000 ~ 16 Crore+",161299000,,,,1,"5,94,19,007 ~ 5 Crore+",59419007,,Y,1
874,http://myneta.info/TamilNadu2026/candidate.php?candidate_id=874,Vignesh K,30,KINATHUKADAVU,38,Tamilaga Vettri Kazhagam,Yes 2,Graduate,,,1,"1,65,00,000 ~ 1 Crore+",16500000,,,,1,"91,59,970 ~ 91 Lacs+",9159970,,Y,0
2653,http://myneta.info/TamilNadu2026/candidate.php?candidate_id=2653,A.Sathiyaleela,31,METTUPALAYAM,67,IND,No,10th Pass,,,1,"90,00,000 ~ 90 Lacs+",9000000,,,,1,"13,56,813 ~ 13 Lacs+",1356813,,Y,0
2658,http://myneta.info/TamilNadu2026/candidate.php?candidate_id=2658,C.Mahendran,31,METTUPALAYAM,65,IND,No,10th Pass,,,1,0 ~,0,,,,1,0 ~,0,,Y,0
2648,http://myneta.info/TamilNadu2026/candidate.php?candidate_id=2648,C.Nagaraj,31,METTUPALAYAM,62,Party for the Rights of Other backward Classes,No,10th Pass,,,1,"62,30,000 ~ 62 Lacs+",6230000,,,,1,"33,66,766 ~ 33 Lacs+",3366766,,Y,0
2647,http://myneta.info/TamilNadu2026/candidate.php?candidate_id=2647,"Dhamotharan,V.",31,METTUPALAYAM,33,All India Puratchi Thalaivar Makkal Munnettra Kazhagam,No,10th Pass,,,1,0 ~,0,,,,1,"1,59,763 ~ 1 Lacs+",159763,,Y,0
2657,http://myneta.info/TamilNadu2026/candidate.php?candidate_id=2657,M.Palanichami,31,METTUPALAYAM,57,IND,No,5th Pass,,,1,0 ~,0,,,,1,0 ~,0,,Y,0
2659,http://myneta.info/TamilNadu2026/candidate.php?candidate_id=2659,Manoharan,31,METTUPALAYAM,65,IND,No,5th Pass,,,1,0 ~,0,,,,1,0 ~,0,,Y,0
2654,http://myneta.info/TamilNadu2026/candidate.php?candidate_id=2654,N.Saravana Kumar,31,METTUPALAYAM,32,IND,No,8th Pass,,,1,0 ~,0,,,,1,"76,000 ~ 76 Thou+",76000,,Y,0
1195,http://myneta.info/TamilNadu2026/candidate.php?candidate_id=1195,O.K.Chinnaraj,31,METTUPALAYAM,72,AIADMK,Yes 6,12th Pass,,,1,"74,40,000 ~ 74 Lacs+",7440000,,,,1,0 ~,0,,Y,0
2661,http://myneta.info/TamilNadu2026/candidate.php?candidate_id=2661,P.Ravichandran,31,METTUPALAYAM,41,IND,No,12th Pass,,,1,0 ~,0,,,,1,0 ~,0,,Y,0
2655,http://myneta.info/TamilNadu2026/candidate.php?candidate_id=2655,R.Chinnaraj,31,METTUPALAYAM,60,IND,No,10th Pass,,,1,"21,20,000 ~ 21 Lacs+",2120000,,,,1,0 ~,0,,Y,0
2645,http://myneta.info/TamilNadu2026/candidate.php?candidate_id=2645,R.Sangeetha,31,METTUPALAYAM,44,Naadaalum Makkal Katchi,No,10th Pass,,,1,0 ~,0,,,,1,"16,58,000 ~ 16 Lacs+",1658000,,Y,0
2660,http://myneta.info/TamilNadu2026/candidate.php?candidate_id=2660,"Rangasamy,P.",31,METTUPALAYAM,83,IND,No,Literate,,,1,0 ~,0,,,,1,0 ~,0,,Y,0
878,http://myneta.info/TamilNadu2026/candidate.php?candidate_id=878,S.Abdul Rahiman,31,METTUPALAYAM,57,Veerath Thiyagi Viswanathadoss Thozhilalarkal Katchi,No,Others,,,1,0 ~,0,,,,1,0 ~,0,,Y,0
95,http://myneta.info/TamilNadu2026/candidate.php?candidate_id=95,S.Gopalakrishnan,31,METTUPALAYAM,42,Naam Tamilar Katchi,No,Others,,,1,"1,50,00,000 ~ 1 Crore+",15000000,,,,1,"20,19,000 ~ 20 Lacs+",2019000,,Y,0
2651,http://myneta.info/TamilNadu2026/candidate.php?candidate_id=2651,S.Kavitha,31,METTUPALAYAM,46,IND,No,10th Pass,,,1,"90,00,000 ~ 90 Lacs+",9000000,,,,1,"26,75,000 ~ 26 Lacs+",2675000,,Y,0
2646,http://myneta.info/TamilNadu2026/candidate.php?candidate_id=2646,"Sivaraj,R.",31,METTUPALAYAM,50,Anna Puratchi Thalaivar Amma Dravida Munnetra Kazhagam,No,10th Pass,,,1,0 ~,0,,,,1,0 ~,0,,Y,0
876,http://myneta.info/TamilNadu2026/candidate.php?candidate_id=876,Smt.Kavitha Kalyanasundaram,31,METTUPALAYAM,47,DMK,No,Post Graduate,,,1,"25,84,00,000 ~ 25 Crore+",258400000,,,,1,"33,02,18,745 ~ 33 Crore+",330218745,,Y,0
877,http://myneta.info/TamilNadu2026/candidate.php?candidate_id=877,Sunilanand,31,METTUPALAYAM,53,Tamilaga Vettri Kazhagam,No,10th Pass,,,1,"17,57,80,000 ~ 17 Crore+",175780000,,,,1,"2,94,74,769 ~ 2 Crore+",29474769,,Y,0
2650,http://myneta.info/TamilNadu2026/candidate.php?candidate_id=2650,T.Amirthalingam,31,METTUPALAYAM,67,IND,No,10th Pass,,,1,0 ~,0,,,,1,0 ~,0,,Y,0
2652,http://myneta.info/TamilNadu2026/candidate.php?candidate_id=2652,T.R.Shanmugasundaram,31,METTUPALAYAM,65,IND,Yes 2,5th Pass,,,1,"7,81,55,988 ~ 7 Crore+",78155988,,,,1,"1,99,68,318 ~ 1 Crore+",19968318,,Y,1
2649,http://myneta.info/TamilNadu2026/candidate.php?candidate_id=2649,V.Anandkumar,31,METTUPALAYAM,32,IND,No,Graduate Professional,,,1,0 ~,0,,,,1,0 ~,0,,Y,0
2656,http://myneta.info/TamilNadu2026/candidate.php?candidate_id=2656,V.Senthil Kumar,31,METTUPALAYAM,51,IND,No,Others,,,1,"8,25,000 ~ 8 Lacs+",825000,,,,1,"3,41,000 ~ 3 Lacs+",341000,,Y,0
2237,http://myneta.info/TamilNadu2026/candidate.php?candidate_id=2237,C.M. Aruchamy,32,POLLACHI,60,BSP,No,5th Pass,,,1,"8,80,000 ~ 8 Lacs+",880000,,,,1,"3,97,500 ~ 3 Lacs+",397500,,Y,0
879,http://myneta.info/TamilNadu2026/candidate.php?candidate_id=879,G. Ramanathan,32,POLLACHI,33,Tamilaga Vettri Kazhagam,No,Graduate Professional,,,1,"80,00,000 ~ 80 Lacs+",8000000,,,,1,"31,74,740 ~ 31 Lacs+",3174740,,Y,0
2241,http://myneta.info/TamilNadu2026/candidate.php?candidate_id=2241,K. Nithyanandan,32,POLLACHI,51,IND,No,10th Pass,,,1,0 ~,0,,,,1,"4,91,200 ~ 4 Lacs+",491200,,Y,0
236,http://myneta.info/TamilNadu2026/candidate.php?candidate_id=236,K. Nithyanandhan,32,POLLACHI,54,DMK,No,Graduate Professional,,,1,"1,49,53,77,545 ~ 149 Crore+",1495377545,,,,1,"26,93,10,323 ~ 26 Crore+",269310323,,Y,0
2242,http://myneta.info/TamilNadu2026/candidate.php?candidate_id=2242,M. Jayaprathap,32,POLLACHI,32,IND,No,Graduate,,,1,0 ~,0,,,,1,"1,75,000 ~ 1 Lacs+",175000,,Y,0
2244,http://myneta.info/TamilNadu2026/candidate.php?candidate_id=2244,M. Jayaram,32,POLLACHI,51,IND,No,Graduate,,,1,"65,50,000 ~ 65 Lacs+",6550000,,,,1,"25,49,000 ~ 25 Lacs+",2549000,,Y,0
2245,http://myneta.info/TamilNadu2026/candidate.php?candidate_id=2245,M. Jayaraman,32,POLLACHI,44,IND,No,12th Pass,,,1,"42,00,000 ~ 42 Lacs+",4200000,,,,1,"30,00,000 ~ 30 Lacs+",3000000,,Y,0
128,http://myneta.info/TamilNadu2026/candidate.php?candidate_id=128,N. Senthil Kumar,32,POLLACHI,51,Naam Tamilar Katchi,No,Post Graduate,,,1,"12,66,00,000 ~ 12 Crore+",126600000,,,,1,"1,24,91,000 ~ 1 Crore+",12491000,,Y,0
2239,http://myneta.info/TamilNadu2026/candidate.php?candidate_id=2239,P. Nagaraj,32,POLLACHI,70,IND,No,10th Pass,,,1,0 ~,0,,,,1,0 ~,0,,Y,0
738,http://myneta.info/TamilNadu2026/candidate.php?candidate_id=738,Pollachi V. Jayaraman,32,POLLACHI,72,AIADMK,Yes 5,Doctorate,,,1,"33,20,00,000 ~ 33 Crore+",332000000,,,,1,"6,41,50,029 ~ 6 Crore+",64150029,,Y,0
2243,http://myneta.info/TamilNadu2026/candidate.php?candidate_id=2243,S. Jeyaram,32,POLLACHI,38,IND,No,12th Pass,,,1,"11,00,000 ~ 11 Lacs+",1100000,,,,1,"4,60,000 ~ 4 Lacs+",460000,,Y,0
2240,http://myneta.info/TamilNadu2026/candidate.php?candidate_id=2240,T. Nithyanantham,32,POLLACHI,34,IND,No,10th Pass,,,1,"10,00,000 ~ 10 Lacs+",1000000,,,,1,"10,50,000 ~ 10 Lacs+",1050000,,Y,0
2238,http://myneta.info/TamilNadu2026/candidate.php?candidate_id=2238,V. Karthikeyan,32,POLLACHI,30,IND,No,Graduate Professional,,,1,"34,50,000 ~ 34 Lacs+",3450000,,,,1,0 ~,0,,Y,0
3879,http://myneta.info/TamilNadu2026/candidate.php?candidate_id=3879,A.Mounakumar,33,SINGANALLUR,26,IND,No,Graduate,,,1,0 ~,0,,,,1,0 ~,0,,Y,0
3868,http://myneta.info/TamilNadu2026/candidate.php?candidate_id=3868,Akbar Ali,33,SINGANALLUR,58,IND,No,8th Pass,,,1,0 ~,0,,,,1,0 ~,0,,Y,0
3870,http://myneta.info/TamilNadu2026/candidate.php?candidate_id=3870,Ayoob Riyas,33,SINGANALLUR,36,IND,No,Post Graduate,,,1,0 ~,0,,,,1,0 ~,0,,Y,0
3880,http://myneta.info/TamilNadu2026/candidate.php?candidate_id=3880,Dr.K.Rajkumar,33,SINGANALLUR,45,IND,No,Doctorate,,,1,0 ~,0,,,,1,0 ~,0,,Y,0
3884,http://myneta.info/TamilNadu2026/candidate.php?candidate_id=3884,Janani.D,33,SINGANALLUR,26,IND,No,Post Graduate,,,1,0 ~,0,,,,1,0 ~,0,,Y,0
3874,http://myneta.info/TamilNadu2026/candidate.php?candidate_id=3874,K.Kumar Babu,33,SINGANALLUR,64,IND,No,8th Pass,,,1,0 ~,0,,,,1,0 ~,0,,Y,0
1244,http://myneta.info/TamilNadu2026/candidate.php?candidate_id=1244,K.R.Jayaram,33,SINGANALLUR,53,AIADMK,Yes 10,8th Pass,,,1,"67,24,07,139 ~ 67 Crore+",672407139,,,,1,"77,05,24,373 ~ 77 Crore+",770524373,,Y,0
880,http://myneta.info/TamilNadu2026/candidate.php?candidate_id=880,K.S.Sri Giri Prasath,33,SINGANALLUR,43,Tamilaga Vettri Kazhagam,No,Graduate Professional,,,1,"3,33,33,333 ~ 3 Crore+",33333333,,,,1,"72,86,454 ~ 72 Lacs+",7286454,,Y,0
3873,http://myneta.info/TamilNadu2026/candidate.php?candidate_id=3873,Karthik,33,SINGANALLUR,37,IND,Yes 1,10th Pass,,,1,"7,50,000 ~ 7 Lacs+",750000,,,,1,0 ~,0,,Y,1
3869,http://myneta.info/TamilNadu2026/candidate.php?candidate_id=3869,M.Ashok Kumar,33,SINGANALLUR,33,IND,No,Graduate,,,1,0 ~,0,,,,1,0 ~,0,,Y,0
3867,http://myneta.info/TamilNadu2026/candidate.php?candidate_id=3867,Murugan.O,33,SINGANALLUR,50,Ganasangam Party of India,No,Illiterate,,,1,"9,00,000 ~ 9 Lacs+",900000,,,,1,"3,83,000 ~ 3 Lacs+",383000,,Y,0
3864,http://myneta.info/TamilNadu2026/candidate.php?candidate_id=3864,N.R.Appathurai,33,SINGANALLUR,75,All India Puratchi Thalaivar Makkal Munnettra Kazhagam,Yes 3,12th Pass,,,1,"29,60,00,000 ~ 29 Crore+",296000000,,,,1,"35,55,000 ~ 35 Lacs+",3555000,,Y,1
3871,http://myneta.info/TamilNadu2026/candidate.php?candidate_id=3871,N.Rajasekaran,33,SINGANALLUR,50,IND,No,Graduate,,,1,0 ~,0,,,,1,0 ~,0,,Y,0
152,http://myneta.info/TamilNadu2026/candidate.php?candidate_id=152,Nehruji Gunasekaran,33,SINGANALLUR,32,Naam Tamilar Katchi,No,Graduate Professional,,,1,"76,00,000 ~ 76 Lacs+",7600000,,,,1,0 ~,0,,Y,0
3876,http://myneta.info/TamilNadu2026/candidate.php?candidate_id=3876,P.Tamilselvi,33,SINGANALLUR,66,IND,No,10th Pass,,,1,0 ~,0,,,,1,0 ~,0,,Y,0
3878,http://myneta.info/TamilNadu2026/candidate.php?candidate_id=3878,R.Manikandabrabhu,33,SINGANALLUR,38,IND,No,10th Pass,,,1,0 ~,0,,,,1,0 ~,0,,Y,0
3881,http://myneta.info/TamilNadu2026/candidate.php?candidate_id=3881,Rajkumar.M,33,SINGANALLUR,45,IND,No,10th Pass,,,1,0 ~,0,,,,1,0 ~,0,,N,0
3866,http://myneta.info/TamilNadu2026/candidate.php?candidate_id=3866,S.S.Sundharam,33,SINGANALLUR,54,Rashtriya Samaj Dal (R),No,5th Pass,,,1,0 ~,0,,,,1,"7,09,000 ~ 7 Lacs+",709000,,Y,0
458,http://myneta.info/TamilNadu2026/candidate.php?candidate_id=458,S.Satheesh,33,SINGANALLUR,54,IND,No,8th Pass,,,1,0 ~,0,,,,1,"1,50,029 ~ 1 Lacs+",150029,,Y,0
3865,http://myneta.info/TamilNadu2026/candidate.php?candidate_id=3865,Sarveswaran,33,SINGANALLUR,58,Party for the Rights of Other backward Classes,No,Graduate,,,1,"16,50,00,000 ~ 16 Crore+",165000000,,,,1,0 ~,0,,Y,0
881,http://myneta.info/TamilNadu2026/candidate.php?candidate_id=881,Sivaji Perumal,33,SINGANALLUR,51,BSP,No,5th Pass,,,1,0 ~,0,,,,1,0 ~,0,,N,0
3875,http://myneta.info/TamilNadu2026/candidate.php?candidate_id=3875,Subaramanian.N,33,SINGANALLUR,74,IND,No,8th Pass,,,1,"6,50,000 ~ 6 Lacs+",650000,,,,1,0 ~,0,,Y,0
3877,http://myneta.info/TamilNadu2026/candidate.php?candidate_id=3877,Thahir Hussain,33,SINGANALLUR,29,IND,Yes 2,Graduate Professional,,,1,"23,36,000 ~ 23 Lacs+",2336000,,,,1,"11,85,000 ~ 11 Lacs+",1185000,,Y,2
3872,http://myneta.info/TamilNadu2026/candidate.php?candidate_id=3872,Uma Paramasivam,33,SINGANALLUR,33,IND,No,Post Graduate,,,1,"10,00,000 ~ 10 Lacs+",1000000,,,,1,0 ~,0,,Y,0
457,http://myneta.info/TamilNadu2026/candidate.php?candidate_id=457,V.Balamurugan,33,SINGANALLUR,50,IND,No,Post Graduate,,,1,"3,00,000 ~ 3 Lacs+",300000,,,,1,0 ~,0,,Y,0
1338,http://myneta.info/TamilNadu2026/candidate.php?candidate_id=1338,V.Srinidhi,33,SINGANALLUR,37,INC,No,Graduate Professional,,,1,"3,06,30,000 ~ 3 Crore+",30630000,,,,1,"33,02,277 ~ 33 Lacs+",3302277,,Y,0
3882,http://myneta.info/TamilNadu2026/candidate.php?candidate_id=3882,Vasanthi,33,SINGANALLUR,45,IND,No,10th Pass,,,1,0 ~,0,,,,1,0 ~,0,,Y,0
3883,http://myneta.info/TamilNadu2026/candidate.php?candidate_id=3883,Vijayakumar,33,SINGANALLUR,61,IND,No,8th Pass,,,1,0 ~,0,,,,1,0 ~,0,,Y,0
159,http://myneta.info/TamilNadu2026/candidate.php?candidate_id=159,Dr.S.Rajasekaran,34,SULUR,53,Naam Tamilar Katchi,No,Doctorate,,,1,"11,10,00,000 ~ 11 Crore+",111000000,,,,1,"78,45,000 ~ 78 Lacs+",7845000,,Y,0
3046,http://myneta.info/TamilNadu2026/candidate.php?candidate_id=3046,Kandasamy.A.,34,SULUR,55,IND,No,10th Pass,,,1,"4,46,37,500 ~ 4 Crore+",44637500,,,,1,"23,50,000 ~ 23 Lacs+",2350000,,Y,0
3047,http://myneta.info/TamilNadu2026/candidate.php?candidate_id=3047,Kandasamy.R.,34,SULUR,53,IND,No,10th Pass,,,1,"2,60,000 ~ 2 Lacs+",260000,,,,1,0 ~,0,,Y,0
3048,http://myneta.info/TamilNadu2026/candidate.php?candidate_id=3048,Kandasamy.V.,34,SULUR,58,IND,No,12th Pass,,,1,"75,00,000 ~ 75 Lacs+",7500000,,,,1,0 ~,0,,Y,0
3042,http://myneta.info/TamilNadu2026/candidate.php?candidate_id=3042,Kanthasamy.K.,34,SULUR,46,Anna Puratchi Thalaivar Amma Dravida Munnetra Kazhagam,No,10th Pass,,,1,0 ~,0,,,,1,0 ~,0,,Y,0
3049,http://myneta.info/TamilNadu2026/candidate.php?candidate_id=3049,Murugesan.N.,34,SULUR,42,IND,No,8th Pass,,,1,"5,00,000 ~ 5 Lacs+",500000,,,,1,"1,51,000 ~ 1 Lacs+",151000,,Y,0
3050,http://myneta.info/TamilNadu2026/candidate.php?candidate_id=3050,Murugesh.R.,34,SULUR,51,IND,No,5th Pass,,,1,0 ~,0,,,,1,"2,00,000 ~ 2 Lacs+",200000,,Y,0
3043,http://myneta.info/TamilNadu2026/candidate.php?candidate_id=3043,Nagaraj.K.,34,SULUR,62,Ganasangam Party of India,No,Illiterate,,,1,"2,00,000 ~ 2 Lacs+",200000,,,,1,"2,95,000 ~ 2 Lacs+",295000,,Y,0
459,http://myneta.info/TamilNadu2026/candidate.php?candidate_id=459,Nelson.W.,34,SULUR,63,Tamilaga Makkal Nala Katchi,No,5th Pass,,,1,0 ~,0,,,,1,0 ~,0,,Y,0
882,http://myneta.info/TamilNadu2026/candidate.php?candidate_id=882,Nm.Sukumar,34,SULUR,56,Tamilaga Vettri Kazhagam,Yes 1,Others,,,1,"1,50,00,000 ~ 1 Crore+",15000000,,,,1,"60,28,853 ~ 60 Lacs+",6028853,,Y,2
3044,http://myneta.info/TamilNadu2026/candidate.php?candidate_id=3044,Palanisamy.M.,34,SULUR,68,Party for the Rights of Other backward Classes,No,Post Graduate,,,1,"1,52,00,000 ~ 1 Crore+",15200000,,,,1,"8,29,212 ~ 8 Lacs+",829212,,Y,0
3045,http://myneta.info/TamilNadu2026/candidate.php?candidate_id=3045,Pappa Muthulakshmi.P.,34,SULUR,45,All India Puratchi Thalaivar Makkal Munnettra Kazhagam,No,Post Graduate,,,1,"6,11,00,000 ~ 6 Crore+",61100000,,,,1,"60,00,000 ~ 60 Lacs+",6000000,,Y,0
883,http://myneta.info/TamilNadu2026/candidate.php?candidate_id=883,Suman Singh.R.,34,SULUR,29,Tamizhaga Vaazhvurimai Katchi,No,Graduate Professional,,,1,"50,00,000 ~ 50 Lacs+",5000000,,,,1,"29,28,296 ~ 29 Lacs+",2928296,,Y,0
1253,http://myneta.info/TamilNadu2026/candidate.php?candidate_id=1253,Thalapathy Murugesan,34,SULUR,64,DMK,Yes 3,10th Pass,,,1,"1,55,50,000 ~ 1 Crore+",15550000,,,,1,"6,74,110 ~ 6 Lacs+",674110,,Y,4
1254,http://myneta.info/TamilNadu2026/candidate.php?candidate_id=1254,V.P.Kandasamy,34,SULUR,66,AIADMK,Yes 6,Graduate,,,1,"4,65,00,000 ~ 4 Crore+",46500000,,,,1,"1,17,00,000 ~ 1 Crore+",11700000,,Y,0
2087,http://myneta.info/TamilNadu2026/candidate.php?candidate_id=2087,Arulkumar.P,35,THONDAMUTHUR,33,IND,No,Graduate Professional,,,1,"10,00,000 ~ 10 Lacs+",1000000,,,,1,"3,63,000 ~ 3 Lacs+",363000,,Y,0
2098,http://myneta.info/TamilNadu2026/candidate.php?candidate_id=2098,Balamani.V,35,THONDAMUTHUR,40,IND,No,5th Pass,,,1,0 ~,0,,,,1,0 ~,0,,Y,0
2095,http://myneta.info/TamilNadu2026/candidate.php?candidate_id=2095,Deepa.G.S,35,THONDAMUTHUR,48,IND,No,12th Pass,,,1,0 ~,0,,,,1,0 ~,0,,Y,0
2096,http://myneta.info/TamilNadu2026/candidate.php?candidate_id=2096,Devadass.K,35,THONDAMUTHUR,58,IND,No,12th Pass,,,1,0 ~,0,,,,1,0 ~,0,,Y,0
2088,http://myneta.info/TamilNadu2026/candidate.php?candidate_id=2088,Kalaivani.S,35,THONDAMUTHUR,33,IND,No,Others,,,1,"30,00,000 ~ 30 Lacs+",3000000,,,,1,"9,90,000 ~ 9 Lacs+",990000,,Y,0
2089,http://myneta.info/TamilNadu2026/candidate.php?candidate_id=2089,Karthikeyan.M,35,THONDAMUTHUR,30,IND,No,Graduate,,,1,0 ~,0,,,,1,0 ~,0,,Y,0
2090,http://myneta.info/TamilNadu2026/candidate.php?candidate_id=2090,Karthikeyan.R,35,THONDAMUTHUR,48,IND,No,5th Pass,,,1,0 ~,0,,,,1,0 ~,0,,Y,0
2092,http://myneta.info/TamilNadu2026/candidate.php?candidate_id=2092,Karthikeyan.R-Pooluvapatti,35,THONDAMUTHUR,49,IND,No,12th Pass,,,1,0 ~,0,,,,1,0 ~,0,,Y,0
2091,http://myneta.info/TamilNadu2026/candidate.php?candidate_id=2091,Karthikeyan.R-Thondamuthur,35,THONDAMUTHUR,44,IND,No,5th Pass,,,1,0 ~,0,,,,1,0 ~,0,,Y,0
2093,http://myneta.info/TamilNadu2026/candidate.php?candidate_id=2093,Kowsalya.V,35,THONDAMUTHUR,27,IND,No,10th Pass,,,1,0 ~,0,,,,1,0 ~,0,,Y,0
2099,http://myneta.info/TamilNadu2026/candidate.php?candidate_id=2099,Manokaran.K,35,THONDAMUTHUR,49,IND,No,5th Pass,,,1,0 ~,0,,,,1,0 ~,0,,Y,0
1271,http://myneta.info/TamilNadu2026/candidate.php?candidate_id=1271,N.R.Karthikeyan,35,THONDAMUTHUR,57,DMK,No,Graduate,,,1,"11,50,70,000 ~ 11 Crore+",115070000,,,,1,"29,98,541 ~ 29 Lacs+",2998541,,Y,0
2097,http://myneta.info/TamilNadu2026/candidate.php?candidate_id=2097,Nirmalkumar.R,35,THONDAMUTHUR,28,IND,No,10th Pass,,,1,0 ~,0,,,,1,0 ~,0,,Y,0
2100,http://myneta.info/TamilNadu2026/candidate.php?candidate_id=2100,Rafeeq.A.M.,35,THONDAMUTHUR,56,IND,No,10th Pass,,,1,0 ~,0,,,,1,0 ~,0,,Y,0
178,http://myneta.info/TamilNadu2026/candidate.php?candidate_id=178,Rajabu Nisha.Z,35,THONDAMUTHUR,25,Naam Tamilar Katchi,No,12th Pass,,,1,0 ~,0,,,,1,"34,90,047 ~ 34 Lacs+",3490047,,Y,0
1272,http://myneta.info/TamilNadu2026/candidate.php?candidate_id=1272,S.P.Velumani,35,THONDAMUTHUR,56,AIADMK,Yes 12,Post Graduate,,,1,"6,15,50,150 ~ 6 Crore+",61550150,,,,1,"19,20,14,754 ~ 19 Crore+",192014754,,Y,6
884,http://myneta.info/TamilNadu2026/candidate.php?candidate_id=884,Sathish Raju Alias K.P.R. Sathish,35,THONDAMUTHUR,44,Tamilaga Vettri Kazhagam,No,Post Graduate,,,1,"1,30,00,000 ~ 1 Crore+",13000000,,,,1,"85,43,940 ~ 85 Lacs+",8543940,,Y,0
2086,http://myneta.info/TamilNadu2026/candidate.php?candidate_id=2086,Shajahan.S,35,THONDAMUTHUR,47,Tamizhaga Vaazhvurimai Katchi,No,Graduate,,,1,0 ~,0,,,,1,"81,934 ~ 81 Thou+",81934,,Y,0
2094,http://myneta.info/TamilNadu2026/candidate.php?candidate_id=2094,Sivaraman.C,35,THONDAMUTHUR,43,IND,No,Graduate,,,1,0 ~,0,,,,1,"60,000 ~ 60 Thou+",60000,,Y,0
2101,http://myneta.info/TamilNadu2026/candidate.php?candidate_id=2101,Vijaya.K,35,THONDAMUTHUR,39,IND,No,12th Pass,,,1,"3,00,000 ~ 3 Lacs+",300000,,,,1,"6,84,000 ~ 6 Lacs+",684000,,Y,0
2102,http://myneta.info/TamilNadu2026/candidate.php?candidate_id=2102,Viswanathan.M,35,THONDAMUTHUR,42,IND,No,5th Pass,,,1,0 ~,0,,,,1,0 ~,0,,Y,0
885,http://myneta.info/TamilNadu2026/candidate.php?candidate_id=885,Dr. Sridharan. A,36,VALPARAI (SC),69,Tamilaga Vettri Kazhagam,No,Doctorate,,,1,"11,98,40,000 ~ 11 Crore+",119840000,,,,1,"12,12,812 ~ 12 Lacs+",1212812,,Y,0
1305,http://myneta.info/TamilNadu2026/candidate.php?candidate_id=1305,Kutty Alias Sudhakar. A,36,VALPARAI (SC),49,DMK,No,12th Pass,,,1,0 ~,0,,,,1,0 ~,0,,Y,0
2247,http://myneta.info/TamilNadu2026/candidate.php?candidate_id=2247,Lakshmi. N,36,VALPARAI (SC),44,IND,No,Illiterate,,,1,0 ~,0,,,,1,0 ~,0,,Y,0
1306,http://myneta.info/TamilNadu2026/candidate.php?candidate_id=1306,Lekshmana Singh. D,36,VALPARAI (SC),57,AIADMK,No,12th Pass,,,1,"7,07,93,000 ~ 7 Crore+",70793000,,,,1,"2,42,51,200 ~ 2 Crore+",24251200,,Y,0
206,http://myneta.info/TamilNadu2026/candidate.php?candidate_id=206,Umadevi. P,36,VALPARAI (SC),29,Naam Tamilar Katchi,No,Post Graduate,,,1,0 ~,0,,,,1,"1,80,000 ~ 1 Lacs+",180000,,Y,0
1297,http://myneta.info/TamilNadu2026/candidate.php?candidate_id=1297,Ganesan C.V,38,TITTAKUDI (SC),67,DMK,No,Post Graduate,,,1,"9,27,85,000 ~ 9 Crore+",92785000,,,,1,"6,49,29,838 ~ 6 Crore+",64929838,,Y,0
3053,http://myneta.info/TamilNadu2026/candidate.php?candidate_id=3053,Jaya K,38,TITTAKUDI (SC),47,Tamizhaga Vaazhvurimai Katchi,No,10th Pass,,,1,"1,50,000 ~ 1 Lacs+",150000,,,,1,"2,61,000 ~ 2 Lacs+",261000,,Y,0
201,http://myneta.info/TamilNadu2026/candidate.php?candidate_id=201,Mahalakshmi V,38,TITTAKUDI (SC),27,Naam Tamilar Katchi,No,Graduate Professional,,,1,0 ~,0,,,,1,"2,75,000 ~ 2 Lacs+",275000,,Y,0
3057,http://myneta.info/TamilNadu2026/candidate.php?candidate_id=3057,Murugan A,38,TITTAKUDI (SC),51,IND,Yes 2,10th Pass,,,1,0 ~,0,,,,1,"44,800 ~ 44 Thou+",44800,,Y,0
1296,http://myneta.info/TamilNadu2026/candidate.php?candidate_id=1296,Murugumaran N,38,TITTAKUDI (SC),54,AIADMK,Yes 3,Graduate Professional,,,1,"5,79,14,005 ~ 5 Crore+",57914005,,,,1,"59,57,611 ~ 59 Lacs+",5957611,,Y,0
3055,http://myneta.info/TamilNadu2026/candidate.php?candidate_id=3055,Padmanathan V,38,TITTAKUDI (SC),53,IND,Yes 6,Graduate Professional,,,1,0 ~,0,,,,1,"50,000 ~ 50 Thou+",50000,,Y,0
901,http://myneta.info/TamilNadu2026/candidate.php?candidate_id=901,Palanivel R,38,TITTAKUDI (SC),56,All India Puratchi Thalaivar Makkal Munnettra Kazhagam,No,Graduate Professional,,,1,"3,85,00,000 ~ 3 Crore+",38500000,,,,1,"2,93,300 ~ 2 Lacs+",293300,,Y,0
3056,http://myneta.info/TamilNadu2026/candidate.php?candidate_id=3056,Perinbam D,38,TITTAKUDI (SC),39,IND,Yes 11,12th Pass,,,1,"2,00,000 ~ 2 Lacs+",200000,,,,1,"7,00,000 ~ 7 Lacs+",700000,,Y,0
900,http://myneta.info/TamilNadu2026/candidate.php?candidate_id=900,Rajasekar A,38,TITTAKUDI (SC),46,Tamilaga Vettri Kazhagam,Yes 2,10th Pass,,,1,"2,50,000 ~ 2 Lacs+",250000,,,,1,"21,98,264 ~ 21 Lacs+",2198264,,Y,0
470,http://myneta.info/TamilNadu2026/candidate.php?candidate_id=470,Ravichandran K.P,38,TITTAKUDI (SC),59,BSP,No,Literate,,,1,"3,50,000 ~ 3 Lacs+",350000,,,,1,0 ~,0,,Y,0
3051,http://myneta.info/TamilNadu2026/candidate.php?candidate_id=3051,Sathya M,38,TITTAKUDI (SC),31,Aanaithinthiya Jananayaka Pathukappu Kazhagam,No,Graduate,,,1,"1,60,000 ~ 1 Lacs+",160000,,,,1,0 ~,0,,Y,0
3054,http://myneta.info/TamilNadu2026/candidate.php?candidate_id=3054,Silambarasan J,38,TITTAKUDI (SC),41,IND,No,Others,,,1,0 ~,0,,,,1,0 ~,0,,Y,0
3058,http://myneta.info/TamilNadu2026/candidate.php?candidate_id=3058,Velmurugan G,38,TITTAKUDI (SC),31,IND,No,Graduate Professional,,,1,"12,00,000 ~ 12 Lacs+",1200000,,,,1,0 ~,0,,Y,0
228,http://myneta.info/TamilNadu2026/candidate.php?candidate_id=228,Ananthi Dhandapani,39,VRIDHACHALAM,37,Naam Tamilar Katchi,No,Graduate Professional,,,1,"1,06,00,000 ~ 1 Crore+",10600000,,,,1,"17,00,000 ~ 17 Lacs+",1700000,,Y,0
1906,http://myneta.info/TamilNadu2026/candidate.php?candidate_id=1906,Arivazhagan.E.N,39,VRIDHACHALAM,50,Tamizhaga Vaazhvurimai Katchi,No,Others,,,1,"17,96,560 ~ 17 Lacs+",1796560,,,,1,"1,30,00,000 ~ 1 Crore+",13000000,,Y,0
229,http://myneta.info/TamilNadu2026/candidate.php?candidate_id=229,Arivudainambi.S,39,VRIDHACHALAM,56,Anti Corruption Dynamic Party,No,Graduate Professional,,,1,"3,00,000 ~ 3 Lacs+",300000,,,,1,0 ~,0,,Y,0
1912,http://myneta.info/TamilNadu2026/candidate.php?candidate_id=1912,Balu.P,39,VRIDHACHALAM,39,IND,No,12th Pass,,,1,0 ~,0,,,,1,0 ~,0,,Y,0
1911,http://myneta.info/TamilNadu2026/candidate.php?candidate_id=1911,Deiveegadass.M,39,VRIDHACHALAM,46,IND,No,10th Pass,,,1,"50,000 ~ 50 Thou+",50000,,,,1,"4,45,000 ~ 4 Lacs+",445000,,Y,0
1332,http://myneta.info/TamilNadu2026/candidate.php?candidate_id=1332,Dr.Tamizharasi.P,39,VRIDHACHALAM,71,Pattali Makkal Katchi,No,Graduate Professional,,,1,"1,29,74,130 ~ 1 Crore+",12974130,,,,1,"2,06,73,775 ~ 2 Crore+",20673775,,Y,0
1910,http://myneta.info/TamilNadu2026/candidate.php?candidate_id=1910,Durai.K,39,VRIDHACHALAM,49,IND,No,Post Graduate,,,1,0 ~,0,,,,1,0 ~,0,,Y,0
1908,http://myneta.info/TamilNadu2026/candidate.php?candidate_id=1908,Ezhilkumar.K,39,VRIDHACHALAM,43,IND,No,10th Pass,,,1,0 ~,0,,,,1,0 ~,0,,Y,0
1907,http://myneta.info/TamilNadu2026/candidate.php?candidate_id=1907,Gnanasundari.M,39,VRIDHACHALAM,40,Aanaithinthiya Jananayaka Pathukappu Kazhagam,No,Graduate,,,1,"24,38,103 ~ 24 Lacs+",2438103,,,,1,"1,00,000 ~ 1 Lacs+",100000,,Y,0
1914,http://myneta.info/TamilNadu2026/candidate.php?candidate_id=1914,Jayaprakash.S,39,VRIDHACHALAM,37,IND,No,12th Pass,,,1,"9,50,000 ~ 9 Lacs+",950000,,,,1,"45,000 ~ 45 Thou+",45000,,Y,0
1913,http://myneta.info/TamilNadu2026/candidate.php?candidate_id=1913,Prabakaran.T,39,VRIDHACHALAM,35,IND,No,12th Pass,,,1,"6,00,000 ~ 6 Lacs+",600000,,,,1,"7,50,000 ~ 7 Lacs+",750000,,Y,0
1331,http://myneta.info/TamilNadu2026/candidate.php?candidate_id=1331,Premallatha Vijayakant,39,VRIDHACHALAM,60,Desiya Murpokku Dravida Kazhagam,Yes 9,Graduate,,,1,"63,38,80,043 ~ 63 Crore+",633880043,,,,1,"57,81,10,656 ~ 57 Crore+",578110656,,Y,1
372,http://myneta.info/TamilNadu2026/candidate.php?candidate_id=372,Sathiya.B,39,VRIDHACHALAM,36,Anna Makkal Katchi,No,Graduate,,,1,"18,00,000 ~ 18 Lacs+",1800000,,,,1,"11,75,000 ~ 11 Lacs+",1175000,,Y,0
902,http://myneta.info/TamilNadu2026/candidate.php?candidate_id=902,Sidharthan.S,39,VRIDHACHALAM,62,Desiya Makkal Sakthi Katchi,No,Post Graduate,,,1,0 ~,0,,,,1,0 ~,0,,Y,0
376,http://myneta.info/TamilNadu2026/candidate.php?candidate_id=376,Sivaprakasam.V,39,VRIDHACHALAM,68,BSP,No,8th Pass,,,1,"2,00,000 ~ 2 Lacs+",200000,,,,1,0 ~,0,,Y,0
1909,http://myneta.info/TamilNadu2026/candidate.php?candidate_id=1909,Sivasankaran.K,39,VRIDHACHALAM,38,IND,No,Graduate,,,1,0 ~,0,,,,1,0 ~,0,,Y,0
374,http://myneta.info/TamilNadu2026/candidate.php?candidate_id=374,Srinivasan.R,39,VRIDHACHALAM,53,IND,No,10th Pass,,,1,0 ~,0,,,,1,0 ~,0,,Y,0
904,http://myneta.info/TamilNadu2026/candidate.php?candidate_id=904,Vijay.S,39,VRIDHACHALAM,40,Tamilaga Vettri Kazhagam,Yes 1,Graduate,,,1,"15,00,000 ~ 15 Lacs+",1500000,,,,1,"19,03,843 ~ 19 Lacs+",1903843,,Y,0
895,http://myneta.info/TamilNadu2026/candidate.php?candidate_id=895,Anand.K,40,NEYVELI,40,Tamilaga Vettri Kazhagam,No,Graduate Professional,,,1,"1,84,17,000 ~ 1 Crore+",18417000,,,,1,"14,63,099 ~ 14 Lacs+",1463099,,Y,0
3062,http://myneta.info/TamilNadu2026/candidate.php?candidate_id=3062,Chezhiyan.G,40,NEYVELI,39,IND,No,Post Graduate,,,1,0 ~,0,,,,1,0 ~,0,,Y,0
896,http://myneta.info/TamilNadu2026/candidate.php?candidate_id=896,Jothimurugan.V,40,NEYVELI,42,BSP,No,12th Pass,,,1,0 ~,0,,,,1,0 ~,0,,Y,0
3060,http://myneta.info/TamilNadu2026/candidate.php?candidate_id=3060,Karthikeyan.C.M,40,NEYVELI,34,IND,No,Graduate Professional,,,1,0 ~,0,,,,1,0 ~,0,,Y,0
3063,http://myneta.info/TamilNadu2026/candidate.php?candidate_id=3063,Manimaran.P,40,NEYVELI,45,IND,No,8th Pass,,,1,"21,50,000 ~ 21 Lacs+",2150000,,,,1,"2,00,000 ~ 2 Lacs+",200000,,Y,0
899,http://myneta.info/TamilNadu2026/candidate.php?candidate_id=899,Mayakrishnan.K,40,NEYVELI,50,Veerath Thiyagi Viswanathadoss Thozhilalarkal Katchi,No,5th Pass,,,1,"5,00,000 ~ 5 Lacs+",500000,,,,1,0 ~,0,,Y,0
1205,http://myneta.info/TamilNadu2026/candidate.php?candidate_id=1205,Rajendran.R,40,NEYVELI,66,AIADMK,No,12th Pass,,,1,"21,28,01,283 ~ 21 Crore+",212801283,,,,1,0 ~,0,,Y,0
1206,http://myneta.info/TamilNadu2026/candidate.php?candidate_id=1206,Saba.Rajendran,40,NEYVELI,64,DMK,No,Graduate Professional,,,1,"9,51,00,000 ~ 9 Crore+",95100000,,,,1,"4,39,67,607 ~ 4 Crore+",43967607,,Y,0
3061,http://myneta.info/TamilNadu2026/candidate.php?candidate_id=3061,Sathiyaseelan.M,40,NEYVELI,44,IND,No,Post Graduate,,,1,"20,00,000 ~ 20 Lacs+",2000000,,,,1,0 ~,0,,Y,0
3059,http://myneta.info/TamilNadu2026/candidate.php?candidate_id=3059,Thirumalvalavan.T,40,NEYVELI,56,Tamizhaga Vaazhvurimai Katchi,Yes 3,Post Graduate,,,1,"5,55,74,500 ~ 5 Crore+",55574500,,,,1,"13,45,19,463 ~ 13 Crore+",134519463,,Y,6
107,http://myneta.info/TamilNadu2026/candidate.php?candidate_id=107,Veeramani.B,40,NEYVELI,46,Naam Tamilar Katchi,Yes 4,Others,,,1,"56,00,000 ~ 56 Lacs+",5600000,,,,1,"46,68,600 ~ 46 Lacs+",4668600,,Y,0
1210,http://myneta.info/TamilNadu2026/candidate.php?candidate_id=1210,Abdur Rahman. A.R,41,PANRUTI,62,Viduthalai Chiruthaigal Katchi,No,12th Pass,,,1,"14,78,52,000 ~ 14 Crore+",147852000,,,,1,"12,000 ~ 12 Thou+",12000,,Y,0
118,http://myneta.info/TamilNadu2026/candidate.php?candidate_id=118,Banupriya. M,41,PANRUTI,32,Naam Tamilar Katchi,No,Post Graduate,,,1,0 ~,0,,,,1,"5,38,000 ~ 5 Lacs+",538000,,Y,0
237,http://myneta.info/TamilNadu2026/candidate.php?candidate_id=237,Manikandan. M,41,PANRUTI,35,Tamilaga Vettri Kazhagam,No,Graduate Professional,,,1,"53,00,000 ~ 53 Lacs+",5300000,,,,1,"42,76,327 ~ 42 Lacs+",4276327,,Y,0
2251,http://myneta.info/TamilNadu2026/candidate.php?candidate_id=2251,Mohammed Safi. A,41,PANRUTI,25,IND,No,Graduate Professional,,,1,0 ~,0,,,,1,0 ~,0,,Y,0
1209,http://myneta.info/TamilNadu2026/candidate.php?candidate_id=1209,Mohan. K,41,PANRUTI,43,AIADMK,Yes 5,8th Pass,,,1,"2,29,36,390 ~ 2 Crore+",22936390,,,,1,"2,71,88,948 ~ 2 Crore+",27188948,,Y,0
2250,http://myneta.info/TamilNadu2026/candidate.php?candidate_id=2250,Prakash. R,41,PANRUTI,41,Thamizhaka Padaippalar Makkal Katchi,No,Post Graduate,,,1,"35,60,000 ~ 35 Lacs+",3560000,,,,1,"10,30,000 ~ 10 Lacs+",1030000,,Y,0
2252,http://myneta.info/TamilNadu2026/candidate.php?candidate_id=2252,Ramalingam. A,41,PANRUTI,76,IND,No,10th Pass,,,1,"1,00,00,000 ~ 1 Crore+",10000000,,,,1,0 ~,0,,Y,0
2248,http://myneta.info/TamilNadu2026/candidate.php?candidate_id=2248,Srikanthu. S,41,PANRUTI,42,BSP,No,10th Pass,,,1,0 ~,0,,,,1,0 ~,0,,Y,0
2249,http://myneta.info/TamilNadu2026/candidate.php?candidate_id=2249,Surendar. R,41,PANRUTI,42,Tamizhaga Vaazhvurimai Katchi,Yes 1,Post Graduate,,,1,"6,46,000 ~ 6 Lacs+ Bad Scan",646000,,,,1,0 ~,0,,Y,2
1384,https://myneta.info/TamilNadu2026/candidate.php?candidate_id=1384,A.S.Chandarasekaran,42,CUDDALORE,58,INC,No,Graduate Professional,,,1,"6,76,80,000 ~ 6 Crore+",67680000,,,,1,"64,37,783 ~ 64 Lacs+",6437783,,Y,0
890,https://myneta.info/TamilNadu2026/candidate.php?candidate_id=890,B.Rajkumar,42,CUDDALORE,46,Tamilaga Vettri Kazhagam,Yes 2,Others,,,1,"2,10,000 ~ 2 Lacs+",210000,,,,1,"39,17,441 ~ 39 Lacs+",3917441,,Y,0
3438,https://myneta.info/TamilNadu2026/candidate.php?candidate_id=3438,E.Farook Ali,42,CUDDALORE,57,IND,Yes 1,8th Pass,,,1,"7,00,000 ~ 7 Lacs+",700000,,,,1,"75,000 ~ 75 Thou+",75000,,Y,0
3436,https://myneta.info/TamilNadu2026/candidate.php?candidate_id=3436,E.Gurubaran,42,CUDDALORE,34,IND,No,Graduate Professional,,,1,0 ~,0,,,,1,0 ~,0,,Y,0
893,https://myneta.info/TamilNadu2026/candidate.php?candidate_id=893,K.Lenin,42,CUDDALORE,48,Tamizhaga Vaazhvurimai Katchi,Yes 1,Graduate Professional,,,1,"1,00,84,000 ~ 1 Crore+",10084000,,,,1,"1,72,000 ~ 1 Lacs+",172000,,Y,0
1383,https://myneta.info/TamilNadu2026/candidate.php?candidate_id=1383,M.C.Sampath,42,CUDDALORE,67,AIADMK,Yes 1,Graduate Professional,,,1,"53,72,45,860 ~ 53 Crore+",537245860,,,,1,"18,86,48,964 ~ 18 Crore+",188648964,,Y,1
690,https://myneta.info/TamilNadu2026/candidate.php?candidate_id=690,P.Nagasundaram,42,CUDDALORE,43,IND,Yes 5,Post Graduate,,,1,"45,00,000 ~ 45 Lacs+",4500000,,,,1,"89,000 ~ 89 Thou+",89000,,Y,3
892,https://myneta.info/TamilNadu2026/candidate.php?candidate_id=892,P.Natarajan,42,CUDDALORE,43,BSP,No,Graduate Professional,,,1,"7,40,000 ~ 7 Lacs+",740000,,,,1,0 ~,0,,Y,0
3435,http://myneta.info/TamilNadu2026/candidate.php?candidate_id=3435,R. Veeramani,42,CUDDALORE,30,IND,No,8th Pass,,,1,0 ~,0,,,,1,0 ~,0,,Y,0
894,https://myneta.info/TamilNadu2026/candidate.php?candidate_id=894,R.Mayavan,42,CUDDALORE,52,IND,No,10th Pass,,,1,"30,00,000 ~ 30 Lacs+",3000000,,,,1,0 ~,0,,Y,0
686,https://myneta.info/TamilNadu2026/candidate.php?candidate_id=686,R.Ramachandran,42,CUDDALORE,41,IND,No,Graduate Professional,,,1,"15,00,000 ~ 15 Lacs+",1500000,,,,1,"25,00,000 ~ 25 Lacs+",2500000,,Y,0
3434,https://myneta.info/TamilNadu2026/candidate.php?candidate_id=3434,S. Ramasamy,42,CUDDALORE,70,All India Puratchi Thalaivar Makkal Munnettra Kazhagam,No,10th Pass,,,1,"29,00,000 ~ 29 Lacs+",2900000,,,,1,0 ~,0,,Y,0
687,https://myneta.info/TamilNadu2026/candidate.php?candidate_id=687,S.Rajamohan,42,CUDDALORE,72,IND,No,Post Graduate,,,1,"70,00,000 ~ 70 Lacs+",7000000,,,,1,0 ~,0,,Y,0
32,https://myneta.info/TamilNadu2026/candidate.php?candidate_id=32,S.Sarasu,42,CUDDALORE,40,Naam Tamilar Katchi,No,Post Graduate,,,1,"1,50,00,000 ~ 1 Crore+",15000000,,,,1,"8,10,000 ~ 8 Lacs+",810000,,Y,0
3437,https://myneta.info/TamilNadu2026/candidate.php?candidate_id=3437,V. Suganthi,42,CUDDALORE,30,IND,No,12th Pass,,,1,"2,50,000 ~ 2 Lacs+",250000,,,,1,0 ~,0,,Y,0
1358,http://myneta.info/TamilNadu2026/candidate.php?candidate_id=1358,A Bhuvanenthiran,43,KURINJIPADI,60,AIADMK,Yes 1,12th Pass,,,1,"2,45,00,000 ~ 2 Crore+",24500000,,,,1,"1,49,02,790 ~ 1 Crore+",14902790,,Y,2
3066,http://myneta.info/TamilNadu2026/candidate.php?candidate_id=3066,Arumugam R,43,KURINJIPADI,50,IND,No,Others,,,1,0 ~,0,,,,1,0 ~,0,,Y,0
819,http://myneta.info/TamilNadu2026/candidate.php?candidate_id=819,Dhanakesavamoorthy A.C.T,43,KURINJIPADI,57,IND,No,Post Graduate,,,1,"25,00,000 ~ 25 Lacs+",2500000,,,,1,"6,00,000 ~ 6 Lacs+",600000,,Y,0
275,http://myneta.info/TamilNadu2026/candidate.php?candidate_id=275,Kavitha Renganathan,43,KURINJIPADI,48,Naam Tamilar Katchi,No,Post Graduate,,,1,"65,00,000 ~ 65 Lacs+",6500000,,,,1,"1,80,000 ~ 1 Lacs+",180000,,Y,0
820,http://myneta.info/TamilNadu2026/candidate.php?candidate_id=820,M Kanagaraj,43,KURINJIPADI,36,BSP,No,Graduate Professional,,,1,0 ~,0,,,,1,"4,00,000 ~ 4 Lacs+",400000,,Y,0
1359,http://myneta.info/TamilNadu2026/candidate.php?candidate_id=1359,M.R.K.Panneerselvam,43,KURINJIPADI,68,DMK,Yes 2,Graduate Professional,,,1,"10,57,59,809 ~ 10 Crore+",105759809,,,,1,"18,76,592 ~ 18 Lacs+",1876592,,Y,0
3067,http://myneta.info/TamilNadu2026/candidate.php?candidate_id=3067,Manimala R,43,KURINJIPADI,48,IND,No,5th Pass,,,1,0 ~,0,,,,1,"3,00,000 ~ 3 Lacs+",300000,,Y,0
3068,http://myneta.info/TamilNadu2026/candidate.php?candidate_id=3068,Muthazhagan N,43,KURINJIPADI,55,IND,No,12th Pass,,,1,"1,00,000 ~ 1 Lacs+",100000,,,,1,"70,000 ~ 70 Thou+",70000,,Y,0
3065,http://myneta.info/TamilNadu2026/candidate.php?candidate_id=3065,R Srinivasan,43,KURINJIPADI,52,Tamil Telugu National Party,No,10th Pass,,,1,"5,20,500 ~ 5 Lacs+",520500,,,,1,"10,97,000 ~ 10 Lacs+",1097000,,Y,0
323,http://myneta.info/TamilNadu2026/candidate.php?candidate_id=323,Rajkumar D,43,KURINJIPADI,40,Tamilaga Vettri Kazhagam,No,Others,,,1,"1,75,00,000 ~ 1 Crore+",17500000,,,,1,"2,75,40,442 ~ 2 Crore+",27540442,,Y,0
3064,http://myneta.info/TamilNadu2026/candidate.php?candidate_id=3064,T Kannan,43,KURINJIPADI,49,Tamizhaga Vaazhvurimai Katchi,Yes 3,10th Pass,,,1,"8,39,99,500 ~ 8 Crore+",83999500,,,,1,"3,84,27,989 ~ 3 Crore+",38427989,,Y,3
3429,http://myneta.info/TamilNadu2026/candidate.php?candidate_id=3429,Arunmozhi . V,44,BHUVANAGIRI,28,IND,No,Post Graduate,,,1,"4,50,000 ~ 4 Lacs+",450000,,,,1,0 ~,0,,Y,0
1150,http://myneta.info/TamilNadu2026/candidate.php?candidate_id=1150,Arunmozhithevan . A,44,BHUVANAGIRI,57,AIADMK,Yes 1,Graduate Professional,,,1,"3,20,00,000 ~ 3 Crore+",32000000,,,,1,"25,00,000 ~ 25 Lacs+",2500000,,Y,0
889,http://myneta.info/TamilNadu2026/candidate.php?candidate_id=889,Balamurugan . G. C,44,BHUVANAGIRI,44,IND,No,10th Pass,,,1,0 ~,0,,,,1,0 ~,0,,Y,0
3433,http://myneta.info/TamilNadu2026/candidate.php?candidate_id=3433,Balamurugan . M. R,44,BHUVANAGIRI,45,IND,No,Post Graduate,,,1,0 ~,0,,,,1,0 ~,0,,Y,0
3430,http://myneta.info/TamilNadu2026/candidate.php?candidate_id=3430,Ezhilventhan . P,44,BHUVANAGIRI,59,IND,No,12th Pass,,,1,"26,67,720 ~ 26 Lacs+",2667720,,,,1,0 ~,0,,Y,0
3431,http://myneta.info/TamilNadu2026/candidate.php?candidate_id=3431,Iyyappan . S,44,BHUVANAGIRI,27,IND,No,Graduate Professional,,,1,0 ~,0,,,,1,"10,78,000 ~ 10 Lacs+",1078000,,Y,0
677,http://myneta.info/TamilNadu2026/candidate.php?candidate_id=677,Kumaravelu . M,44,BHUVANAGIRI,51,BSP,No,Others,,,1,0 ~,0,,,,1,"80,000 ~ 80 Thou+",80000,,Y,0
887,http://myneta.info/TamilNadu2026/candidate.php?candidate_id=887,Mahalingam . T,44,BHUVANAGIRI,48,Tamilaga Vettri Kazhagam,Yes 1,12th Pass,,,1,"3,53,64,800 ~ 3 Crore+",35364800,,,,1,"2,72,48,403 ~ 2 Crore+",27248403,,Y,0
3428,http://myneta.info/TamilNadu2026/candidate.php?candidate_id=3428,Muthamizhan . Seva,44,BHUVANAGIRI,32,Tamizhaga Vaazhvurimai Katchi,No,Graduate,,,1,0 ~,0,,,,1,"56,00,000 ~ 56 Lacs+",5600000,,Y,0
888,http://myneta.info/TamilNadu2026/candidate.php?candidate_id=888,Raja Sekar . G,44,BHUVANAGIRI,28,IND,No,Graduate,,,1,"80,00,000 ~ 80 Lacs+",8000000,,,,1,"5,10,000 ~ 5 Lacs+",510000,,Y,0
3432,http://myneta.info/TamilNadu2026/candidate.php?candidate_id=3432,Saravanan . J,44,BHUVANAGIRI,62,IND,No,Others,,,1,"40,00,000 ~ 40 Lacs+",4000000,,,,1,0 ~,0,,Y,0
21,http://myneta.info/TamilNadu2026/candidate.php?candidate_id=21,Sumathi . S,44,BHUVANAGIRI,52,Naam Tamilar Katchi,No,Post Graduate,,,1,0 ~,0,,,,1,"35,00,000 ~ 35 Lacs+",3500000,,Y,0
2253,http://myneta.info/TamilNadu2026/candidate.php?candidate_id=2253,Dhanasekaran. M,45,CHIDAMBARAM,71,All India Puratchi Thalaivar Makkal Munnettra Kazhagam,No,Graduate,,,1,"66,50,000 ~ 66 Lacs+",6650000,,,,1,"1,98,000 ~ 1 Lacs+",198000,,Y,0
2256,http://myneta.info/TamilNadu2026/candidate.php?candidate_id=2256,Easan Natarajan. T,45,CHIDAMBARAM,42,IND,No,Post Graduate,,,1,0 ~,0,,,,1,"6,13,647 ~ 6 Lacs+",613647,,Y,0
2259,http://myneta.info/TamilNadu2026/candidate.php?candidate_id=2259,Er. Jayakkumar. R,45,CHIDAMBARAM,65,IND,Yes 1,Post Graduate,,,1,"2,75,60,000 ~ 2 Crore+",27560000,,,,1,"3,92,439 ~ 3 Lacs+",392439,,Y,0
2258,http://myneta.info/TamilNadu2026/candidate.php?candidate_id=2258,Manimaran. D,45,CHIDAMBARAM,38,IND,No,12th Pass,,,1,0 ~,0,,,,1,0 ~,0,,Y,0
2255,http://myneta.info/TamilNadu2026/candidate.php?candidate_id=2255,Munisankar. K,45,CHIDAMBARAM,54,Anna Puratchi Thalaivar Amma Dravida Munnetra Kazhagam,No,12th Pass,,,1,0 ~,0,,,,1,0 ~,0,,Y,0
2254,http://myneta.info/TamilNadu2026/candidate.php?candidate_id=2254,Nedunchezhiyan,45,CHIDAMBARAM,75,Tamilaga Vettri Kazhagam,No,10th Pass,,,1,"39,00,000 ~ 39 Lacs+",3900000,,,,1,0 ~,0,,Y,0
837,http://myneta.info/TamilNadu2026/candidate.php?candidate_id=837,Pandian. K.A,45,CHIDAMBARAM,64,AIADMK,No,Post Graduate,,,1,"4,56,00,000 ~ 4 Crore+",45600000,,,,1,"3,83,29,077 ~ 3 Crore+",38329077,,Y,0
1393,http://myneta.info/TamilNadu2026/candidate.php?candidate_id=1393,Thamimun Ansari. M,45,CHIDAMBARAM,50,DMK,Yes 2,Post Graduate,,,1,"25,00,000 ~ 25 Lacs+",2500000,,,,1,0 ~,0,,Y,0
27,http://myneta.info/TamilNadu2026/candidate.php?candidate_id=27,Thamizh,45,CHIDAMBARAM,35,Naam Tamilar Katchi,Yes 2,Post Graduate,,,1,0 ~,0,,,,1,0 ~,0,,Y,2
2257,http://myneta.info/TamilNadu2026/candidate.php?candidate_id=2257,Thirugnanam. K,45,CHIDAMBARAM,56,IND,No,12th Pass,,,1,"6,00,000 ~ 6 Lacs+",600000,,,,1,"1,35,000 ~ 1 Lacs+",135000,,N,0
571,http://myneta.info/TamilNadu2026/candidate.php?candidate_id=571,Venkatesan. D,45,CHIDAMBARAM,54,IND,No,8th Pass,,,1,0 ~,0,,,,1,0 ~,0,,Y,0
1171,http://myneta.info/TamilNadu2026/candidate.php?candidate_id=1171,A. Sozhan,46,KATTUMANNARKOIL (SC),42,Pattali Makkal Katchi,No,Graduate Professional,,,1,"60,00,000 ~ 60 Lacs+",6000000,,,,1,"30,26,449 ~ 30 Lacs+",3026449,,Y,0
2663,http://myneta.info/TamilNadu2026/candidate.php?candidate_id=2663,Alavanthar .M,46,KATTUMANNARKOIL (SC),55,Tamizhaga Vaazhvurimai Katchi,Yes 1,12th Pass,,,1,"26,30,000 ~ 26 Lacs+",2630000,,,,1,"27,00,000 ~ 27 Lacs+",2700000,,Y,4
337,http://myneta.info/TamilNadu2026/candidate.php?candidate_id=337,Babu .B,46,KATTUMANNARKOIL (SC),31,Rashtriya Samaj Dal (R),No,8th Pass,,,1,"2,50,000 ~ 2 Lacs+",250000,,,,1,"2,30,000 ~ 2 Lacs+",230000,,Y,0
2664,http://myneta.info/TamilNadu2026/candidate.php?candidate_id=2664,G. Kalyana Sundaram,46,KATTUMANNARKOIL (SC),54,All India Jananayaka Makkal Kazhagam,No,Post Graduate,,,1,0 ~,0,,,,1,0 ~,0,,Y,0
1170,http://myneta.info/TamilNadu2026/candidate.php?candidate_id=1170,L.E. Jothimani,46,KATTUMANNARKOIL (SC),71,Viduthalai Chiruthaigal Katchi,Yes 1,Others,,,1,"50,00,000 ~ 50 Lacs+",5000000,,,,1,"3,42,000 ~ 3 Lacs+",342000,,Y,0
336,http://myneta.info/TamilNadu2026/candidate.php?candidate_id=336,M.A.T. Archunan,46,KATTUMANNARKOIL (SC),68,IND,No,Post Graduate,,,1,"27,05,000 ~ 27 Lacs+",2705000,,,,1,0 ~,0,,Y,0
2666,http://myneta.info/TamilNadu2026/candidate.php?candidate_id=2666,S. Murali,46,KATTUMANNARKOIL (SC),36,Aanaithinthiya Jananayaka Pathukappu Kazhagam,No,Post Graduate,,,1,0 ~,0,,,,1,"1,00,00,000 ~ 1 Crore+",10000000,,Y,0
2665,http://myneta.info/TamilNadu2026/candidate.php?candidate_id=2665,S. Seenuvasan,46,KATTUMANNARKOIL (SC),57,Tamilaga Vettri Kazhagam,Yes 2,8th Pass,,,1,"60,00,000 ~ 60 Lacs+",6000000,,,,1,"16,22,000 ~ 16 Lacs+",1622000,,Y,0
2667,http://myneta.info/TamilNadu2026/candidate.php?candidate_id=2667,Sankarkumar .S,46,KATTUMANNARKOIL (SC),47,IND,No,12th Pass,,,1,0 ~,0,,,,1,0 ~,0,,Y,0
2662,http://myneta.info/TamilNadu2026/candidate.php?candidate_id=2662,Satheeshkumar .M,46,KATTUMANNARKOIL (SC),38,BSP,No,Graduate Professional,,,1,0 ~,0,,,,1,"17,13,508 ~ 17 Lacs+",1713508,,Y,0
62,http://myneta.info/TamilNadu2026/candidate.php?candidate_id=62,Sivajothi .M,46,KATTUMANNARKOIL (SC),41,Naam Tamilar Katchi,Yes 3,Graduate,,,1,"12,50,000 ~ 12 Lacs+",1250000,,,,1,"3,85,000 ~ 3 Lacs+",385000,,Y,1
1208,http://myneta.info/TamilNadu2026/candidate.php?candidate_id=1208,Anbalagan. K.P.,47,PALACODE,67,AIADMK,Yes 2,12th Pass,,,1,"8,13,00,000 ~ 8 Crore+",81300000,,,,1,"9,55,98,602 ~ 9 Crore+",95598602,,Y,0
113,http://myneta.info/TamilNadu2026/candidate.php?candidate_id=113,Boopathi. R.,47,PALACODE,50,Naam Tamilar Katchi,No,Post Graduate,,,1,"5,96,00,000 ~ 5 Crore+",59600000,,,,1,0 ~,0,,Y,0
3760,http://myneta.info/TamilNadu2026/candidate.php?candidate_id=3760,Chinnasamy. N.,47,PALACODE,39,IND,Yes 2,12th Pass,,,1,"26,00,000 ~ 26 Lacs+",2600000,,,,1,"11,00,000 ~ 11 Lacs+",1100000,,Y,0
906,http://myneta.info/TamilNadu2026/candidate.php?candidate_id=906,Dr. Dnv Senthilkumar. S.,47,PALACODE,48,DMK,No,Post Graduate,,,1,0 ~,0,,,,1,"1,26,43,337 ~ 1 Crore+",12643337,,Y,0
3755,http://myneta.info/TamilNadu2026/candidate.php?candidate_id=3755,Gopi. R.,47,PALACODE,49,Tamilaga Vettri Kazhagam,No,Post Graduate,,,1,"13,19,55,743 ~ 13 Crore+",131955743,,,,1,"13,16,54,777 ~ 13 Crore+",131654777,,Y,0
3758,http://myneta.info/TamilNadu2026/candidate.php?candidate_id=3758,Jayaraman Perumal. P.,47,PALACODE,54,Tamizhaga Vaazhvurimai Katchi,Yes 1,8th Pass,,,1,"4,98,225 ~ 4 Lacs+",498225,,,,1,"8,53,000 ~ 8 Lacs+",853000,,Y,0
3759,http://myneta.info/TamilNadu2026/candidate.php?candidate_id=3759,Krishnan. L.,47,PALACODE,57,IND,No,10th Pass,,,1,"10,00,000 ~ 10 Lacs+",1000000,,,,1,"12,00,000 ~ 12 Lacs+",1200000,,Y,0
551,http://myneta.info/TamilNadu2026/candidate.php?candidate_id=551,Madhappan. P.,47,PALACODE,48,IND,No,8th Pass,,,1,"25,00,000 ~ 25 Lacs+",2500000,,,,1,"7,83,000 ~ 7 Lacs+",783000,,Y,0
3756,http://myneta.info/TamilNadu2026/candidate.php?candidate_id=3756,Palaniyammal. M.,47,PALACODE,58,Tamilar Makkal Katchi,No,Illiterate,,,1,0 ~,0,,,,1,0 ~,0,,Y,0
554,http://myneta.info/TamilNadu2026/candidate.php?candidate_id=554,Perumal Munusamy. M.,47,PALACODE,43,IND,No,Graduate Professional,,,1,"30,00,000 ~ 30 Lacs+",3000000,,,,1,"20,50,000 ~ 20 Lacs+",2050000,,Y,0
3761,http://myneta.info/TamilNadu2026/candidate.php?candidate_id=3761,Raman. M.,47,PALACODE,48,IND,No,10th Pass,,,1,"8,00,000 ~ 8 Lacs+",800000,,,,1,"8,24,765 ~ 8 Lacs+",824765,,Y,0
3757,http://myneta.info/TamilNadu2026/candidate.php?candidate_id=3757,Ramesh. P.,47,PALACODE,48,Naadaalum Makkal Katchi,No,8th Pass,,,1,"15,00,000 ~ 15 Lacs+",1500000,,,,1,"4,00,000 ~ 4 Lacs+",400000,,Y,0
553,http://myneta.info/TamilNadu2026/candidate.php?candidate_id=553,Senthilkumar. G.,47,PALACODE,52,IND,No,Graduate Professional,,,1,"40,00,000 ~ 40 Lacs+",4000000,,,,1,"30,17,000 ~ 30 Lacs+",3017000,,Y,0
552,http://myneta.info/TamilNadu2026/candidate.php?candidate_id=552,Senthilkumar. K,47,PALACODE,48,IND,No,Graduate Professional,,,1,"43,62,000 ~ 43 Lacs+",4362000,,,,1,"4,70,000 ~ 4 Lacs+",470000,,Y,0
3762,http://myneta.info/TamilNadu2026/candidate.php?candidate_id=3762,Ajith Kumar. S.,48,PENNAGARAM,27,BSP,No,Graduate Professional,,,1,0 ~,0,,,,1,"1,63,000 ~ 1 Lacs+",163000,,Y,0
3765,http://myneta.info/TamilNadu2026/candidate.php?candidate_id=3765,Annamalai. M.,48,PENNAGARAM,29,IND,No,Post Graduate,,,1,"3,00,000 ~ 3 Lacs+",300000,,,,1,"60,200 ~ 60 Thou+",60200,,Y,0
3766,http://myneta.info/TamilNadu2026/candidate.php?candidate_id=3766,Arunkumar. G.,48,PENNAGARAM,41,IND,No,10th Pass,,,1,"14,00,000 ~ 14 Lacs+",1400000,,,,1,"10,76,000 ~ 10 Lacs+",1076000,,Y,0
3767,http://myneta.info/TamilNadu2026/candidate.php?candidate_id=3767,Elavarsan. A.,48,PENNAGARAM,32,IND,No,Others,,,1,0 ~,0,,,,1,"2,16,500 ~ 2 Lacs+",216500,,Y,0
1214,http://myneta.info/TamilNadu2026/candidate.php?candidate_id=1214,G. K. M. Tamilkumaran,48,PENNAGARAM,48,INC,No,Graduate Professional,,,1,"39,13,82,008 ~ 39 Crore+",391382008,,,,1,"68,69,81,418 ~ 68 Crore+",686981418,,Y,0
1216,http://myneta.info/TamilNadu2026/candidate.php?candidate_id=1216,Gajendran. S.,48,PENNAGARAM,43,Tamilaga Vettri Kazhagam,No,5th Pass,,,1,"4,14,00,000 ~ 4 Crore+",41400000,,,,1,0 ~,0,,Y,0
3770,http://myneta.info/TamilNadu2026/candidate.php?candidate_id=3770,Gnanaselvam. S.,48,PENNAGARAM,42,IND,No,10th Pass,,,1,"2,00,000 ~ 2 Lacs+",200000,,,,1,0 ~,0,,Y,0
3763,http://myneta.info/TamilNadu2026/candidate.php?candidate_id=3763,Kannan. K.,48,PENNAGARAM,54,Tamilar Makkal Katchi,No,Graduate Professional,,,1,"4,00,00,000 ~ 4 Crore+",40000000,,,,1,0 ~,0,,Y,0
3773,http://myneta.info/TamilNadu2026/candidate.php?candidate_id=3773,Manivannan. S.,48,PENNAGARAM,48,IND,No,Post Graduate,,,1,"47,00,000 ~ 47 Lacs+",4700000,,,,1,"35,23,000 ~ 35 Lacs+",3523000,,Y,0
3774,http://myneta.info/TamilNadu2026/candidate.php?candidate_id=3774,Manoharan. K. A.,48,PENNAGARAM,48,IND,No,10th Pass,,,1,"10,00,000 ~ 10 Lacs+",1000000,,,,1,0 ~,0,,Y,0
122,http://myneta.info/TamilNadu2026/candidate.php?candidate_id=122,Palaniyammal. T.,48,PENNAGARAM,30,Naam Tamilar Katchi,Yes 1,Post Graduate,,,1,"10,00,000 ~ 10 Lacs+",1000000,,,,1,"5,94,200 ~ 5 Lacs+",594200,,Y,0
559,http://myneta.info/TamilNadu2026/candidate.php?candidate_id=559,Poomani. P.,48,PENNAGARAM,28,IND,No,Graduate,,,1,"30,00,000 ~ 30 Lacs+",3000000,,,,1,"20,50,000 ~ 20 Lacs+",2050000,,Y,0
557,http://myneta.info/TamilNadu2026/candidate.php?candidate_id=557,Sakthivel. M.,48,PENNAGARAM,42,IND,Yes 1,10th Pass,,,1,"7,00,000 ~ 7 Lacs+",700000,,,,1,0 ~,0,,Y,2
1215,http://myneta.info/TamilNadu2026/candidate.php?candidate_id=1215,Selvam. V.,48,PENNAGARAM,61,Pattali Makkal Katchi,No,8th Pass,,,1,"96,50,000 ~ 96 Lacs+",9650000,,,,1,"11,60,000 ~ 11 Lacs+",1160000,,Y,0
3768,http://myneta.info/TamilNadu2026/candidate.php?candidate_id=3768,Selvam. V.,48,PENNAGARAM,52,IND,Yes 1,Illiterate,,,1,"35,00,000 ~ 35 Lacs+",3500000,,,,1,"18,60,000 ~ 18 Lacs+",1860000,,Y,1
3769,http://myneta.info/TamilNadu2026/candidate.php?candidate_id=3769,Sendrayan. G.,48,PENNAGARAM,63,IND,No,8th Pass,,,1,"22,00,000 ~ 22 Lacs+",2200000,,,,1,0 ~,0,,Y,0
3771,http://myneta.info/TamilNadu2026/candidate.php?candidate_id=3771,Tamilarasan. M.,48,PENNAGARAM,42,IND,No,Graduate Professional,,,1,0 ~,0,,,,1,"6,25,000 ~ 6 Lacs+",625000,,Y,0
3772,http://myneta.info/TamilNadu2026/candidate.php?candidate_id=3772,Tamilselvi. S.,48,PENNAGARAM,65,IND,No,Post Graduate,,,1,"32,14,500 ~ 32 Lacs+",3214500,,,,1,"7,88,000 ~ 7 Lacs+",788000,,Y,0
3764,http://myneta.info/TamilNadu2026/candidate.php?candidate_id=3764,Thavamani. C.,48,PENNAGARAM,61,Tamizhaga Vaazhvurimai Katchi,Yes 1,10th Pass,,,1,"4,84,412 ~ 4 Lacs+",484412,,,,1,"51,88,000 ~ 51 Lacs+",5188000,,Y,0
556,http://myneta.info/TamilNadu2026/candidate.php?candidate_id=556,Thirumurugan. P.,48,PENNAGARAM,48,Naadaalum Makkal Katchi,No,Post Graduate,,,1,"26,00,000 ~ 26 Lacs+",2600000,,,,1,"90,000 ~ 90 Thou+",90000,,Y,0
3775,http://myneta.info/TamilNadu2026/candidate.php?candidate_id=3775,Veerappan. M.,48,PENNAGARAM,65,IND,No,5th Pass,,,1,"7,50,000 ~ 7 Lacs+",750000,,,,1,0 ~,0,,Y,0
558,http://myneta.info/TamilNadu2026/candidate.php?candidate_id=558,Vilkrishnan. R.,48,PENNAGARAM,66,IND,Yes 1,Illiterate,,,1,"42,00,000 ~ 42 Lacs+",4200000,,,,1,"60,000 ~ 60 Thou+",60000,,Y,1
3445,http://myneta.info/TamilNadu2026/candidate.php?candidate_id=3445,Arumugam. Muni.,49,DHARMAPURI,50,IND,No,5th Pass,,,1,"8,00,000 ~ 8 Lacs+",800000,,,,1,"11,50,000 ~ 11 Lacs+",1150000,,Y,0
1105,http://myneta.info/TamilNadu2026/candidate.php?candidate_id=1105,Dr. Elangovan. V.,49,DHARMAPURI,76,Desiya Murpokku Dravida Kazhagam,No,Post Graduate,,,1,"1,75,00,000 ~ 1 Crore+",17500000,,,,1,0 ~,0,,Y,0
3446,http://myneta.info/TamilNadu2026/candidate.php?candidate_id=3446,Kumar. V.,49,DHARMAPURI,40,IND,No,Post Graduate,,,1,"2,00,000 ~ 2 Lacs+",200000,,,,1,"4,38,000 ~ 4 Lacs+",438000,,Y,0
3444,http://myneta.info/TamilNadu2026/candidate.php?candidate_id=3444,Madhu. P.,49,DHARMAPURI,48,Naadaalum Makkal Katchi,No,10th Pass,,,1,"49,30,000 ~ 49 Lacs+",4930000,,,,1,0 ~,0,,Y,0
3443,http://myneta.info/TamilNadu2026/candidate.php?candidate_id=3443,Manikandan. S.,49,DHARMAPURI,45,Vishwa Tamil Kazhagam,No,Graduate,,,1,"60,00,000 ~ 60 Lacs+",6000000,,,,1,"45,00,000 ~ 45 Lacs+",4500000,,Y,0
560,http://myneta.info/TamilNadu2026/candidate.php?candidate_id=560,Nagarajan. D.,49,DHARMAPURI,82,IND,No,Graduate,,,1,0 ~,0,,,,1,"1,50,000 ~ 1 Lacs+",150000,,Y,0
562,http://myneta.info/TamilNadu2026/candidate.php?candidate_id=562,Palani. K.,49,DHARMAPURI,65,IND,No,8th Pass,,,1,"6,00,000 ~ 6 Lacs+",600000,,,,1,0 ~,0,,Y,0
3440,http://myneta.info/TamilNadu2026/candidate.php?candidate_id=3440,Prabhakaran. M.,49,DHARMAPURI,42,IND,No,8th Pass,,,1,"50,00,000 ~ 50 Lacs+",5000000,,,,1,"36,49,000 ~ 36 Lacs+",3649000,,Y,0
3442,http://myneta.info/TamilNadu2026/candidate.php?candidate_id=3442,Prasanth. Dbj.,49,DHARMAPURI,35,Tamizhaga Vaazhvurimai Katchi,No,Graduate Professional,,,1,"5,54,28,900 ~ 5 Crore+",55428900,,,,1,"54,47,385 ~ 54 Lacs+",5447385,,Y,0
3439,http://myneta.info/TamilNadu2026/candidate.php?candidate_id=3439,Saravanan. A.,49,DHARMAPURI,55,Aanaithinthiya Jananayaka Pathukappu Kazhagam,Yes 1,Graduate,,,1,"2,48,00,000 ~ 2 Crore+",24800000,,,,1,"18,26,846 ~ 18 Lacs+",1826846,,Y,0
3447,http://myneta.info/TamilNadu2026/candidate.php?candidate_id=3447,Saravanan. G.,49,DHARMAPURI,56,IND,Yes 1,8th Pass,,,1,0 ~,0,,,,1,"7,12,000 ~ 7 Lacs+",712000,,Y,0
34,http://myneta.info/TamilNadu2026/candidate.php?candidate_id=34,Shanthalakshmi. K.,49,DHARMAPURI,50,Naam Tamilar Katchi,No,Post Graduate,,,1,"24,00,000 ~ 24 Lacs+",2400000,,,,1,"1,60,000 ~ 1 Lacs+",160000,,Y,0
905,http://myneta.info/TamilNadu2026/candidate.php?candidate_id=905,Sivagami. G.,49,DHARMAPURI,46,Tamilar Makkal Katchi,No,10th Pass,,,1,0 ~,0,,,,1,0 ~,0,,Y,0
3448,http://myneta.info/TamilNadu2026/candidate.php?candidate_id=3448,Sivam. R.,49,DHARMAPURI,53,IND,No,Graduate Professional,,,1,0 ~,0,,,,1,0 ~,0,,Y,0
3449,http://myneta.info/TamilNadu2026/candidate.php?candidate_id=3449,Sivan. A.,49,DHARMAPURI,34,IND,No,Others,,,1,0 ~,0,,,,1,"4,10,000 ~ 4 Lacs+",410000,,Y,0
3441,http://myneta.info/TamilNadu2026/candidate.php?candidate_id=3441,Sivan. M.,49,DHARMAPURI,51,Tamilaga Vettri Kazhagam,Yes 4,Literate,,,1,"3,54,42,200 ~ 3 Crore+",35442200,,,,1,"24,25,000 ~ 24 Lacs+",2425000,,Y,1
1157,http://myneta.info/TamilNadu2026/candidate.php?candidate_id=1157,Sowmiya Anbumani,49,DHARMAPURI,55,Pattali Makkal Katchi,Yes 1,Doctorate,,,1,"48,85,86,486 ~ 48 Crore+",488586486,,,,1,"8,99,00,000 ~ 8 Crore+",89900000,,Y,1
561,http://myneta.info/TamilNadu2026/candidate.php?candidate_id=561,Sundaramoorthy. M.,49,DHARMAPURI,46,IND,No,10th Pass,,,1,"65,00,000 ~ 65 Lacs+",6500000,,,,1,"20,84,890 ~ 20 Lacs+",2084890,,Y,0
3450,http://myneta.info/TamilNadu2026/candidate.php?candidate_id=3450,Thirupathi. M.,49,DHARMAPURI,32,IND,No,Graduate,,,1,"12,00,000 ~ 12 Lacs+",1200000,,,,1,0 ~,0,,Y,0
1915,http://myneta.info/TamilNadu2026/candidate.php?candidate_id=1915,Archana Tamilaruvi,50,PAPPIREDDIPATTI,30,Naam Tamilar Katchi,No,Graduate,,,1,0 ~,0,,,,1,"9,95,000 ~ 9 Lacs+",995000,,Y,0
1917,http://myneta.info/TamilNadu2026/candidate.php?candidate_id=1917,Chennakrishnan. V,50,PAPPIREDDIPATTI,52,All India Puratchi Thalaivar Makkal Munnettra Kazhagam,No,12th Pass,,,1,"93,84,000 ~ 93 Lacs+",9384000,,,,1,"1,50,000 ~ 1 Lacs+",150000,,Y,0
1921,http://myneta.info/TamilNadu2026/candidate.php?candidate_id=1921,Chinnasamy. P,50,PAPPIREDDIPATTI,37,IND,No,Others,,,1,0 ~,0,,,,1,0 ~,0,,Y,0
1916,http://myneta.info/TamilNadu2026/candidate.php?candidate_id=1916,Ganesan. S,50,PAPPIREDDIPATTI,45,Vishwa Tamil Kazhagam,No,10th Pass,,,1,0 ~,0,,,,1,0 ~,0,,Y,0
1919,http://myneta.info/TamilNadu2026/candidate.php?candidate_id=1919,Jamunarani. M,50,PAPPIREDDIPATTI,49,Naadaalum Makkal Katchi,No,12th Pass,,,1,"52,00,000 ~ 52 Lacs+",5200000,,,,1,"5,00,000 ~ 5 Lacs+",500000,,Y,0
1212,http://myneta.info/TamilNadu2026/candidate.php?candidate_id=1212,Maragatham Vetrivel,50,PAPPIREDDIPATTI,50,AIADMK,No,12th Pass,,,1,"19,70,06,258 ~ 19 Crore+",197006258,,,,1,"3,25,42,022 ~ 3 Crore+",32542022,,Y,0
1925,http://myneta.info/TamilNadu2026/candidate.php?candidate_id=1925,Moorthi. P,50,PAPPIREDDIPATTI,56,IND,No,5th Pass,,,1,0 ~,0,,,,1,"1,43,000 ~ 1 Lacs+",143000,,Y,0
1924,http://myneta.info/TamilNadu2026/candidate.php?candidate_id=1924,Murugan. S,50,PAPPIREDDIPATTI,53,IND,No,Graduate Professional,,,1,"27,00,000 ~ 27 Lacs+",2700000,,,,1,"3,38,609 ~ 3 Lacs+",338609,,Y,0
239,http://myneta.info/TamilNadu2026/candidate.php?candidate_id=239,Palaniappan. P,50,PAPPIREDDIPATTI,64,DMK,No,Doctorate,,,1,"14,82,00,000 ~ 14 Crore+",148200000,,,,1,"7,01,80,453 ~ 7 Crore+",70180453,,Y,0
1923,http://myneta.info/TamilNadu2026/candidate.php?candidate_id=1923,Palaniappan. R,50,PAPPIREDDIPATTI,49,IND,No,10th Pass,,,1,0 ~,0,,,,1,"6,61,000 ~ 6 Lacs+",661000,,Y,0
1918,http://myneta.info/TamilNadu2026/candidate.php?candidate_id=1918,Poovarasu,50,PAPPIREDDIPATTI,39,Tamilar Makkal Katchi,No,10th Pass,,,1,"20,00,000 ~ 20 Lacs+",2000000,,,,1,0 ~,0,,Y,0
1920,http://myneta.info/TamilNadu2026/candidate.php?candidate_id=1920,Sathish. S,50,PAPPIREDDIPATTI,37,IND,No,Post Graduate,,,1,"10,00,000 ~ 10 Lacs+",1000000,,,,1,"6,00,000 ~ 6 Lacs+",600000,,Y,0
1922,http://myneta.info/TamilNadu2026/candidate.php?candidate_id=1922,Tamilraj. K,50,PAPPIREDDIPATTI,49,IND,No,Graduate Professional,,,1,"50,00,000 ~ 50 Lacs+",5000000,,,,1,0 ~,0,,Y,0
261,http://myneta.info/TamilNadu2026/candidate.php?candidate_id=261,Thilagavathi. S.,50,PAPPIREDDIPATTI,33,Tamilaga Vettri Kazhagam,No,Post Graduate,,,1,"40,00,000 ~ 40 Lacs+",4000000,,,,1,"72,51,138 ~ 72 Lacs+",7251138,,Y,0
276,http://myneta.info/TamilNadu2026/candidate.php?candidate_id=276,Anitha. A.,51,HARUR (SC),45,Naam Tamilar Katchi,No,Graduate Professional,,,1,0 ~,0,,,,1,0 ~,0,,Y,0
3499,http://myneta.info/TamilNadu2026/candidate.php?candidate_id=3499,Karuthammal. S,51,HARUR (SC),31,Naadaalum Makkal Katchi,No,Others,,,1,"1,00,000 ~ 1 Lacs+",100000,,,,1,0 ~,0,,Y,0
786,http://myneta.info/TamilNadu2026/candidate.php?candidate_id=786,Kuppuraj. K,51,HARUR (SC),48,Tamilar Makkal Katchi,No,Graduate,,,1,0 ~,0,,,,1,0 ~,0,,Y,0
3500,http://myneta.info/TamilNadu2026/candidate.php?candidate_id=3500,Manila. S,51,HARUR (SC),42,Tamizhaga Vaazhvurimai Katchi,Yes 1,10th Pass,,,1,"3,00,574 ~ 3 Lacs+",300574,,,,1,"18,00,000 ~ 18 Lacs+",1800000,,Y,0
787,http://myneta.info/TamilNadu2026/candidate.php?candidate_id=787,Marikannu. C,51,HARUR (SC),47,Republican Party of India (Athawale),No,Illiterate,,,1,0 ~,0,,,,1,0 ~,0,,Y,0
3498,http://myneta.info/TamilNadu2026/candidate.php?candidate_id=3498,Nehru. G,51,HARUR (SC),51,BSP,No,Others,,,1,0 ~,0,,,,1,"3,55,000 ~ 3 Lacs+",355000,,Y,0
277,http://myneta.info/TamilNadu2026/candidate.php?candidate_id=277,Parthipan. P,51,HARUR (SC),57,IND,No,Graduate,,,1,"20,00,000 ~ 20 Lacs+",2000000,,,,1,0 ~,0,,Y,0
785,http://myneta.info/TamilNadu2026/candidate.php?candidate_id=785,Rakesh. K,51,HARUR (SC),40,Tamilaga Vettri Kazhagam,No,Post Graduate,,,1,0 ~,0,,,,1,"10,21,113 ~ 10 Lacs+",1021113,,Y,0
3503,http://myneta.info/TamilNadu2026/candidate.php?candidate_id=3503,Sampath. C,51,HARUR (SC),57,IND,No,Illiterate,,,1,"22,00,000 ~ 22 Lacs+",2200000,,,,1,"2,00,000 ~ 2 Lacs+",200000,,Y,0
3502,http://myneta.info/TamilNadu2026/candidate.php?candidate_id=3502,Sampath. K,51,HARUR (SC),67,IND,No,Illiterate,,,1,"5,00,000 ~ 5 Lacs+",500000,,,,1,0 ~,0,,Y,0
1162,http://myneta.info/TamilNadu2026/candidate.php?candidate_id=1162,Sampathkumar. V,51,HARUR (SC),52,AIADMK,Yes 2,Graduate Professional,,,1,"40,11,250 ~ 40 Lacs+",4011250,,,,1,"25,15,440 ~ 25 Lacs+",2515440,,Y,0
1121,http://myneta.info/TamilNadu2026/candidate.php?candidate_id=1121,Shanmugam. A,51,HARUR (SC),62,DMK,No,Graduate,,,1,"1,15,47,000 ~ 1 Crore+",11547000,,,,1,"7,00,000 ~ 7 Lacs+",700000,,Y,0
3504,http://myneta.info/TamilNadu2026/candidate.php?candidate_id=3504,Thangavel. K,51,HARUR (SC),50,IND,No,Post Graduate,,,1,0 ~,0,,,,1,"1,23,620 ~ 1 Lacs+",123620,,Y,0
3501,http://myneta.info/TamilNadu2026/candidate.php?candidate_id=3501,Venkatesh Alias Dr. V.K. Swamy,51,HARUR (SC),45,Bharat Jan Chikitsa Party,No,Post Graduate,,,1,"1,00,00,000 ~ 1 Crore+",10000000,,,,1,"4,27,000 ~ 4 Lacs+",427000,,Y,0
3071,http://myneta.info/TamilNadu2026/candidate.php?candidate_id=3071,Anbarasu. R,52,PALANI,46,IND,No,10th Pass,,,1,0 ~,0,,,,1,0 ~,0,,N,0
563,http://myneta.info/TamilNadu2026/candidate.php?candidate_id=563,Ashokkumar. G,52,PALANI,32,IND,No,Graduate Professional,,,1,"2,66,40,000 ~ 2 Crore+",26640000,,,,1,"21,85,000 ~ 21 Lacs+",2185000,,Y,0
3074,http://myneta.info/TamilNadu2026/candidate.php?candidate_id=3074,Balachandran. M,52,PALANI,47,IND,No,Others,,,1,"4,00,000 ~ 4 Lacs+",400000,,,,1,"6,10,000 ~ 6 Lacs+",610000,,Y,0
913,http://myneta.info/TamilNadu2026/candidate.php?candidate_id=913,Dr. Praveen Kumar. M,52,PALANI,40,Tamilaga Vettri Kazhagam,No,Post Graduate,,,1,"4,03,40,000 ~ 4 Crore+",40340000,,,,1,"83,99,040 ~ 83 Lacs+",8399040,,Y,0
3077,http://myneta.info/TamilNadu2026/candidate.php?candidate_id=3077,Jayakumar. T,52,PALANI,29,IND,No,Graduate,,,1,0 ~,0,,,,1,0 ~,0,,Y,0
3076,http://myneta.info/TamilNadu2026/candidate.php?candidate_id=3076,Madheswari. R,52,PALANI,45,IND,No,5th Pass,,,1,0 ~,0,,,,1,0 ~,0,,N,0
114,http://myneta.info/TamilNadu2026/candidate.php?candidate_id=114,Murugeswari. B,52,PALANI,27,Naam Tamilar Katchi,No,Graduate,,,1,"3,00,000 ~ 3 Lacs+",300000,,,,1,0 ~,0,,Y,0
564,http://myneta.info/TamilNadu2026/candidate.php?candidate_id=564,Nachimuthu. S,52,PALANI,50,BSP,No,10th Pass,,,1,0 ~,0,,,,1,0 ~,0,,Y,0
721,http://myneta.info/TamilNadu2026/candidate.php?candidate_id=721,Pandi. N,52,PALANI,68,CPI(M),Yes 10,10th Pass,,,1,"45,00,000 ~ 45 Lacs+",4500000,,,,1,"45,000 ~ 45 Thou+",45000,,Y,0
3075,http://myneta.info/TamilNadu2026/candidate.php?candidate_id=3075,Praveenkumar. R,52,PALANI,29,IND,No,Others,,,1,0 ~,0,,,,1,"6,00,000 ~ 6 Lacs+",600000,,Y,0
3069,http://myneta.info/TamilNadu2026/candidate.php?candidate_id=3069,Ramamoorthi. G,52,PALANI,50,Rashtriya Samaj Dal (R),No,Others,,,1,0 ~,0,,,,1,0 ~,0,,Y,0
912,http://myneta.info/TamilNadu2026/candidate.php?candidate_id=912,Ravimanoharan. K,52,PALANI,57,AIADMK,Yes 3,Others,,,1,"81,32,73,825 ~ 81 Crore+",813273825,,,,1,"13,22,02,218 ~ 13 Crore+",132202218,,Y,1
3072,http://myneta.info/TamilNadu2026/candidate.php?candidate_id=3072,Thannasiappan. P,52,PALANI,64,IND,No,Not Given,,,1,"5,00,000 ~ 5 Lacs+",500000,,,,1,0 ~,0,,Y,0
3073,http://myneta.info/TamilNadu2026/candidate.php?candidate_id=3073,Thirumalaisamy. B,52,PALANI,51,IND,No,10th Pass,,,1,"15,67,400 ~ 15 Lacs+",1567400,,,,1,0 ~,0,,Y,0
3070,http://myneta.info/TamilNadu2026/candidate.php?candidate_id=3070,Vaykkaldurai. K,52,PALANI,47,Puthiya Tamilagam,No,10th Pass,,,1,0 ~,0,,,,1,0 ~,0,,Y,0
407,http://myneta.info/TamilNadu2026/candidate.php?candidate_id=407,Alagiyannan. A,53,ODDANCHATRAM,60,IND,No,8th Pass,,,1,"1,60,00,000 ~ 1 Crore+",16000000,,,,1,"7,49,000 ~ 7 Lacs+",749000,,Y,0
3749,http://myneta.info/TamilNadu2026/candidate.php?candidate_id=3749,Ananthraj. T,53,ODDANCHATRAM,40,IND,No,12th Pass,,,1,0 ~,0,,,,1,"40,253 ~ 40 Thou+",40253,,Y,0
3748,http://myneta.info/TamilNadu2026/candidate.php?candidate_id=3748,Arumugam. M,53,ODDANCHATRAM,59,IND,No,5th Pass,,,1,0 ~,0,,,,1,"1,25,300 ~ 1 Lacs+",125300,,Y,0
3751,http://myneta.info/TamilNadu2026/candidate.php?candidate_id=3751,Chellamuthu. K,53,ODDANCHATRAM,61,IND,No,Graduate,,,1,"55,05,000 ~ 55 Lacs+",5505000,,,,1,0 ~,0,,Y,0
3750,http://myneta.info/TamilNadu2026/candidate.php?candidate_id=3750,Kumarrathinam. M,53,ODDANCHATRAM,55,IND,No,Post Graduate,,,1,"7,50,000 ~ 7 Lacs+",750000,,,,1,0 ~,0,,Y,0
3754,http://myneta.info/TamilNadu2026/candidate.php?candidate_id=3754,Manikannan. A,53,ODDANCHATRAM,26,IND,No,Graduate,,,1,"10,00,000 ~ 10 Lacs+",1000000,,,,1,0 ~,0,,Y,0
3747,http://myneta.info/TamilNadu2026/candidate.php?candidate_id=3747,Mohan. S,53,ODDANCHATRAM,46,Tamilaga Vettri Kazhagam,Yes 1,Others,,,1,"1,00,00,000 ~ 1 Crore+",10000000,,,,1,"98,64,230 ~ 98 Lacs+",9864230,,Y,0
406,http://myneta.info/TamilNadu2026/candidate.php?candidate_id=406,Murugaraj. P,53,ODDANCHATRAM,41,BSP,No,10th Pass,,,1,0 ~,0,,,,1,"3,27,000 ~ 3 Lacs+",327000,,Y,0
3752,http://myneta.info/TamilNadu2026/candidate.php?candidate_id=3752,Nagul Prakash. A,53,ODDANCHATRAM,32,IND,No,Graduate Professional,,,1,0 ~,0,,,,1,0 ~,0,,Y,0
3753,http://myneta.info/TamilNadu2026/candidate.php?candidate_id=3753,Prabaharan. M,53,ODDANCHATRAM,35,IND,No,Others,,,1,"15,16,000 ~ 15 Lacs+",1516000,,,,1,"8,68,684 ~ 8 Lacs+",868684,,Y,0
911,http://myneta.info/TamilNadu2026/candidate.php?candidate_id=911,Raghunath. K,53,ODDANCHATRAM,29,IND,No,Graduate Professional,,,1,0 ~,0,,,,1,0 ~,0,,Y,0
109,http://myneta.info/TamilNadu2026/candidate.php?candidate_id=109,Ragupathi. P,53,ODDANCHATRAM,56,Naam Tamilar Katchi,Yes 1,Post Graduate,,,1,"1,60,00,000 ~ 1 Crore+",16000000,,,,1,"3,04,000 ~ 3 Lacs+",304000,,Y,0
909,http://myneta.info/TamilNadu2026/candidate.php?candidate_id=909,Sakkarapani. R,53,ODDANCHATRAM,64,DMK,No,Graduate,,,1,"9,78,02,631 ~ 9 Crore+",97802631,,,,1,"2,27,72,697 ~ 2 Crore+",22772697,,Y,0
1349,http://myneta.info/TamilNadu2026/candidate.php?candidate_id=1349,Vidiyal S. Sekar,53,ODDANCHATRAM,58,BJP,No,Post Graduate,,,1,"15,21,09,017 ~ 15 Crore+",152109017,,,,1,"99,00,000 ~ 99 Lacs+",9900000,,Y,0
907,http://myneta.info/TamilNadu2026/candidate.php?candidate_id=907,A. Viswanathan,54,ATHOOR,72,AIADMK,No,Graduate,,,1,"6,10,00,000 ~ 6 Crore+",61000000,,,,1,"3,09,11,000 ~ 3 Crore+",30911000,,Y,0
3082,http://myneta.info/TamilNadu2026/candidate.php?candidate_id=3082,D. Nagaraj,54,ATHOOR,46,IND,No,Illiterate,,,1,0 ~,0,,,,1,0 ~,0,,Y,0
657,http://myneta.info/TamilNadu2026/candidate.php?candidate_id=657,D. Sankar,54,ATHOOR,42,Naadaalum Makkal Katchi,No,10th Pass,,,1,"6,52,313 ~ 6 Lacs+",652313,,,,1,0 ~,0,,Y,0
15,http://myneta.info/TamilNadu2026/candidate.php?candidate_id=15,Dr. A. Simon Justin,54,ATHOOR,44,Naam Tamilar Katchi,Yes 6,Doctorate,,,1,"35,00,000 ~ 35 Lacs+",3500000,,,,1,"7,00,000 ~ 7 Lacs+",700000,,Y,2
908,http://myneta.info/TamilNadu2026/candidate.php?candidate_id=908,I. Periasamy,54,ATHOOR,73,DMK,Yes 4,Graduate,,,1,"5,37,34,224 ~ 5 Crore+",53734224,,,,1,"19,50,000 ~ 19 Lacs+",1950000,,Y,1
3081,http://myneta.info/TamilNadu2026/candidate.php?candidate_id=3081,K. Jayaprakash,54,ATHOOR,41,Puthiya Tamilagam,Yes 1,10th Pass,,,1,0 ~,0,,,,1,0 ~,0,,Y,0
656,http://myneta.info/TamilNadu2026/candidate.php?candidate_id=656,K. Kathiresan,54,ATHOOR,48,IND,No,Post Graduate,,,1,"65,00,000 ~ 65 Lacs+",6500000,,,,1,"7,00,000 ~ 7 Lacs+",700000,,Y,0
3086,http://myneta.info/TamilNadu2026/candidate.php?candidate_id=3086,K. Velmurugan,54,ATHOOR,47,IND,No,Illiterate,,,1,0 ~,0,,,,1,0 ~,0,,Y,0
3085,http://myneta.info/TamilNadu2026/candidate.php?candidate_id=3085,K. Visvanathan,54,ATHOOR,62,IND,No,Illiterate,,,1,0 ~,0,,,,1,0 ~,0,,N,0
3083,http://myneta.info/TamilNadu2026/candidate.php?candidate_id=3083,M. Periyasamy,54,ATHOOR,47,IND,No,10th Pass,,,1,0 ~,0,,,,1,0 ~,0,,Y,0
3079,http://myneta.info/TamilNadu2026/candidate.php?candidate_id=3079,M.K. Nagendran,54,ATHOOR,56,Aanaithinthiya Jananayaka Pathukappu Kazhagam,Yes 1,5th Pass,,,1,"4,30,00,000 ~ 4 Crore+",43000000,,,,1,"70,50,000 ~ 70 Lacs+",7050000,,Y,0
3078,http://myneta.info/TamilNadu2026/candidate.php?candidate_id=3078,N. Kalaiselvi,54,ATHOOR,50,Tamilaga Vettri Kazhagam,Yes 1,10th Pass,,,1,"1,60,00,000 ~ 1 Crore+",16000000,,,,1,"50,97,527 ~ 50 Lacs+",5097527,,Y,0
3084,http://myneta.info/TamilNadu2026/candidate.php?candidate_id=3084,P. Manivel,54,ATHOOR,44,IND,No,Post Graduate,,,1,0 ~,0,,,,1,0 ~,0,,Y,0
3080,http://myneta.info/TamilNadu2026/candidate.php?candidate_id=3080,S. Bala Murugan,54,ATHOOR,35,Tamizhaga Vaazhvurimai Katchi,No,8th Pass,,,1,0 ~,0,,,,1,"13,05,000 ~ 13 Lacs+",1305000,,Y,0
655,http://myneta.info/TamilNadu2026/candidate.php?candidate_id=655,S. Karthigaiselvan,54,ATHOOR,30,BSP,No,Post Graduate,,,1,0 ~,0,,,,1,"3,43,000 ~ 3 Lacs+",343000,,Y,0
2264,http://myneta.info/TamilNadu2026/candidate.php?candidate_id=2264,A.Alappan,55,NILAKKOTTAI (SC),44,IND,Yes 1,Post Graduate,,,1,0 ~,0,,,,1,0 ~,0,,N,0
2266,http://myneta.info/TamilNadu2026/candidate.php?candidate_id=2266,Chellam.K,55,NILAKKOTTAI (SC),71,IND,No,Illiterate,,,1,"13,00,000 ~ 13 Lacs+",1300000,,,,1,0 ~,0,,Y,0
108,http://myneta.info/TamilNadu2026/candidate.php?candidate_id=108,D.Kailai Rajan,55,NILAKKOTTAI (SC),74,Naam Tamilar Katchi,No,Post Graduate,,,1,"2,00,00,000 ~ 2 Crore+",20000000,,,,1,"59,43,000 ~ 59 Lacs+",5943000,,Y,0
2261,http://myneta.info/TamilNadu2026/candidate.php?candidate_id=2261,G.Anbalagan,55,NILAKKOTTAI (SC),74,All India Puratchi Thalaivar Makkal Munnettra Kazhagam,No,Doctorate,,,1,"1,01,00,000 ~ 1 Crore+",10100000,,,,1,"14,00,000 ~ 14 Lacs+",1400000,,Y,0
2269,http://myneta.info/TamilNadu2026/candidate.php?candidate_id=2269,M.Manoharan,55,NILAKKOTTAI (SC),61,IND,No,Others,,,1,"19,50,000 ~ 19 Lacs+",1950000,,,,1,"80,00,000 ~ 80 Lacs+",8000000,,Y,0
2270,http://myneta.info/TamilNadu2026/candidate.php?candidate_id=2270,M.Vijayapandian,55,NILAKKOTTAI (SC),26,IND,No,10th Pass,,,1,0 ~,0,,,,1,0 ~,0,,Y,0
2267,http://myneta.info/TamilNadu2026/candidate.php?candidate_id=2267,N.Perumal,55,NILAKKOTTAI (SC),73,IND,No,10th Pass,,,1,"13,00,000 ~ 13 Lacs+",1300000,,,,1,0 ~,0,,Y,0
2268,http://myneta.info/TamilNadu2026/candidate.php?candidate_id=2268,P.Manikandan,55,NILAKKOTTAI (SC),46,IND,No,Illiterate,,,1,0 ~,0,,,,1,0 ~,0,,Y,0
2262,http://myneta.info/TamilNadu2026/candidate.php?candidate_id=2262,P.Sankar,55,NILAKKOTTAI (SC),46,Puthiya Tamilagam,Yes 2,Post Graduate,,,1,0 ~,0,,,,1,"17,03,000 ~ 17 Lacs+",1703000,,Y,0
2263,http://myneta.info/TamilNadu2026/candidate.php?candidate_id=2263,P.Selvam,55,NILAKKOTTAI (SC),45,Republican Party of India (A),Yes 1,Graduate Professional,,,1,"27,30,000 ~ 27 Lacs+",2730000,,,,1,"13,00,000 ~ 13 Lacs+",1300000,,Y,1
2260,http://myneta.info/TamilNadu2026/candidate.php?candidate_id=2260,R.Ayyanar,55,NILAKKOTTAI (SC),38,Tamilaga Vettri Kazhagam,No,Post Graduate,,,1,0 ~,0,,,,1,"22,75,000 ~ 22 Lacs+",2275000,,Y,0
565,http://myneta.info/TamilNadu2026/candidate.php?candidate_id=565,Rajalakshmi.M,55,NILAKKOTTAI (SC),34,BSP,No,Others,,,1,"20,00,000 ~ 20 Lacs+",2000000,,,,1,"33,72,000 ~ 33 Lacs+",3372000,,Y,0
2265,http://myneta.info/TamilNadu2026/candidate.php?candidate_id=2265,S.Karuppaiah,55,NILAKKOTTAI (SC),45,IND,No,Graduate Professional,,,1,0 ~,0,,,,1,0 ~,0,,Y,0
1101,http://myneta.info/TamilNadu2026/candidate.php?candidate_id=1101,S.Nagajothi,55,NILAKKOTTAI (SC),42,DMK,No,Graduate,,,1,"92,81,500 ~ 92 Lacs+",9281500,,,,1,"99,20,914 ~ 99 Lacs+",9920914,,Y,0
742,http://myneta.info/TamilNadu2026/candidate.php?candidate_id=742,S.Thenmozhi,55,NILAKKOTTAI (SC),64,AIADMK,Yes 3,12th Pass,,,1,"11,93,92,000 ~ 11 Crore+",119392000,,,,1,"1,88,17,205 ~ 1 Crore+",18817205,,Y,0
106,http://myneta.info/TamilNadu2026/candidate.php?candidate_id=106,Alagammal A,56,NATHAM,36,Naam Tamilar Katchi,Yes 3,Graduate,,,1,0 ~,0,,,,1,"55,000 ~ 55 Thou+",55000,,Y,0
3734,http://myneta.info/TamilNadu2026/candidate.php?candidate_id=3734,Alex S,56,NATHAM,43,Tamizhaga Vaazhvurimai Katchi,Yes 6,5th Pass,,,1,0 ~,0,,,,1,0 ~,0,,Y,1
3740,http://myneta.info/TamilNadu2026/candidate.php?candidate_id=3740,Dhandabani K,56,NATHAM,54,IND,No,10th Pass,,,1,"4,55,000 ~ 4 Lacs+",455000,,,,1,"1,50,000 ~ 1 Lacs+",150000,,Y,0
3737,http://myneta.info/TamilNadu2026/candidate.php?candidate_id=3737,Gopal R,56,NATHAM,49,IND,No,8th Pass,,,1,0 ~,0,,,,1,0 ~,0,,Y,0
3742,http://myneta.info/TamilNadu2026/candidate.php?candidate_id=3742,Manikandan V,56,NATHAM,49,IND,No,10th Pass,,,1,0 ~,0,,,,1,"1,60,000 ~ 1 Lacs+",160000,,Y,0
3743,http://myneta.info/TamilNadu2026/candidate.php?candidate_id=3743,Maria Arockiam S,56,NATHAM,57,IND,Yes 1,5th Pass,,,1,0 ~,0,,,,1,"1,84,753 ~ 1 Lacs+",184753,,Y,0
567,http://myneta.info/TamilNadu2026/candidate.php?candidate_id=567,Murugan K,56,NATHAM,44,IND,No,10th Pass,,,1,"4,25,000 ~ 4 Lacs+",425000,,,,1,0 ~,0,,Y,0
3744,http://myneta.info/TamilNadu2026/candidate.php?candidate_id=3744,Murugesan C,56,NATHAM,48,IND,Yes 4,Graduate,,,1,0 ~,0,,,,1,0 ~,0,,Y,0
1202,http://myneta.info/TamilNadu2026/candidate.php?candidate_id=1202,Natham Viswanathan R,56,NATHAM,76,AIADMK,Yes 2,Graduate,,,1,"2,62,08,200 ~ 2 Crore+",26208200,,,,1,0 ~,0,,Y,0
3735,http://myneta.info/TamilNadu2026/candidate.php?candidate_id=3735,Rajasekaran P,56,NATHAM,27,Aanaithinthiya Jananayaka Pathukappu Kazhagam,Yes 3,Others,,,1,0 ~,0,,,,1,"1,67,000 ~ 1 Lacs+",167000,,Y,0
3745,http://myneta.info/TamilNadu2026/candidate.php?candidate_id=3745,Rama Janarthanan S,56,NATHAM,45,IND,No,Post Graduate,,,1,"18,00,000 ~ 18 Lacs+",1800000,,,,1,"79,600 ~ 79 Thou+",79600,,Y,0
1203,http://myneta.info/TamilNadu2026/candidate.php?candidate_id=1203,Ramesh L N,56,NATHAM,47,Tamilaga Vettri Kazhagam,No,Graduate,,,1,"1,85,00,000 ~ 1 Crore+",18500000,,,,1,"35,00,000 ~ 35 Lacs+",3500000,,Y,0
3738,http://myneta.info/TamilNadu2026/candidate.php?candidate_id=3738,Satham Usain M,56,NATHAM,30,IND,No,12th Pass,,,1,0 ~,0,,,,1,"20,17,661 ~ 20 Lacs+",2017661,,Y,0
1204,http://myneta.info/TamilNadu2026/candidate.php?candidate_id=1204,Selvakumar K,56,NATHAM,46,DMK,Yes 9,Graduate Professional,,,1,"1,37,45,000 ~ 1 Crore+",13745000,,,,1,"28,95,918 ~ 28 Lacs+",2895918,,Y,1
3739,http://myneta.info/TamilNadu2026/candidate.php?candidate_id=3739,Sundar C,56,NATHAM,45,IND,No,12th Pass,,,1,0 ~,0,,,,1,0 ~,0,,Y,0
3741,http://myneta.info/TamilNadu2026/candidate.php?candidate_id=3741,Tamilselvan C,56,NATHAM,43,IND,No,Graduate,,,1,0 ~,0,,,,1,0 ~,0,,Y,0
569,http://myneta.info/TamilNadu2026/candidate.php?candidate_id=569,Vadivel K,56,NATHAM,46,IND,No,10th Pass,,,1,"7,50,000 ~ 7 Lacs+",750000,,,,1,0 ~,0,,Y,0
570,http://myneta.info/TamilNadu2026/candidate.php?candidate_id=570,Venkatesan G,56,NATHAM,54,IND,No,10th Pass,,,1,"9,00,000 ~ 9 Lacs+",900000,,,,1,0 ~,0,,Y,0
568,http://myneta.info/TamilNadu2026/candidate.php?candidate_id=568,Venkatesh P,56,NATHAM,34,IND,No,12th Pass,,,1,0 ~,0,,,,1,0 ~,0,,Y,0
3736,http://myneta.info/TamilNadu2026/candidate.php?candidate_id=3736,Vijayakumar S,56,NATHAM,47,Puthiya Tamilagam,No,Graduate,,,1,0 ~,0,,,,1,0 ~,0,,Y,0
3746,http://myneta.info/TamilNadu2026/candidate.php?candidate_id=3746,Vijayakumar S,56,NATHAM,31,IND,No,Graduate,,,1,0 ~,0,,,,1,0 ~,0,,Y,0
3091,http://myneta.info/TamilNadu2026/candidate.php?candidate_id=3091,Anis Babu. M,57,DINDIGUL,42,IND,No,8th Pass,,,1,0 ~,0,,,,1,0 ~,0,,Y,0
3092,http://myneta.info/TamilNadu2026/candidate.php?candidate_id=3092,Arockia Dass. J,57,DINDIGUL,50,IND,No,8th Pass,,,1,"1,05,00,000 ~ 1 Crore+",10500000,,,,1,"31,78,610 ~ 31 Lacs+",3178610,,Y,0
3099,http://myneta.info/TamilNadu2026/candidate.php?candidate_id=3099,Babu. S,57,DINDIGUL,60,IND,No,Graduate Professional,,,1,"2,35,00,000 ~ 2 Crore+",23500000,,,,1,"13,00,000 ~ 13 Lacs+",1300000,,Y,0
3094,http://myneta.info/TamilNadu2026/candidate.php?candidate_id=3094,Ganesh Perumal. D,57,DINDIGUL,27,IND,No,Graduate Professional,,,1,0 ~,0,,,,1,0 ~,0,,Y,0
692,http://myneta.info/TamilNadu2026/candidate.php?candidate_id=692,Gopi Krishnan Pillai. S,57,DINDIGUL,58,Rashtriya Samaj Dal (R),No,5th Pass,,,1,"1,00,000 ~ 1 Lacs+",100000,,,,1,0 ~,0,,Y,0
691,http://myneta.info/TamilNadu2026/candidate.php?candidate_id=691,Karmegam. R,57,DINDIGUL,52,IND,No,Others,,,1,"49,50,000 ~ 49 Lacs+",4950000,,,,1,"27,50,000 ~ 27 Lacs+",2750000,,Y,0
3100,http://myneta.info/TamilNadu2026/candidate.php?candidate_id=3100,Muniyappan. M,57,DINDIGUL,40,IND,No,8th Pass,,,1,0 ~,0,,,,1,"7,95,490 ~ 7 Lacs+",795490,,Y,0
35,http://myneta.info/TamilNadu2026/candidate.php?candidate_id=35,Mutharasi. S,57,DINDIGUL,35,Naam Tamilar Katchi,No,Post Graduate,,,1,"1,50,00,000 ~ 1 Crore+",15000000,,,,1,"7,00,000 ~ 7 Lacs+",700000,,Y,0
3098,http://myneta.info/TamilNadu2026/candidate.php?candidate_id=3098,Nagaraj. N,57,DINDIGUL,41,IND,No,Post Graduate,,,1,0 ~,0,,,,1,0 ~,0,,Y,0
3088,http://myneta.info/TamilNadu2026/candidate.php?candidate_id=3088,Nazeer Raja. G,57,DINDIGUL,49,Tamilaga Vettri Kazhagam,Yes 3,10th Pass,,,1,"83,25,000 ~ 83 Lacs+",8325000,,,,1,"78,52,150 ~ 78 Lacs+",7852150,,Y,0
3089,http://myneta.info/TamilNadu2026/candidate.php?candidate_id=3089,Pradeep. M,57,DINDIGUL,34,Puthiya Tamilagam,Yes 4,10th Pass,,,1,0 ~,0,,,,1,"22,90,000 ~ 22 Lacs+",2290000,,Y,5
693,http://myneta.info/TamilNadu2026/candidate.php?candidate_id=693,Rajendran. G,57,DINDIGUL,61,IND,No,Post Graduate,,,1,"8,50,000 ~ 8 Lacs+",850000,,,,1,0 ~,0,,Y,0
3090,http://myneta.info/TamilNadu2026/candidate.php?candidate_id=3090,Ramuthevar. P,57,DINDIGUL,69,All India Puratchi Thalaivar Makkal Munnettra Kazhagam,Yes 3,5th Pass,,,1,"3,19,70,450 ~ 3 Crore+",31970450,,,,1,0 ~,0,,Y,2
3095,http://myneta.info/TamilNadu2026/candidate.php?candidate_id=3095,Saranya. M,57,DINDIGUL,33,IND,No,Post Graduate,,,1,"32,00,000 ~ 32 Lacs+",3200000,,,,1,"13,90,310 ~ 13 Lacs+",1390310,,Y,0
3096,http://myneta.info/TamilNadu2026/candidate.php?candidate_id=3096,Seenivasan. P,57,DINDIGUL,35,IND,No,5th Pass,,,1,0 ~,0,,,,1,0 ~,0,,Y,0
3097,http://myneta.info/TamilNadu2026/candidate.php?candidate_id=3097,Selvadhayanithi. M,57,DINDIGUL,29,IND,No,12th Pass,,,1,0 ~,0,,,,1,0 ~,0,,Y,0
1158,http://myneta.info/TamilNadu2026/candidate.php?candidate_id=1158,Senthilkumar. I.P,57,DINDIGUL,47,DMK,Yes 2,Post Graduate,,,1,"7,90,45,593 ~ 7 Crore+",79045593,,,,1,"2,12,54,175 ~ 2 Crore+",21254175,,Y,0
3087,http://myneta.info/TamilNadu2026/candidate.php?candidate_id=3087,Sheik Bareeth.B,57,DINDIGUL,38,Tamizhaga Vaazhvurimai Katchi,Yes 6,8th Pass,,,1,"16,00,000 ~ 16 Lacs+",1600000,,,,1,"12,40,000 ~ 12 Lacs+",1240000,,Y,1
1120,http://myneta.info/TamilNadu2026/candidate.php?candidate_id=1120,Sreenivasan. C,57,DINDIGUL,78,AIADMK,Yes 3,Post Graduate,,,1,"7,42,41,000 ~ 7 Crore+",74241000,,,,1,0 ~,0,,Y,0
3093,http://myneta.info/TamilNadu2026/candidate.php?candidate_id=3093,Umar Ali. R,57,DINDIGUL,36,IND,Yes 1,5th Pass,,,1,0 ~,0,,,,1,0 ~,0,,Y,0
2271,http://myneta.info/TamilNadu2026/candidate.php?candidate_id=2271,Boomiraj. K,58,VEDASANDUR,30,Samaniya Makkal Nala Katchi,No,Graduate,,,1,0 ~,0,,,,1,"37,50,000 ~ 37 Lacs+",3750000,,Y,0
2276,http://myneta.info/TamilNadu2026/candidate.php?candidate_id=2276,Dhivakar. A,58,VEDASANDUR,27,IND,No,Graduate,,,1,0 ~,0,,,,1,0 ~,0,,Y,0
914,http://myneta.info/TamilNadu2026/candidate.php?candidate_id=914,Dr.Nakajothi. N,58,VEDASANDUR,49,Tamilaga Vettri Kazhagam,No,Post Graduate,,,1,"72,40,000 ~ 72 Lacs+",7240000,,,,1,"23,00,000 ~ 23 Lacs+",2300000,,Y,0
212,http://myneta.info/TamilNadu2026/candidate.php?candidate_id=212,Khaja Hussain Ahamed. A,58,VEDASANDUR,27,Naam Tamilar Katchi,No,Post Graduate,,,1,0 ~,0,,,,1,0 ~,0,,Y,0
2279,http://myneta.info/TamilNadu2026/candidate.php?candidate_id=2279,Maneeshankar. M.G.,58,VEDASANDUR,51,IND,No,Others,,,1,0 ~,0,,,,1,0 ~,0,,Y,0
2278,http://myneta.info/TamilNadu2026/candidate.php?candidate_id=2278,Manikandaprabhu. N C,58,VEDASANDUR,25,IND,No,Post Graduate,,,1,0 ~,0,,,,1,0 ~,0,,Y,0
2280,http://myneta.info/TamilNadu2026/candidate.php?candidate_id=2280,Marimuthu. S,58,VEDASANDUR,31,IND,No,Others,,,1,0 ~,0,,,,1,0 ~,0,,Y,0
2281,http://myneta.info/TamilNadu2026/candidate.php?candidate_id=2281,Murugan. V,58,VEDASANDUR,53,IND,No,Graduate,,,1,"22,88,900 ~ 22 Lacs+",2288900,,,,1,"2,44,474 ~ 2 Lacs+",244474,,Y,0
2277,http://myneta.info/TamilNadu2026/candidate.php?candidate_id=2277,Natchimuthu. R,58,VEDASANDUR,40,IND,No,10th Pass,,,1,"5,00,000 ~ 5 Lacs+",500000,,,,1,"3,00,000 ~ 3 Lacs+",300000,,Y,0
258,http://myneta.info/TamilNadu2026/candidate.php?candidate_id=258,Paramasivam. V.P.B.,58,VEDASANDUR,45,AIADMK,Yes 4,Post Graduate,,,1,"21,04,20,600 ~ 21 Crore+",210420600,,,,1,0 ~,0,,Y,0
2272,http://myneta.info/TamilNadu2026/candidate.php?candidate_id=2272,Ramesh. T,58,VEDASANDUR,33,Tamizhaga Vaazhvurimai Katchi,Yes 1,8th Pass,,,1,0 ~,0,,,,1,"11,42,000 ~ 11 Lacs+",1142000,,Y,1
2273,http://myneta.info/TamilNadu2026/candidate.php?candidate_id=2273,Ravi. R,58,VEDASANDUR,44,CPI(ML)(L),Yes 1,10th Pass,,,1,"3,00,000 ~ 3 Lacs+",300000,,,,1,"4,02,000 ~ 4 Lacs+",402000,,Y,2
915,http://myneta.info/TamilNadu2026/candidate.php?candidate_id=915,Saminathan. T,58,VEDASANDUR,56,DMK,Yes 1,Graduate,,,1,"15,85,37,929 ~ 15 Crore+",158537929,,,,1,"9,88,46,057 ~ 9 Crore+",98846057,,Y,0
2275,http://myneta.info/TamilNadu2026/candidate.php?candidate_id=2275,Selvaraj. V,58,VEDASANDUR,55,IND,Yes 4,10th Pass,,,1,"10,00,000 ~ 10 Lacs+",1000000,,,,1,0 ~,0,,Y,0
2274,http://myneta.info/TamilNadu2026/candidate.php?candidate_id=2274,Suresh. B,58,VEDASANDUR,32,IND,No,Graduate Professional,,,1,0 ~,0,,,,1,"20,000 ~ 20 Thou+",20000,,Y,0
3462,http://myneta.info/TamilNadu2026/candidate.php?candidate_id=3462,A.Manikandan,59,ERODE (EAST),44,Tamizhaga Vaazhvurimai Katchi,No,5th Pass,,,1,"2,52,000 ~ 2 Lacs+",252000,,,,1,"18,25,000 ~ 18 Lacs+",1825000,,Y,0
3460,http://myneta.info/TamilNadu2026/candidate.php?candidate_id=3460,B.Chitra,59,ERODE (EAST),30,BSP,No,Graduate,,,1,0 ~,0,,,,1,0 ~,0,,Y,0
3467,http://myneta.info/TamilNadu2026/candidate.php?candidate_id=3467,C.Thiyagarajan,59,ERODE (EAST),48,IND,No,Post Graduate,,,1,"1,95,78,800 ~ 1 Crore+",19578800,,,,1,0 ~,0,,Y,0
1127,http://myneta.info/TamilNadu2026/candidate.php?candidate_id=1127,Gopinath Palaniyappan,59,ERODE (EAST),51,INC,No,Post Graduate,,,1,"15,00,00,000 ~ 15 Crore+",150000000,,,,1,"2,18,969 ~ 2 Lacs+",218969,,Y,0
700,http://myneta.info/TamilNadu2026/candidate.php?candidate_id=700,H.Mohamed Gaipeer,59,ERODE (EAST),52,IND,No,8th Pass,,,1,0 ~,0,,,,1,0 ~,0,,Y,0
698,http://myneta.info/TamilNadu2026/candidate.php?candidate_id=698,J.Muthu Bava,59,ERODE (EAST),32,IND,Yes 1,5th Pass,,,1,"16,77,500 ~ 16 Lacs+",1677500,,,,1,0 ~,0,,Y,2
701,http://myneta.info/TamilNadu2026/candidate.php?candidate_id=701,K.Dhavasiappan,59,ERODE (EAST),43,Tamilaga Makkal Nala Katchi,No,8th Pass,,,1,"35,00,000 ~ 35 Lacs+",3500000,,,,1,"20,00,000 ~ 20 Lacs+",2000000,,Y,0
3466,http://myneta.info/TamilNadu2026/candidate.php?candidate_id=3466,M.Dharani Kumar,59,ERODE (EAST),31,IND,No,Graduate Professional,,,1,"1,50,00,000 ~ 1 Crore+",15000000,,,,1,"37,000 ~ 37 Thou+",37000,,Y,0
3461,http://myneta.info/TamilNadu2026/candidate.php?candidate_id=3461,M.Kamal Kumar,59,ERODE (EAST),29,Vishwa Tamil Kazhagam,No,8th Pass,,,1,"1,75,000 ~ 1 Lacs+",175000,,,,1,"3,90,000 ~ 3 Lacs+",390000,,Y,0
3469,http://myneta.info/TamilNadu2026/candidate.php?candidate_id=3469,M.Murugesan,59,ERODE (EAST),63,IND,No,Post Graduate,,,1,"1,00,00,000 ~ 1 Crore+",10000000,,,,1,0 ~,0,,Y,0
3464,http://myneta.info/TamilNadu2026/candidate.php?candidate_id=3464,M.V.Karthy,59,ERODE (EAST),34,IND,No,Post Graduate,,,1,0 ~,0,,,,1,"15,68,000 ~ 15 Lacs+",1568000,,Y,0
781,http://myneta.info/TamilNadu2026/candidate.php?candidate_id=781,M.Vijay Balaji,59,ERODE (EAST),39,Tamilaga Vettri Kazhagam,Yes 1,Graduate,,,1,"1,75,36,000 ~ 1 Crore+",17536000,,,,1,"1,25,49,440 ~ 1 Crore+",12549440,,Y,0
3468,http://myneta.info/TamilNadu2026/candidate.php?candidate_id=3468,Nathiya.S,59,ERODE (EAST),39,IND,No,8th Pass,,,1,0 ~,0,,,,1,0 ~,0,,N,0
699,http://myneta.info/TamilNadu2026/candidate.php?candidate_id=699,R.Dhandapani,59,ERODE (EAST),49,Veerath Thiyagi Viswanathadoss Thozhilalarkal Katchi,No,8th Pass,,,1,0 ~,0,,,,1,0 ~,0,,Y,0
1159,http://myneta.info/TamilNadu2026/candidate.php?candidate_id=1159,R.Manoharan,59,ERODE (EAST),65,AIADMK,No,Graduate,,,1,"9,16,50,000 ~ 9 Crore+",91650000,,,,1,"3,92,90,000 ~ 3 Crore+",39290000,,Y,0
3471,http://myneta.info/TamilNadu2026/candidate.php?candidate_id=3471,R.Vairam,59,ERODE (EAST),66,IND,No,10th Pass,,,1,0 ~,0,,,,1,0 ~,0,,Y,0
3470,http://myneta.info/TamilNadu2026/candidate.php?candidate_id=3470,S.Lakshmanathan,59,ERODE (EAST),49,IND,No,Post Graduate,,,1,0 ~,0,,,,1,0 ~,0,,N,0
40,http://myneta.info/TamilNadu2026/candidate.php?candidate_id=40,S.Thandavamoorthy,59,ERODE (EAST),42,Naam Tamilar Katchi,Yes 1,Graduate,,,1,"2,55,00,000 ~ 2 Crore+",25500000,,,,1,"29,22,000 ~ 29 Lacs+",2922000,,Y,0
3465,http://myneta.info/TamilNadu2026/candidate.php?candidate_id=3465,Shanmugam.P,59,ERODE (EAST),48,IND,No,10th Pass,,,1,0 ~,0,,,,1,0 ~,0,,N,0
3107,http://myneta.info/TamilNadu2026/candidate.php?candidate_id=3107,A. Ramu,60,ERODE (WEST),47,IND,No,10th Pass,,,1,"47,00,000 ~ 47 Lacs+",4700000,,,,1,"1,80,000 ~ 1 Lacs+",180000,,Y,0
920,http://myneta.info/TamilNadu2026/candidate.php?candidate_id=920,Ananth Moghan K.K.,60,ERODE (WEST),38,Tamilaga Vettri Kazhagam,No,Post Graduate,,,1,"6,71,00,000 ~ 6 Crore+",67100000,,,,1,"1,09,53,657 ~ 1 Crore+",10953657,,Y,0
706,http://myneta.info/TamilNadu2026/candidate.php?candidate_id=706,C. Rajendran,60,ERODE (WEST),69,IND,Yes 1,Post Graduate,,,1,"80,00,000 ~ 80 Lacs+",8000000,,,,1,0 ~,0,,Y,3
3102,http://myneta.info/TamilNadu2026/candidate.php?candidate_id=3102,K. Kalaiyarasan,60,ERODE (WEST),65,Party for the Rights of Other backward Classes,No,12th Pass,,,1,"3,77,64,000 ~ 3 Crore+",37764000,,,,1,"69,06,639 ~ 69 Lacs+",6906639,,Y,0
3104,http://myneta.info/TamilNadu2026/candidate.php?candidate_id=3104,M. Nataraj,60,ERODE (WEST),54,Vishwa Tamil Kazhagam,No,5th Pass,,,1,"95,00,000 ~ 95 Lacs+",9500000,,,,1,0 ~,0,,Y,0
3105,http://myneta.info/TamilNadu2026/candidate.php?candidate_id=3105,M. Rukmani,60,ERODE (WEST),45,Samaniya Makkal Nala Katchi,No,8th Pass,,,1,"5,00,000 ~ 5 Lacs+",500000,,,,1,"65,000 ~ 65 Thou+",65000,,Y,0
1160,http://myneta.info/TamilNadu2026/candidate.php?candidate_id=1160,M. Yuvaraja,60,ERODE (WEST),45,BJP,Yes 1,Graduate Professional,,,1,"7,06,00,000 ~ 7 Crore+",70600000,,,,1,"6,79,57,087 ~ 6 Crore+",67957087,,Y,0
703,http://myneta.info/TamilNadu2026/candidate.php?candidate_id=703,Moorthi P.,60,ERODE (WEST),41,IND,No,Others,,,1,"7,16,000 ~ 7 Lacs+",716000,,,,1,"3,43,194 ~ 3 Lacs+",343194,,Y,0
41,http://myneta.info/TamilNadu2026/candidate.php?candidate_id=41,N. Vijay,60,ERODE (WEST),40,Naam Tamilar Katchi,Yes 1,Post Graduate,,,1,"19,00,000 ~ 19 Lacs+",1900000,,,,1,"15,28,681 ~ 15 Lacs+",1528681,,Y,0
238,http://myneta.info/TamilNadu2026/candidate.php?candidate_id=238,S. Muthusamy,60,ERODE (WEST),77,DMK,No,Post Graduate,,,1,"15,96,77,000 ~ 15 Crore+",159677000,,,,1,0 ~,0,,Y,0
3106,http://myneta.info/TamilNadu2026/candidate.php?candidate_id=3106,Shanmugam M.,60,ERODE (WEST),52,IND,No,5th Pass,,,1,"6,00,000 ~ 6 Lacs+",600000,,,,1,"2,57,454 ~ 2 Lacs+",257454,,Y,0
3101,http://myneta.info/TamilNadu2026/candidate.php?candidate_id=3101,V . Palani,60,ERODE (WEST),61,BSP,No,10th Pass,,,1,"37,00,000 ~ 37 Lacs+",3700000,,,,1,"4,00,000 ~ 4 Lacs+",400000,,Y,0
3103,http://myneta.info/TamilNadu2026/candidate.php?candidate_id=3103,V. Dhanalakshmi,60,ERODE (WEST),37,Tamizhaga Vaazhvurimai Katchi,No,5th Pass,,,1,"15,00,000 ~ 15 Lacs+",1500000,,,,1,"12,00,000 ~ 12 Lacs+",1200000,,Y,0
1933,http://myneta.info/TamilNadu2026/candidate.php?candidate_id=1933,A.Duraisamy,61,MODAKKURICHI,49,IND,No,5th Pass,,,1,"1,50,000 ~ 1 Lacs+",150000,,,,1,0 ~,0,,Y,0
1931,http://myneta.info/TamilNadu2026/candidate.php?candidate_id=1931,A.Kathirvel,61,MODAKKURICHI,61,IND,No,8th Pass,,,1,0 ~,0,,,,1,0 ~,0,,Y,0
1928,http://myneta.info/TamilNadu2026/candidate.php?candidate_id=1928,D.Shanmugan,61,MODAKKURICHI,57,Tamilaga Vettri Kazhagam,No,Graduate Professional,,,1,"31,03,00,000 ~ 31 Crore+",310300000,,,,1,"3,08,77,857 ~ 3 Crore+",30877857,,Y,0
1932,http://myneta.info/TamilNadu2026/candidate.php?candidate_id=1932,K.Dhanabal,61,MODAKKURICHI,38,IND,No,Post Graduate,,,1,0 ~,0,,,,1,"2,55,379 ~ 2 Lacs+",255379,,Y,0
1926,http://myneta.info/TamilNadu2026/candidate.php?candidate_id=1926,K.Muniyappan,61,MODAKKURICHI,54,BSP,No,10th Pass,,,1,"7,50,000 ~ 7 Lacs+",750000,,,,1,"85,000 ~ 85 Thou+",85000,,Y,0
1935,http://myneta.info/TamilNadu2026/candidate.php?candidate_id=1935,L.Bharathi,61,MODAKKURICHI,52,IND,No,5th Pass,,,1,0 ~,0,,,,1,"2,97,247 ~ 2 Lacs+",297247,,Y,0
97,http://myneta.info/TamilNadu2026/candidate.php?candidate_id=97,M.Arunkumar,61,MODAKKURICHI,45,Naam Tamilar Katchi,Yes 2,Graduate,,,1,"90,00,000 ~ 90 Lacs+",9000000,,,,1,"11,31,380 ~ 11 Lacs+",1131380,,Y,2
1929,http://myneta.info/TamilNadu2026/candidate.php?candidate_id=1929,M.Ramesh,61,MODAKKURICHI,45,Namathu Kongu Munnetra Kalagam,No,Post Graduate,,,1,"1,81,99,000 ~ 1 Crore+",18199000,,,,1,"27,49,082 ~ 27 Lacs+",2749082,,Y,0
1930,http://myneta.info/TamilNadu2026/candidate.php?candidate_id=1930,M.Ravikumar,61,MODAKKURICHI,55,Ganasangam Party of India,No,Literate,,,1,0 ~,0,,,,1,0 ~,0,,Y,0
1927,http://myneta.info/TamilNadu2026/candidate.php?candidate_id=1927,R.Karthikeyan,61,MODAKKURICHI,42,Tamizhaga Vaazhvurimai Katchi,No,10th Pass,,,1,"63,00,000 ~ 63 Lacs+",6300000,,,,1,0 ~,0,,Y,0
1934,http://myneta.info/TamilNadu2026/candidate.php?candidate_id=1934,R.Natarajan,61,MODAKKURICHI,65,IND,No,Illiterate,,,1,"40,00,000 ~ 40 Lacs+",4000000,,,,1,"1,45,000 ~ 1 Lacs+",145000,,Y,0
1936,http://myneta.info/TamilNadu2026/candidate.php?candidate_id=1936,R.Velusamy,61,MODAKKURICHI,42,IND,No,5th Pass,,,1,0 ~,0,,,,1,"1,30,000 ~ 1 Lacs+",130000,,Y,0
740,http://myneta.info/TamilNadu2026/candidate.php?candidate_id=740,S.Kirthika,61,MODAKKURICHI,40,BJP,No,Post Graduate,,,1,"50,18,15,000 ~ 50 Crore+",501815000,,,,1,"2,98,79,080 ~ 2 Crore+",29879080,,Y,0
724,http://myneta.info/TamilNadu2026/candidate.php?candidate_id=724,S.Senthilnathan,61,MODAKKURICHI,51,DMK,No,Graduate Professional,,,1,"22,87,50,000 ~ 22 Crore+",228750000,,,,1,"3,38,81,427 ~ 3 Crore+",33881427,,Y,0
327,http://myneta.info/TamilNadu2026/candidate.php?candidate_id=327,Arunachalam. V. P,62,PERUNDURAI,73,Tamilaga Vettri Kazhagam,No,12th Pass,,,1,"79,35,00,000 ~ 79 Crore+",793500000,,,,1,"11,27,66,573 ~ 11 Crore+",112766573,,Y,0
2668,http://myneta.info/TamilNadu2026/candidate.php?candidate_id=2668,Eswaran. P,62,PERUNDURAI,43,BSP,No,12th Pass,,,1,"9,00,000 ~ 9 Lacs+",900000,,,,1,"5,50,000 ~ 5 Lacs+",550000,,Y,0
2674,http://myneta.info/TamilNadu2026/candidate.php?candidate_id=2674,George Stephen. A,62,PERUNDURAI,45,IND,Yes 1,10th Pass,,,1,0 ~,0,,,,1,"80,000 ~ 80 Thou+",80000,,Y,1
127,http://myneta.info/TamilNadu2026/candidate.php?candidate_id=127,Ingur. C. Loganathan,62,PERUNDURAI,48,Naam Tamilar Katchi,Yes 1,Others,,,1,"69,64,031 ~ 69 Lacs+",6964031,,,,1,"5,98,000 ~ 5 Lacs+",598000,,Y,0
390,http://myneta.info/TamilNadu2026/candidate.php?candidate_id=390,Jayakumar. S,62,PERUNDURAI,46,AIADMK,Yes 1,Graduate Professional,,,1,"5,75,00,000 ~ 5 Crore+",57500000,,,,1,"4,20,81,844 ~ 4 Crore+",42081844,,Y,0
2675,http://myneta.info/TamilNadu2026/candidate.php?candidate_id=2675,Jayaprakash. K,62,PERUNDURAI,37,IND,No,8th Pass,,,1,0 ~,0,,,,1,0 ~,0,,Y,0
2672,http://myneta.info/TamilNadu2026/candidate.php?candidate_id=2672,Palanisamy. M,62,PERUNDURAI,50,IND,No,10th Pass,,,1,"37,50,000 ~ 37 Lacs+",3750000,,,,1,"7,27,500 ~ 7 Lacs+",727500,,Y,0
391,http://myneta.info/TamilNadu2026/candidate.php?candidate_id=391,Santhosh. S,62,PERUNDURAI,29,IND,Yes 4,10th Pass,,,1,0 ~,0,,,,1,0 ~,0,,Y,0
2671,http://myneta.info/TamilNadu2026/candidate.php?candidate_id=2671,Selvaraju. M,62,PERUNDURAI,42,IND,No,Graduate Professional,,,1,0 ~,0,,,,1,"2,84,256 ~ 2 Lacs+",284256,,Y,0
2669,http://myneta.info/TamilNadu2026/candidate.php?candidate_id=2669,Shanthosh Krishnan. S,62,PERUNDURAI,42,Tamizhaga Vaazhvurimai Katchi,No,Others,,,1,0 ~,0,,,,1,0 ~,0,,Y,0
1219,http://myneta.info/TamilNadu2026/candidate.php?candidate_id=1219,Thoppu Venkatachalam Alias N.D. Venkatachalam,62,PERUNDURAI,62,DMK,No,Graduate,,,1,"18,32,35,414 ~ 18 Crore+",183235414,,,,1,"8,23,03,845 ~ 8 Crore+",82303845,,Y,0
2670,http://myneta.info/TamilNadu2026/candidate.php?candidate_id=2670,Valarmathi. P,62,PERUNDURAI,53,Samaniya Makkal Nala Katchi,No,8th Pass,,,1,0 ~,0,,,,1,0 ~,0,,Y,0
2673,http://myneta.info/TamilNadu2026/candidate.php?candidate_id=2673,Venkatachalam. C,62,PERUNDURAI,70,IND,No,5th Pass,,,1,"65,00,000 ~ 65 Lacs+",6500000,,,,1,"2,60,000 ~ 2 Lacs+",260000,,Y,0
3110,http://myneta.info/TamilNadu2026/candidate.php?candidate_id=3110,Arumugam. P.V,63,BHAVANI,51,IND,No,10th Pass,,,1,"3,06,10,000 ~ 3 Crore+",30610000,,,,1,"13,20,000 ~ 13 Lacs+",1320000,,Y,0
242,http://myneta.info/TamilNadu2026/candidate.php?candidate_id=242,Balakrishnan,63,BHAVANI,70,Tamilaga Vettri Kazhagam,No,Graduate Professional,,,1,"35,90,93,000 ~ 35 Crore+",359093000,,,,1,"3,00,000 ~ 3 Lacs+",300000,,Y,0
3113,http://myneta.info/TamilNadu2026/candidate.php?candidate_id=3113,Boopathi Rajaraja Chozhan. M,63,BHAVANI,40,IND,No,5th Pass,,,1,"8,00,000 ~ 8 Lacs+",800000,,,,1,0 ~,0,,Y,0
918,http://myneta.info/TamilNadu2026/candidate.php?candidate_id=918,Chandrasekar. K.A,63,BHAVANI,51,DMK,No,12th Pass,,,1,"4,37,65,510 ~ 4 Crore+",43765510,,,,1,"1,98,22,580 ~ 1 Crore+",19822580,,Y,0
3111,http://myneta.info/TamilNadu2026/candidate.php?candidate_id=3111,Kannan. M,63,BHAVANI,40,IND,No,Graduate Professional,,,1,"1,46,77,540 ~ 1 Crore+",14677540,,,,1,"1,60,00,000 ~ 1 Crore+",16000000,,Y,0
3112,http://myneta.info/TamilNadu2026/candidate.php?candidate_id=3112,Karthikeyan. P,63,BHAVANI,46,IND,No,Graduate,,,1,0 ~,0,,,,1,"7,75,000 ~ 7 Lacs+",775000,,Y,0
1395,http://myneta.info/TamilNadu2026/candidate.php?candidate_id=1395,Karuppanan. K.C,63,BHAVANI,69,AIADMK,No,10th Pass,,,1,"19,60,47,037 ~ 19 Crore+",196047037,,,,1,"5,47,600 ~ 5 Lacs+",547600,,Y,0
3115,http://myneta.info/TamilNadu2026/candidate.php?candidate_id=3115,Manikkam. P,63,BHAVANI,39,IND,No,8th Pass,,,1,0 ~,0,,,,1,0 ~,0,,Y,0
243,http://myneta.info/TamilNadu2026/candidate.php?candidate_id=243,Mohanadevi. R,63,BHAVANI,25,Naam Tamilar Katchi,No,Post Graduate,,,1,0 ~,0,,,,1,0 ~,0,,Y,0
919,http://myneta.info/TamilNadu2026/candidate.php?candidate_id=919,Palanisamy. P.K,63,BHAVANI,51,Tamizhaga Vaazhvurimai Katchi,No,10th Pass,,,1,"2,00,00,000 ~ 2 Crore+",20000000,,,,1,"4,25,000 ~ 4 Lacs+",425000,,Y,0
3109,http://myneta.info/TamilNadu2026/candidate.php?candidate_id=3109,Parasakthi. P,63,BHAVANI,62,Samaniya Makkal Nala Katchi,No,8th Pass,,,1,0 ~,0,,,,1,0 ~,0,,Y,0
3114,http://myneta.info/TamilNadu2026/candidate.php?candidate_id=3114,Perumal. V.M,63,BHAVANI,72,IND,No,Illiterate,,,1,0 ~,0,,,,1,0 ~,0,,Y,0
3108,http://myneta.info/TamilNadu2026/candidate.php?candidate_id=3108,Sekar. K,63,BHAVANI,50,BSP,No,5th Pass,,,1,0 ~,0,,,,1,0 ~,0,,Y,0
675,http://myneta.info/TamilNadu2026/candidate.php?candidate_id=675,Vimalraj. R,63,BHAVANI,32,Makkal Munnetra Katchi,No,Others,,,1,0 ~,0,,,,1,0 ~,0,,Y,0
7,http://myneta.info/TamilNadu2026/candidate.php?candidate_id=7,Aalangattur Anandhi,64,ANTHIYUR,40,Naam Tamilar Katchi,No,Post Graduate,,,1,"3,00,000 ~ 3 Lacs+",300000,,,,1,"5,80,000 ~ 5 Lacs+",580000,,Y,0
3397,http://myneta.info/TamilNadu2026/candidate.php?candidate_id=3397,Dhanabal.C,64,ANTHIYUR,44,IND,No,Post Graduate,,,1,"1,50,000 ~ 1 Lacs+",150000,,,,1,"9,00,000 ~ 9 Lacs+",900000,,Y,0
917,http://myneta.info/TamilNadu2026/candidate.php?candidate_id=917,Easwaramurthi.K,64,ANTHIYUR,50,Tamizhaga Vaazhvurimai Katchi,No,Post Graduate,,,1,"67,70,295 ~ 67 Lacs+",6770295,,,,1,"13,06,918 ~ 13 Lacs+",1306918,,Y,0
3394,http://myneta.info/TamilNadu2026/candidate.php?candidate_id=3394,Gobal.S.C.R,64,ANTHIYUR,69,Aanaithinthiya Jananayaka Pathukappu Kazhagam,No,5th Pass,,,1,"10,00,000 ~ 10 Lacs+",1000000,,,,1,0 ~,0,,Y,0
1144,http://myneta.info/TamilNadu2026/candidate.php?candidate_id=1144,Haribaskar.P,64,ANTHIYUR,39,AIADMK,Yes 2,Others,,,1,"2,97,32,100 ~ 2 Crore+",29732100,,,,1,"72,94,264 ~ 72 Lacs+",7294264,,Y,0
3395,http://myneta.info/TamilNadu2026/candidate.php?candidate_id=3395,Karthi.M,64,ANTHIYUR,33,IND,No,10th Pass,,,1,"12,00,000 ~ 12 Lacs+",1200000,,,,1,0 ~,0,,Y,0
3392,http://myneta.info/TamilNadu2026/candidate.php?candidate_id=3392,Kavibharathi.K,64,ANTHIYUR,35,BSP,No,5th Pass,,,1,"6,00,000 ~ 6 Lacs+",600000,,,,1,"1,00,000 ~ 1 Lacs+",100000,,Y,0
3393,http://myneta.info/TamilNadu2026/candidate.php?candidate_id=3393,Ramasamy.S,64,ANTHIYUR,39,Samaniya Makkal Nala Katchi,No,Graduate,,,1,0 ~,0,,,,1,"4,38,418 ~ 4 Lacs+",438418,,Y,0
650,http://myneta.info/TamilNadu2026/candidate.php?candidate_id=650,Sankarkumar.K.A,64,ANTHIYUR,40,IND,No,Post Graduate,,,1,0 ~,0,,,,1,0 ~,0,,Y,0
3396,http://myneta.info/TamilNadu2026/candidate.php?candidate_id=3396,Selvi.A,64,ANTHIYUR,48,IND,No,8th Pass,,,1,"3,50,000 ~ 3 Lacs+",350000,,,,1,"1,18,000 ~ 1 Lacs+",118000,,Y,0
651,http://myneta.info/TamilNadu2026/candidate.php?candidate_id=651,Sheik Davood.A.M,64,ANTHIYUR,62,IND,No,Graduate,,,1,0 ~,0,,,,1,0 ~,0,,N,0
1145,http://myneta.info/TamilNadu2026/candidate.php?candidate_id=1145,Sivabalan.M,64,ANTHIYUR,42,DMK,Yes 1,Graduate,,,1,"4,38,00,000 ~ 4 Crore+",43800000,,,,1,"2,98,02,013 ~ 2 Crore+",29802013,,Y,0
3398,http://myneta.info/TamilNadu2026/candidate.php?candidate_id=3398,Veeran.K,64,ANTHIYUR,42,IND,No,10th Pass,,,1,0 ~,0,,,,1,0 ~,0,,Y,0
916,http://myneta.info/TamilNadu2026/candidate.php?candidate_id=916,Vijay Venkatesh.M,64,ANTHIYUR,35,Tamilaga Vettri Kazhagam,No,Graduate Professional,,,1,"1,49,78,750 ~ 1 Crore+",14978750,,,,1,"94,84,325 ~ 94 Lacs+",9484325,,Y,0
711,http://myneta.info/TamilNadu2026/candidate.php?candidate_id=711,Anandhakumar.M,65,GOBICHETTIPALAYAM,43,IND,No,5th Pass,,,1,0 ~,0,,,,1,0 ~,0,,Y,0
3480,http://myneta.info/TamilNadu2026/candidate.php?candidate_id=3480,Bhuvaneshwari.A,65,GOBICHETTIPALAYAM,30,IND,No,8th Pass,,,1,0 ~,0,,,,1,0 ~,0,,Y,0
710,http://myneta.info/TamilNadu2026/candidate.php?candidate_id=710,Dhanapal.K,65,GOBICHETTIPALAYAM,40,IND,No,5th Pass,,,1,"45,00,000 ~ 45 Lacs+",4500000,,,,1,"8,30,000 ~ 8 Lacs+",830000,,Y,0
3474,http://myneta.info/TamilNadu2026/candidate.php?candidate_id=3474,Malarvizhi,65,GOBICHETTIPALAYAM,43,Party for the Rights of Other backward Classes,No,Post Graduate,,,1,"46,22,000 ~ 46 Lacs+",4622000,,,,1,"6,50,000 ~ 6 Lacs+",650000,,Y,0
1123,http://myneta.info/TamilNadu2026/candidate.php?candidate_id=1123,Nallasivam.N,65,GOBICHETTIPALAYAM,58,DMK,Yes 1,10th Pass,,,1,"3,84,77,800 ~ 3 Crore+",38477800,,,,1,"92,18,523 ~ 92 Lacs+",9218523,,Y,0
712,http://myneta.info/TamilNadu2026/candidate.php?candidate_id=712,Palanisamyraaj.M,65,GOBICHETTIPALAYAM,72,IND,No,Others,,,1,"16,75,500 ~ 16 Lacs+",1675500,,,,1,"4,08,000 ~ 4 Lacs+",408000,,Y,0
727,http://myneta.info/TamilNadu2026/candidate.php?candidate_id=727,Prabhu.V.B,65,GOBICHETTIPALAYAM,43,AIADMK,Yes 1,Others,,,1,"6,23,00,000 ~ 6 Crore+",62300000,,,,1,"22,37,848 ~ 22 Lacs+",2237848,,Y,0
3481,http://myneta.info/TamilNadu2026/candidate.php?candidate_id=3481,Ramesh.P,65,GOBICHETTIPALAYAM,40,IND,No,8th Pass,,,1,0 ~,0,,,,1,0 ~,0,,Y,0
3472,http://myneta.info/TamilNadu2026/candidate.php?candidate_id=3472,Ravikumar.R,65,GOBICHETTIPALAYAM,42,BSP,No,5th Pass,,,1,0 ~,0,,,,1,"4,14,728 ~ 4 Lacs+",414728,,Y,0
3475,http://myneta.info/TamilNadu2026/candidate.php?candidate_id=3475,Sakthivel.G,65,GOBICHETTIPALAYAM,51,IND,No,10th Pass,,,1,"5,00,000 ~ 5 Lacs+",500000,,,,1,"3,20,000 ~ 3 Lacs+",320000,,Y,0
3477,http://myneta.info/TamilNadu2026/candidate.php?candidate_id=3477,Seetha.R,65,GOBICHETTIPALAYAM,46,IND,No,10th Pass,,,1,"9,50,000 ~ 9 Lacs+",950000,,,,1,0 ~,0,,Y,0
45,http://myneta.info/TamilNadu2026/candidate.php?candidate_id=45,Seethalakshmi.M.K,65,GOBICHETTIPALAYAM,51,Naam Tamilar Katchi,Yes 4,Post Graduate,,,1,"40,50,000 ~ 40 Lacs+",4050000,,,,1,"2,30,000 ~ 2 Lacs+",230000,,Y,3
3479,http://myneta.info/TamilNadu2026/candidate.php?candidate_id=3479,Selvakumar.R,65,GOBICHETTIPALAYAM,33,IND,No,10th Pass,,,1,"2,00,000 ~ 2 Lacs+",200000,,,,1,0 ~,0,,Y,0
44,http://myneta.info/TamilNadu2026/candidate.php?candidate_id=44,Sengottaiyan.K.A,65,GOBICHETTIPALAYAM,78,Tamilaga Vettri Kazhagam,Yes 3,10th Pass,,,1,"6,04,73,973 ~ 6 Crore+",60473973,,,,1,"59,48,518 ~ 59 Lacs+",5948518,,Y,0
3476,http://myneta.info/TamilNadu2026/candidate.php?candidate_id=3476,Shanmugam.G,65,GOBICHETTIPALAYAM,56,IND,No,5th Pass,,,1,"6,00,000 ~ 6 Lacs+",600000,,,,1,"8,000 ~ 8 Thou+",8000,,Y,0
3478,http://myneta.info/TamilNadu2026/candidate.php?candidate_id=3478,Sumathi.G,65,GOBICHETTIPALAYAM,57,IND,No,10th Pass,,,1,"30,00,000 ~ 30 Lacs+",3000000,,,,1,"9,95,000 ~ 9 Lacs+",995000,,Y,0
3473,http://myneta.info/TamilNadu2026/candidate.php?candidate_id=3473,Thiruvengatesh.M,65,GOBICHETTIPALAYAM,28,Tamizhaga Vaazhvurimai Katchi,No,Others,,,1,0 ~,0,,,,1,"1,10,951 ~ 1 Lacs+",110951,,Y,0
3482,http://myneta.info/TamilNadu2026/candidate.php?candidate_id=3482,Venkatachalam,65,GOBICHETTIPALAYAM,70,IND,No,Not Given,,,1,"5,00,000 ~ 5 Lacs+",500000,,,,1,0 ~,0,,Y,0
2677,http://myneta.info/TamilNadu2026/candidate.php?candidate_id=2677,A.Amrish,66,BHAVANISAGAR (SC),31,IND,No,Graduate Professional,,,1,0 ~,0,,,,1,"2,50,000 ~ 2 Lacs+",250000,,Y,0
1149,http://myneta.info/TamilNadu2026/candidate.php?candidate_id=1149,A.Bannari,66,BHAVANISAGAR (SC),47,AIADMK,Yes 3,Graduate,,,1,"1,25,00,000 ~ 1 Crore+",12500000,,,,1,"4,04,651 ~ 4 Lacs+",404651,,Y,1
676,http://myneta.info/TamilNadu2026/candidate.php?candidate_id=676,B.Palaniswamy,66,BHAVANISAGAR (SC),34,BSP,No,Post Graduate,,,1,"14,00,000 ~ 14 Lacs+",1400000,,,,1,"1,50,000 ~ 1 Lacs+",150000,,Y,0
2679,http://myneta.info/TamilNadu2026/candidate.php?candidate_id=2679,C.Palanichamy,66,BHAVANISAGAR (SC),59,IND,No,Graduate,,,1,0 ~,0,,,,1,0 ~,0,,Y,0
2682,http://myneta.info/TamilNadu2026/candidate.php?candidate_id=2682,Dr.Hanumaiah.C,66,BHAVANISAGAR (SC),49,IND,No,Doctorate,,,1,0 ~,0,,,,1,"24,70,000 ~ 24 Lacs+",2470000,,Y,0
2678,http://myneta.info/TamilNadu2026/candidate.php?candidate_id=2678,Gopalan.M,66,BHAVANISAGAR (SC),60,IND,No,Illiterate,,,1,"12,00,000 ~ 12 Lacs+",1200000,,,,1,0 ~,0,,Y,0
1108,http://myneta.info/TamilNadu2026/candidate.php?candidate_id=1108,P.L.Sundaram,66,BHAVANISAGAR (SC),57,CPI,Yes 2,8th Pass,,,1,0 ~,0,,,,1,"5,00,000 ~ 5 Lacs+",500000,,Y,0
2676,http://myneta.info/TamilNadu2026/candidate.php?candidate_id=2676,Rakki,66,BHAVANISAGAR (SC),65,All India Puratchi Thalaivar Makkal Munnettra Kazhagam,No,Literate,,,1,0 ~,0,,,,1,0 ~,0,,Y,0
2681,http://myneta.info/TamilNadu2026/candidate.php?candidate_id=2681,Ramakrishnan,66,BHAVANISAGAR (SC),35,IND,No,Others,,,1,0 ~,0,,,,1,"5,50,000 ~ 5 Lacs+",550000,,Y,0
2680,http://myneta.info/TamilNadu2026/candidate.php?candidate_id=2680,S.Palaniswamy,66,BHAVANISAGAR (SC),62,IND,No,10th Pass,,,1,"74,10,000 ~ 74 Lacs+",7410000,,,,1,0 ~,0,,Y,0
20,http://myneta.info/TamilNadu2026/candidate.php?candidate_id=20,S.Soundarya,66,BHAVANISAGAR (SC),26,Naam Tamilar Katchi,No,12th Pass,,,1,0 ~,0,,,,1,"1,35,010 ~ 1 Lacs+",135010,,Y,0
244,http://myneta.info/TamilNadu2026/candidate.php?candidate_id=244,V.P.Tamilselvi,66,BHAVANISAGAR (SC),59,Tamilaga Vettri Kazhagam,Yes 1,Post Graduate,,,1,"2,75,00,000 ~ 2 Crore+",27500000,,,,1,0 ~,0,,Y,0
2907,http://myneta.info/TamilNadu2026/candidate.php?candidate_id=2907,Arasan K,67,ULUNDURPETTAI,70,IND,No,5th Pass,,,1,"22,30,500 ~ 22 Lacs+",2230500,,,,1,0 ~,0,,Y,0
2906,http://myneta.info/TamilNadu2026/candidate.php?candidate_id=2906,Balakrishnan K,67,ULUNDURPETTAI,51,Anna Makkal Katchi,No,12th Pass,,,1,"30,00,000 ~ 30 Lacs+",3000000,,,,1,"3,39,948 ~ 3 Lacs+",339948,,Y,0
2908,http://myneta.info/TamilNadu2026/candidate.php?candidate_id=2908,Krishnamoorthy V,67,ULUNDURPETTAI,35,IND,Yes 1,Post Graduate,,,1,"5,94,865 ~ 5 Lacs+",594865,,,,1,0 ~,0,,Y,1
1301,http://myneta.info/TamilNadu2026/candidate.php?candidate_id=1301,Kumaraguru R,67,ULUNDURPETTAI,64,AIADMK,Yes 2,12th Pass,,,1,"1,44,78,500 ~ 1 Crore+",14478500,,,,1,"90,14,887 ~ 90 Lacs+",9014887,,Y,0
204,http://myneta.info/TamilNadu2026/candidate.php?candidate_id=204,Logeshwari S,67,ULUNDURPETTAI,30,Naam Tamilar Katchi,No,Graduate,,,1,"10,00,000 ~ 10 Lacs+",1000000,,,,1,"7,64,000 ~ 7 Lacs+",764000,,Y,0
2912,http://myneta.info/TamilNadu2026/candidate.php?candidate_id=2912,Manikandan P,67,ULUNDURPETTAI,34,IND,No,Post Graduate,,,1,0 ~,0,,,,1,0 ~,0,,Y,0
2911,http://myneta.info/TamilNadu2026/candidate.php?candidate_id=2911,Parthiban V,67,ULUNDURPETTAI,47,IND,No,Post Graduate,,,1,"50,00,000 ~ 50 Lacs+",5000000,,,,1,0 ~,0,,Y,0
2913,http://myneta.info/TamilNadu2026/candidate.php?candidate_id=2913,Ramakrishnan R,67,ULUNDURPETTAI,50,IND,No,10th Pass,,,1,"28,12,571 ~ 28 Lacs+",2812571,,,,1,0 ~,0,,Y,0
2909,http://myneta.info/TamilNadu2026/candidate.php?candidate_id=2909,Sankar S,67,ULUNDURPETTAI,56,IND,No,Illiterate,,,1,0 ~,0,,,,1,0 ~,0,,Y,0
2910,http://myneta.info/TamilNadu2026/candidate.php?candidate_id=2910,Sasikumar N,67,ULUNDURPETTAI,39,IND,No,Graduate,,,1,"8,00,000 ~ 8 Lacs+",800000,,,,1,"3,39,000 ~ 3 Lacs+",339000,,Y,0
928,http://myneta.info/TamilNadu2026/candidate.php?candidate_id=928,Senthil P,67,ULUNDURPETTAI,45,IND,Yes 3,8th Pass,,,1,"1,56,50,000 ~ 1 Crore+",15650000,,,,1,0 ~,0,,Y,1
926,http://myneta.info/TamilNadu2026/candidate.php?candidate_id=926,Sudhakar M,67,ULUNDURPETTAI,39,Tamilaga Vettri Kazhagam,No,Others,,,1,"4,39,49,800 ~ 4 Crore+",43949800,,,,1,"2,09,31,361 ~ 2 Crore+",20931361,,Y,0
2905,http://myneta.info/TamilNadu2026/candidate.php?candidate_id=2905,Udhayakumar R,67,ULUNDURPETTAI,40,All India Puratchi Thalaivar Makkal Munnettra Kazhagam,Yes 1,Graduate Professional,,,1,0 ~,0,,,,1,0 ~,0,,Y,1
927,http://myneta.info/TamilNadu2026/candidate.php?candidate_id=927,Vasanthavel G R,67,ULUNDURPETTAI,60,DMK,No,Graduate Professional,,,1,"1,95,70,594 ~ 1 Crore+",19570594,,,,1,"43,74,610 ~ 43 Lacs+",4374610,,Y,0
2919,http://myneta.info/TamilNadu2026/candidate.php?candidate_id=2919,Anbu D,68,RISHIVANDIYAM,46,IND,No,8th Pass,,,1,0 ~,0,,,,1,0 ~,0,,Y,0
2920,http://myneta.info/TamilNadu2026/candidate.php?candidate_id=2920,Anbumurugan S,68,RISHIVANDIYAM,46,IND,No,8th Pass,,,1,"4,61,660 ~ 4 Lacs+",461660,,,,1,0 ~,0,,Y,0
2914,http://myneta.info/TamilNadu2026/candidate.php?candidate_id=2914,Arumugam G,68,RISHIVANDIYAM,50,Parivartan Rajniti Party,No,5th Pass,,,1,0 ~,0,,,,1,"1,81,000 ~ 1 Lacs+",181000,,Y,0
923,http://myneta.info/TamilNadu2026/candidate.php?candidate_id=923,Ashok Kumar G,68,RISHIVANDIYAM,44,Tamilaga Vettri Kazhagam,No,8th Pass,,,1,"2,00,00,000 ~ 2 Crore+",20000000,,,,1,"79,39,579 ~ 79 Lacs+",7939579,,Y,0
924,http://myneta.info/TamilNadu2026/candidate.php?candidate_id=924,Balakrishnan A,68,RISHIVANDIYAM,37,BSP,No,5th Pass,,,1,"1,05,000 ~ 1 Lacs+",105000,,,,1,"2,85,000 ~ 2 Lacs+",285000,,Y,0
1228,http://myneta.info/TamilNadu2026/candidate.php?candidate_id=1228,Chezhiyan P,68,RISHIVANDIYAM,56,Pattali Makkal Katchi,Yes 1,10th Pass,,,1,"5,21,98,617 ~ 5 Crore+",52198617,,,,1,0 ~,0,,Y,0
2923,http://myneta.info/TamilNadu2026/candidate.php?candidate_id=2923,Gowtham C,68,RISHIVANDIYAM,32,IND,No,Graduate Professional,,,1,"4,92,42,867 ~ 4 Crore+",49242867,,,,1,0 ~,0,,Y,0
2921,http://myneta.info/TamilNadu2026/candidate.php?candidate_id=2921,Karthikeyan A,68,RISHIVANDIYAM,49,IND,No,12th Pass,,,1,"25,00,000 ~ 25 Lacs+",2500000,,,,1,0 ~,0,,Y,0
250,http://myneta.info/TamilNadu2026/candidate.php?candidate_id=250,Karthikeyan K,68,RISHIVANDIYAM,48,DMK,No,Graduate,,,1,"14,88,72,751 ~ 14 Crore+",148872751,,,,1,"9,21,31,941 ~ 9 Crore+",92131941,,Y,0
2922,http://myneta.info/TamilNadu2026/candidate.php?candidate_id=2922,Karthikeyan V,68,RISHIVANDIYAM,41,IND,No,8th Pass,,,1,"10,13,000 ~ 10 Lacs+",1013000,,,,1,"8,00,000 ~ 8 Lacs+",800000,,Y,0
2928,http://myneta.info/TamilNadu2026/candidate.php?candidate_id=2928,Manikandan C,68,RISHIVANDIYAM,42,IND,No,12th Pass,,,1,"62,50,000 ~ 62 Lacs+",6250000,,,,1,"18,50,000 ~ 18 Lacs+",1850000,,Y,0
2929,http://myneta.info/TamilNadu2026/candidate.php?candidate_id=2929,Marikkannu A,68,RISHIVANDIYAM,63,IND,No,Illiterate,,,1,0 ~,0,,,,1,0 ~,0,,N,0
2927,http://myneta.info/TamilNadu2026/candidate.php?candidate_id=2927,Narayanan L,68,RISHIVANDIYAM,42,IND,No,Others,,,1,0 ~,0,,,,1,"3,00,000 ~ 3 Lacs+",300000,,Y,0
138,http://myneta.info/TamilNadu2026/candidate.php?candidate_id=138,Radhika P,68,RISHIVANDIYAM,32,Naam Tamilar Katchi,No,Graduate,,,1,"50,00,000 ~ 50 Lacs+",5000000,,,,1,"4,40,000 ~ 4 Lacs+",440000,,Y,0
2930,http://myneta.info/TamilNadu2026/candidate.php?candidate_id=2930,Raja K,68,RISHIVANDIYAM,42,IND,No,8th Pass,,,1,0 ~,0,,,,1,0 ~,0,,Y,0
2931,http://myneta.info/TamilNadu2026/candidate.php?candidate_id=2931,Raja S,68,RISHIVANDIYAM,37,IND,No,Others,,,1,0 ~,0,,,,1,"1,80,000 ~ 1 Lacs+",180000,,Y,0
2917,http://myneta.info/TamilNadu2026/candidate.php?candidate_id=2917,Ranganathan N,68,RISHIVANDIYAM,50,All India Puratchi Thalaivar Makkal Munnettra Kazhagam,Yes 2,8th Pass,,,1,0 ~,0,,,,1,0 ~,0,,Y,1
2915,http://myneta.info/TamilNadu2026/candidate.php?candidate_id=2915,Sankar R,68,RISHIVANDIYAM,34,Tamizhaga Vaazhvurimai Katchi,No,Illiterate,,,1,"7,00,000 ~ 7 Lacs+",700000,,,,1,0 ~,0,,Y,0
2925,http://myneta.info/TamilNadu2026/candidate.php?candidate_id=2925,Selvaraj P,68,RISHIVANDIYAM,61,IND,No,10th Pass,,,1,"20,00,000 ~ 20 Lacs+",2000000,,,,1,0 ~,0,,Y,0
2924,http://myneta.info/TamilNadu2026/candidate.php?candidate_id=2924,Senthikumar V N,68,RISHIVANDIYAM,59,IND,No,Graduate,,,1,"10,00,000 ~ 10 Lacs+",1000000,,,,1,0 ~,0,,Y,0
2916,http://myneta.info/TamilNadu2026/candidate.php?candidate_id=2916,Sevvantha G K,68,RISHIVANDIYAM,54,Anna Makkal Katchi,No,10th Pass,,,1,0 ~,0,,,,1,0 ~,0,,Y,0
2926,http://myneta.info/TamilNadu2026/candidate.php?candidate_id=2926,Sezhiyan K,68,RISHIVANDIYAM,44,IND,Yes 1,10th Pass,,,1,"25,00,000 ~ 25 Lacs+",2500000,,,,1,"5,10,000 ~ 5 Lacs+",510000,,Y,0
2918,http://myneta.info/TamilNadu2026/candidate.php?candidate_id=2918,Venkatraman J,68,RISHIVANDIYAM,40,Naadaalum Makkal Katchi,No,Post Graduate,,,1,"23,00,000 ~ 23 Lacs+",2300000,,,,1,"2,35,000 ~ 2 Lacs+",235000,,Y,0
2933,http://myneta.info/TamilNadu2026/candidate.php?candidate_id=2933,Vijayakumar G,68,RISHIVANDIYAM,36,IND,No,10th Pass,,,1,0 ~,0,,,,1,0 ~,0,,Y,0
2932,http://myneta.info/TamilNadu2026/candidate.php?candidate_id=2932,Vinoth S,68,RISHIVANDIYAM,37,IND,No,10th Pass,,,1,0 ~,0,,,,1,0 ~,0,,Y,0
3840,http://myneta.info/TamilNadu2026/candidate.php?candidate_id=3840,Anbazhagan S,69,SANKARAPURAM,28,IND,No,Others,,,1,0 ~,0,,,,1,0 ~,0,,Y,0
498,http://myneta.info/TamilNadu2026/candidate.php?candidate_id=498,Dr.Murugu K,69,SANKARAPURAM,55,IND,No,Graduate,,,1,"80,00,000 ~ 80 Lacs+",8000000,,,,1,"51,85,059 ~ 51 Lacs+",5185059,,Y,0
3843,http://myneta.info/TamilNadu2026/candidate.php?candidate_id=3843,Durai Ezhilan P,69,SANKARAPURAM,49,IND,No,Graduate,,,1,0 ~,0,,,,1,"1,78,000 ~ 1 Lacs+",178000,,Y,0
3838,http://myneta.info/TamilNadu2026/candidate.php?candidate_id=3838,Gangasekar A,69,SANKARAPURAM,42,MAKKAL SAKTHI KATCHI,No,12th Pass,,,1,0 ~,0,,,,1,"7,20,000 ~ 7 Lacs+",720000,,Y,0
3848,http://myneta.info/TamilNadu2026/candidate.php?candidate_id=3848,Harun Rasheeth J,69,SANKARAPURAM,51,IND,No,Graduate,,,1,"20,00,000 ~ 20 Lacs+",2000000,,,,1,0 ~,0,,Y,0
773,http://myneta.info/TamilNadu2026/candidate.php?candidate_id=773,Jagadesan A,69,SANKARAPURAM,53,Tamilaga Vettri Kazhagam,Yes 2,Others,,,1,"22,80,000 ~ 22 Lacs+",2280000,,,,1,0 ~,0,,Y,2
497,http://myneta.info/TamilNadu2026/candidate.php?candidate_id=497,Jayaprakash K,69,SANKARAPURAM,47,IND,No,Graduate,,,1,"4,00,000 ~ 4 Lacs+",400000,,,,1,0 ~,0,,Y,0
3841,http://myneta.info/TamilNadu2026/candidate.php?candidate_id=3841,Kavikuil V,69,SANKARAPURAM,26,IND,No,Graduate,,,1,0 ~,0,,,,1,"5,28,000 ~ 5 Lacs+",528000,,Y,0
496,http://myneta.info/TamilNadu2026/candidate.php?candidate_id=496,Mani G,69,SANKARAPURAM,32,IND,Yes 1,Others,,,1,"2,64,300 ~ 2 Lacs+",264300,,,,1,"3,85,910 ~ 3 Lacs+",385910,,Y,0
3845,http://myneta.info/TamilNadu2026/candidate.php?candidate_id=3845,Manikandan P,69,SANKARAPURAM,33,IND,No,Graduate,,,1,0 ~,0,,,,1,0 ~,0,,Y,0
499,http://myneta.info/TamilNadu2026/candidate.php?candidate_id=499,Mayilamparai Mari A,69,SANKARAPURAM,49,IND,No,Illiterate,,,1,"17,00,000 ~ 17 Lacs+",1700000,,,,1,0 ~,0,,N,0
3839,http://myneta.info/TamilNadu2026/candidate.php?candidate_id=3839,Nadarajan K,69,SANKARAPURAM,67,All India Puratchi Thalaivar Makkal Munnettra Kazhagam,Yes 1,Illiterate,,,1,0 ~,0,,,,1,0 ~,0,,Y,1
3844,http://myneta.info/TamilNadu2026/candidate.php?candidate_id=3844,Pachaiyappan K,69,SANKARAPURAM,56,IND,No,10th Pass,,,1,0 ~,0,,,,1,0 ~,0,,N,0
1235,http://myneta.info/TamilNadu2026/candidate.php?candidate_id=1235,Rakesh R,69,SANKARAPURAM,38,AIADMK,Yes 1,Graduate,,,1,0 ~,0,,,,1,0 ~,0,,Y,0
3837,http://myneta.info/TamilNadu2026/candidate.php?candidate_id=3837,Ramachandiran M,69,SANKARAPURAM,47,Tamizhaga Vaazhvurimai Katchi,No,10th Pass,,,1,"10,00,000 ~ 10 Lacs+",1000000,,,,1,0 ~,0,,Y,0
146,http://myneta.info/TamilNadu2026/candidate.php?candidate_id=146,Ramesh K,69,SANKARAPURAM,35,Naam Tamilar Katchi,No,Graduate Professional,,,1,0 ~,0,,,,1,"16,36,225 ~ 16 Lacs+",1636225,,Y,0
3842,http://myneta.info/TamilNadu2026/candidate.php?candidate_id=3842,Samikkannu M,69,SANKARAPURAM,44,IND,No,10th Pass,,,1,"2,00,000 ~ 2 Lacs+",200000,,,,1,0 ~,0,,N,0
774,http://myneta.info/TamilNadu2026/candidate.php?candidate_id=774,Sanniyasi N,69,SANKARAPURAM,56,Veerath Thiyagi Viswanathadoss Thozhilalarkal Katchi,No,10th Pass,,,1,0 ~,0,,,,1,0 ~,0,,Y,0
3836,http://myneta.info/TamilNadu2026/candidate.php?candidate_id=3836,Sudha M,69,SANKARAPURAM,37,BSP,No,Graduate,,,1,"3,25,000 ~ 3 Lacs+",325000,,,,1,"1,35,000 ~ 1 Lacs+",135000,,Y,0
1234,http://myneta.info/TamilNadu2026/candidate.php?candidate_id=1234,Udhayasuriyan T,69,SANKARAPURAM,62,DMK,Yes 1,Graduate,,,1,"5,13,10,000 ~ 5 Crore+",51310000,,,,1,"96,00,705 ~ 96 Lacs+",9600705,,Y,0
3846,http://myneta.info/TamilNadu2026/candidate.php?candidate_id=3846,Vignesh R,69,SANKARAPURAM,29,IND,No,Graduate,,,1,0 ~,0,,,,1,"1,66,000 ~ 1 Lacs+",166000,,Y,0
3847,http://myneta.info/TamilNadu2026/candidate.php?candidate_id=3847,Vijay J,69,SANKARAPURAM,34,IND,Yes 1,Post Graduate,,,1,"50,00,000 ~ 50 Lacs+",5000000,,,,1,"3,20,000 ~ 3 Lacs+",320000,,Y,1
921,http://myneta.info/TamilNadu2026/candidate.php?candidate_id=921,Arul Vignesh,70,KALLAKURICHI (SC),35,Tamilaga Vettri Kazhagam,No,Post Graduate,,,1,"60,00,000 ~ 60 Lacs+",6000000,,,,1,"45,81,125 ~ 45 Lacs+",4581125,,Y,0
922,http://myneta.info/TamilNadu2026/candidate.php?candidate_id=922,Malathi K,70,KALLAKURICHI (SC),46,Viduthalai Chiruthaigal Katchi,No,Doctorate,,,1,"4,69,31,900 ~ 4 Crore+",46931900,,,,1,"65,76,971 ~ 65 Lacs+",6576971,,Y,0
2587,http://myneta.info/TamilNadu2026/candidate.php?candidate_id=2587,Malathi K,70,KALLAKURICHI (SC),28,IND,No,10th Pass,,,1,0 ~,0,,,,1,"4,05,000 ~ 4 Lacs+",405000,,Y,0
54,http://myneta.info/TamilNadu2026/candidate.php?candidate_id=54,Nagammal R,70,KALLAKURICHI (SC),35,Naam Tamilar Katchi,No,Post Graduate,,,1,"86,00,000 ~ 86 Lacs+",8600000,,,,1,0 ~,0,,Y,0
2586,http://myneta.info/TamilNadu2026/candidate.php?candidate_id=2586,Prabu C,70,KALLAKURICHI (SC),43,IND,No,Post Graduate,,,1,"3,00,000 ~ 3 Lacs+",300000,,,,1,"1,00,000 ~ 1 Lacs+",100000,,Y,0
1365,http://myneta.info/TamilNadu2026/candidate.php?candidate_id=1365,Rajeevgandhi S,70,KALLAKURICHI (SC),41,AIADMK,Yes 1,Graduate Professional,,,1,"50,00,000 ~ 50 Lacs+",5000000,,,,1,0 ~,0,,Y,1
2589,http://myneta.info/TamilNadu2026/candidate.php?candidate_id=2589,Rajivgandhi P,70,KALLAKURICHI (SC),41,IND,No,8th Pass,,,1,0 ~,0,,,,1,"4,30,000 ~ 4 Lacs+",430000,,Y,0
2588,http://myneta.info/TamilNadu2026/candidate.php?candidate_id=2588,Rajivgandhi S,70,KALLAKURICHI (SC),40,IND,No,8th Pass,,,1,"90,00,000 ~ 90 Lacs+",9000000,,,,1,"8,40,000 ~ 8 Lacs+",840000,,Y,0
2585,http://myneta.info/TamilNadu2026/candidate.php?candidate_id=2585,Selvaraj M,70,KALLAKURICHI (SC),57,IND,No,Others,,,1,"5,00,000 ~ 5 Lacs+",500000,,,,1,0 ~,0,,Y,0
2590,http://myneta.info/TamilNadu2026/candidate.php?candidate_id=2590,Vasanthakumar S,70,KALLAKURICHI (SC),27,IND,Yes 1,Graduate Professional,,,1,0 ~,0,,,,1,0 ~,0,,Y,0
2591,http://myneta.info/TamilNadu2026/candidate.php?candidate_id=2591,Vignesh G,70,KALLAKURICHI (SC),31,IND,No,Graduate,,,1,0 ~,0,,,,1,"1,72,000 ~ 1 Lacs+",172000,,Y,0
1503,http://myneta.info/TamilNadu2026/candidate.php?candidate_id=1503,A.Saravanan,71,ALANDUR,36,IND,No,10th Pass,,,1,0 ~,0,,,,1,0 ~,0,,Y,0
1500,http://myneta.info/TamilNadu2026/candidate.php?candidate_id=1500,A.Velusamy,71,ALANDUR,46,Puthiya Tamilagam,No,5th Pass,,,1,0 ~,0,,,,1,0 ~,0,,Y,0
1498,http://myneta.info/TamilNadu2026/candidate.php?candidate_id=1498,Aravind Chandrasekar,71,ALANDUR,41,Indhu Dravida Makkal Katchi,No,Post Graduate,,,1,0 ~,0,,,,1,"2,55,000 ~ 2 Lacs+",255000,,Y,0
640,http://myneta.info/TamilNadu2026/candidate.php?candidate_id=640,B. Kalyanaramkumar,71,ALANDUR,37,Naam Indiar Party,No,Post Graduate,,,1,0 ~,0,,,,1,0 ~,0,,Y,0
1505,http://myneta.info/TamilNadu2026/candidate.php?candidate_id=1505,D.Saravanan,71,ALANDUR,56,IND,No,10th Pass,,,1,0 ~,0,,,,1,0 ~,0,,Y,0
1510,http://myneta.info/TamilNadu2026/candidate.php?candidate_id=1510,G.Daniel Antonyraj,71,ALANDUR,41,IND,No,10th Pass,,,1,0 ~,0,,,,1,"4,32,800 ~ 4 Lacs+",432800,,Y,0
1512,http://myneta.info/TamilNadu2026/candidate.php?candidate_id=1512,G.Ramanan,71,ALANDUR,30,IND,No,Graduate,,,1,"27,50,000 ~ 27 Lacs+",2750000,,,,1,0 ~,0,,Y,0
1497,http://myneta.info/TamilNadu2026/candidate.php?candidate_id=1497,J.Agni Selvarasu,71,ALANDUR,43,Naadaalum Makkal Katchi,No,Post Graduate,,,1,"23,00,000 ~ 23 Lacs+",2300000,,,,1,"22,33,000 ~ 22 Lacs+",2233000,,Y,0
1513,http://myneta.info/TamilNadu2026/candidate.php?candidate_id=1513,K.Velayudham,71,ALANDUR,48,IND,No,8th Pass,,,1,"70,000 ~ 70 Thou+",70000,,,,1,0 ~,0,,Y,0
305,http://myneta.info/TamilNadu2026/candidate.php?candidate_id=305,M.Harish,71,ALANDUR,31,Tamilaga Vettri Kazhagam,No,Graduate Professional,,,1,0 ~,0,,,,1,"56,02,039 ~ 56 Lacs+",5602039,,Y,0
1514,http://myneta.info/TamilNadu2026/candidate.php?candidate_id=1514,M.Harish,71,ALANDUR,25,IND,No,Graduate,,,1,0 ~,0,,,,1,0 ~,0,,Y,0
1511,http://myneta.info/TamilNadu2026/candidate.php?candidate_id=1511,Mahesh Kumar,71,ALANDUR,26,IND,No,12th Pass,,,1,0 ~,0,,,,1,"7,60,000 ~ 7 Lacs+",760000,,Y,0
1506,http://myneta.info/TamilNadu2026/candidate.php?candidate_id=1506,R.Saravanan,71,ALANDUR,42,IND,No,10th Pass,,,1,0 ~,0,,,,1,0 ~,0,,Y,0
1509,http://myneta.info/TamilNadu2026/candidate.php?candidate_id=1509,R.Selvakumar,71,ALANDUR,34,IND,No,Others,,,1,0 ~,0,,,,1,0 ~,0,,Y,0
1507,http://myneta.info/TamilNadu2026/candidate.php?candidate_id=1507,R.Suresh,71,ALANDUR,39,IND,No,Graduate Professional,,,1,0 ~,0,,,,1,0 ~,0,,Y,0
1499,http://myneta.info/TamilNadu2026/candidate.php?candidate_id=1499,S.Royappan,71,ALANDUR,48,Tamizhaga Vaazhvurimai Katchi,No,Graduate,,,1,0 ~,0,,,,1,0 ~,0,,Y,0
4131,http://myneta.info/TamilNadu2026/candidate.php?candidate_id=4131,S.Saravanan,71,ALANDUR,37,IND,No,8th Pass,,,1,0 ~,0,,,,1,0 ~,0,,Y,0
1415,http://myneta.info/TamilNadu2026/candidate.php?candidate_id=1415,S.Saravanan,71,ALANDUR,53,AIADMK,Yes 1,8th Pass,,,1,"2,97,81,650 ~ 2 Crore+",29781650,,,,1,"46,00,000 ~ 46 Lacs+",4600000,,Y,1
1508,http://myneta.info/TamilNadu2026/candidate.php?candidate_id=1508,Senkodi Vijayalakshmi,71,ALANDUR,43,IND,No,Post Graduate,,,1,0 ~,0,,,,1,0 ~,0,,Y,0
929,http://myneta.info/TamilNadu2026/candidate.php?candidate_id=929,T.M.Anbarasan,71,ALANDUR,66,DMK,Yes 2,10th Pass,,,1,"9,47,09,200 ~ 9 Crore+",94709200,,,,1,"1,74,94,796 ~ 1 Crore+",17494796,,Y,1
1502,http://myneta.info/TamilNadu2026/candidate.php?candidate_id=1502,V.Anbarasan,71,ALANDUR,37,IND,No,Graduate Professional,,,1,0 ~,0,,,,1,"4,87,000 ~ 4 Lacs+",487000,,Y,0
1,http://myneta.info/TamilNadu2026/candidate.php?candidate_id=1,Y.G.Mahalakshmi,71,ALANDUR,33,Naam Tamilar Katchi,No,Graduate,,,1,0 ~,0,,,,1,"5,52,960 ~ 5 Lacs+",552960,,Y,0
3539,http://myneta.info/TamilNadu2026/candidate.php?candidate_id=3539,C. Dillibabu,72,KANCHEEPURAM,53,IND,No,8th Pass,,,1,0 ~,0,,,,1,0 ~,0,,Y,0
401,http://myneta.info/TamilNadu2026/candidate.php?candidate_id=401,E. Dhakshnamoorthy,72,KANCHEEPURAM,26,IND,No,Others,,,1,0 ~,0,,,,1,0 ~,0,,Y,0
3540,http://myneta.info/TamilNadu2026/candidate.php?candidate_id=3540,G. Babu,72,KANCHEEPURAM,37,IND,No,5th Pass,,,1,"46,00,000 ~ 46 Lacs+",4600000,,,,1,0 ~,0,,Y,0
3538,http://myneta.info/TamilNadu2026/candidate.php?candidate_id=3538,Gnanamoorthy,72,KANCHEEPURAM,55,IND,No,5th Pass,,,1,0 ~,0,,,,1,0 ~,0,,Y,0
400,http://myneta.info/TamilNadu2026/candidate.php?candidate_id=400,M. Balaji,72,KANCHEEPURAM,28,IND,No,Graduate Professional,,,1,"9,00,000 ~ 9 Lacs+",900000,,,,1,0 ~,0,,Y,0
399,http://myneta.info/TamilNadu2026/candidate.php?candidate_id=399,M. Meganathan,72,KANCHEEPURAM,45,IND,Yes 3,10th Pass,,,1,"8,50,000 ~ 8 Lacs+",850000,,,,1,"1,85,000 ~ 1 Lacs+",185000,,Y,0
3533,http://myneta.info/TamilNadu2026/candidate.php?candidate_id=3533,M. Nandhakumar,72,KANCHEEPURAM,31,Anti Corruption Dynamic Party,No,Others,,,1,"39,91,975 ~ 39 Lacs+",3991975,,,,1,"7,75,000 ~ 7 Lacs+",775000,,Y,0
3536,http://myneta.info/TamilNadu2026/candidate.php?candidate_id=3536,M. Somasundaram,72,KANCHEEPURAM,43,IND,No,8th Pass,,,1,"7,00,000 ~ 7 Lacs+",700000,,,,1,"4,30,000 ~ 4 Lacs+",430000,,Y,0
930,http://myneta.info/TamilNadu2026/candidate.php?candidate_id=930,Nithya Sugumar,72,KANCHEEPURAM,38,DMK,No,10th Pass,,,1,"4,04,04,400 ~ 4 Crore+",40404400,,,,1,"1,47,61,023 ~ 1 Crore+",14761023,,Y,0
3535,http://myneta.info/TamilNadu2026/candidate.php?candidate_id=3535,P. Venkatesan,72,KANCHEEPURAM,46,All India Puratchi Thalaivar Makkal Munnettra Kazhagam,No,Others,,,1,0 ~,0,,,,1,"14,14,000 ~ 14 Lacs+",1414000,,Y,0
398,http://myneta.info/TamilNadu2026/candidate.php?candidate_id=398,R.V. Ranjithkumar,72,KANCHEEPURAM,50,Tamilaga Vettri Kazhagam,Yes 1,Graduate,,,1,"13,94,75,500 ~ 13 Crore+",139475500,,,,1,"2,56,54,000 ~ 2 Crore+",25654000,,Y,0
3534,http://myneta.info/TamilNadu2026/candidate.php?candidate_id=3534,V. Naresh,72,KANCHEEPURAM,36,Tamizhaga Vaazhvurimai Katchi,No,8th Pass,,,1,"57,00,000 ~ 57 Lacs+",5700000,,,,1,0 ~,0,,Y,0
1166,http://myneta.info/TamilNadu2026/candidate.php?candidate_id=1166,V. Somasundaram,72,KANCHEEPURAM,61,AIADMK,No,Graduate Professional,,,1,"7,96,16,700 ~ 7 Crore+",79616700,,,,1,"9,90,295 ~ 9 Lacs+",990295,,Y,0
3537,http://myneta.info/TamilNadu2026/candidate.php?candidate_id=3537,V. Somasundaram,72,KANCHEEPURAM,57,IND,No,5th Pass,,,1,0 ~,0,,,,1,0 ~,0,,Y,0
55,http://myneta.info/TamilNadu2026/candidate.php?candidate_id=55,Vetriselvi,72,KANCHEEPURAM,52,Naam Tamilar Katchi,No,Post Graduate,,,1,"33,00,000 ~ 33 Lacs+",3300000,,,,1,0 ~,0,,Y,0
3116,http://myneta.info/TamilNadu2026/candidate.php?candidate_id=3116,A. Guruanandhan,73,SRIPERUMBUDUR (SC),34,Anaithinthiya Anna Dravida Makkal Seyal katchi,No,10th Pass,,,1,0 ~,0,,,,1,0 ~,0,,Y,0
845,http://myneta.info/TamilNadu2026/candidate.php?candidate_id=845,A.Gnanasekaran,73,SRIPERUMBUDUR (SC),36,Tamizhaga Vaazhvurimai Katchi,No,Graduate Professional,,,1,"10,00,000 ~ 10 Lacs+",1000000,,,,1,0 ~,0,,Y,0
3117,http://myneta.info/TamilNadu2026/candidate.php?candidate_id=3117,D.Purushothaman,73,SRIPERUMBUDUR (SC),41,All India Puratchi Thalaivar Makkal Munnettra Kazhagam,No,Graduate,,,1,"58,00,000 ~ 58 Lacs+",5800000,,,,1,0 ~,0,,Y,0
3120,http://myneta.info/TamilNadu2026/candidate.php?candidate_id=3120,E. Murugan,73,SRIPERUMBUDUR (SC),49,IND,No,8th Pass,,,1,"5,00,000 ~ 5 Lacs+",500000,,,,1,0 ~,0,,Y,0
3118,http://myneta.info/TamilNadu2026/candidate.php?candidate_id=3118,Elangovan Sivakumar,73,SRIPERUMBUDUR (SC),43,IND,No,Graduate Professional,,,1,0 ~,0,,,,1,"16,12,701 ~ 16 Lacs+",1612701,,Y,0
3121,http://myneta.info/TamilNadu2026/candidate.php?candidate_id=3121,G. Rajathi,73,SRIPERUMBUDUR (SC),37,IND,No,Graduate Professional,,,1,0 ~,0,,,,1,0 ~,0,,Y,0
3119,http://myneta.info/TamilNadu2026/candidate.php?candidate_id=3119,J. Nithya,73,SRIPERUMBUDUR (SC),33,IND,No,Graduate Professional,,,1,0 ~,0,,,,1,0 ~,0,,Y,0
1248,http://myneta.info/TamilNadu2026/candidate.php?candidate_id=1248,K. Palani,73,SRIPERUMBUDUR (SC),64,AIADMK,No,5th Pass,,,1,"95,00,000 ~ 95 Lacs+",9500000,,,,1,"33,00,000 ~ 33 Lacs+",3300000,,Y,0
1247,http://myneta.info/TamilNadu2026/candidate.php?candidate_id=1247,K. Selvaperunthagai,73,SRIPERUMBUDUR (SC),65,INC,Yes 9,Graduate Professional,,,1,"46,49,67,365 ~ 46 Crore+",464967365,,,,1,"2,09,86,072 ~ 2 Crore+",20986072,,Y,0
278,http://myneta.info/TamilNadu2026/candidate.php?candidate_id=278,M. Sindhu Ezhilarasan,73,SRIPERUMBUDUR (SC),32,Naam Tamilar Katchi,No,Post Graduate,,,1,0 ~,0,,,,1,"6,00,000 ~ 6 Lacs+",600000,,Y,0
844,http://myneta.info/TamilNadu2026/candidate.php?candidate_id=844,M.Tamilarasan,73,SRIPERUMBUDUR (SC),30,CPI(ML)(L),No,Others,,,1,"30,00,000 ~ 30 Lacs+",3000000,,,,1,0 ~,0,,Y,0
3122,http://myneta.info/TamilNadu2026/candidate.php?candidate_id=3122,P. Vedhagiri,73,SRIPERUMBUDUR (SC),55,IND,No,5th Pass,,,1,"20,00,000 ~ 20 Lacs+",2000000,,,,1,0 ~,0,,Y,0
779,http://myneta.info/TamilNadu2026/candidate.php?candidate_id=779,Thennarasu.K,73,SRIPERUMBUDUR (SC),36,Tamilaga Vettri Kazhagam,Yes 3,8th Pass,,,1,"2,92,000 ~ 2 Lacs+",292000,,,,1,"4,50,000 ~ 4 Lacs+",450000,,Y,0
2284,http://myneta.info/TamilNadu2026/candidate.php?candidate_id=2284,Anbu.V,74,UTHIRAMERUR,28,IND,No,Graduate,,,1,0 ~,0,,,,1,"2,15,000 ~ 2 Lacs+",215000,,Y,0
2287,http://myneta.info/TamilNadu2026/candidate.php?candidate_id=2287,Cittibabu.R,74,UTHIRAMERUR,59,IND,No,8th Pass,,,1,"4,00,000 ~ 4 Lacs+",400000,,,,1,0 ~,0,,Y,0
2288,http://myneta.info/TamilNadu2026/candidate.php?candidate_id=2288,Devarajan.C,74,UTHIRAMERUR,57,IND,No,8th Pass,,,1,"8,00,000 ~ 8 Lacs+",800000,,,,1,0 ~,0,,Y,0
2289,http://myneta.info/TamilNadu2026/candidate.php?candidate_id=2289,Deventhiramoorthy.S,74,UTHIRAMERUR,68,IND,Yes 1,5th Pass,,,1,0 ~,0,,,,1,0 ~,0,,N,0
2286,http://myneta.info/TamilNadu2026/candidate.php?candidate_id=2286,Gunasekar.V,74,UTHIRAMERUR,36,IND,No,10th Pass,,,1,"9,00,000 ~ 9 Lacs+",900000,,,,1,"45,660 ~ 45 Thou+",45660,,Y,0
2283,http://myneta.info/TamilNadu2026/candidate.php?candidate_id=2283,Jakirusan.D,74,UTHIRAMERUR,54,Tamizhaga Vaazhvurimai Katchi,Yes 1,Literate,,,1,"6,30,000 ~ 6 Lacs+",630000,,,,1,0 ~,0,,Y,0
2285,http://myneta.info/TamilNadu2026/candidate.php?candidate_id=2285,Kamalakannan.K,74,UTHIRAMERUR,28,IND,No,8th Pass,,,1,"8,52,500 ~ 8 Lacs+",852500,,,,1,"4,25,000 ~ 4 Lacs+",425000,,Y,0
2290,http://myneta.info/TamilNadu2026/candidate.php?candidate_id=2290,Magesh Kumar.T,74,UTHIRAMERUR,29,IND,No,Post Graduate,,,1,0 ~,0,,,,1,0 ~,0,,Y,0
1304,http://myneta.info/TamilNadu2026/candidate.php?candidate_id=1304,Mageshkumar.P,74,UTHIRAMERUR,46,Pattali Makkal Katchi,No,12th Pass,,,1,"28,17,500 ~ 28 Lacs+",2817500,,,,1,"37,57,796 ~ 37 Lacs+",3757796,,Y,0
2291,http://myneta.info/TamilNadu2026/candidate.php?candidate_id=2291,Maheswari.J,74,UTHIRAMERUR,37,IND,No,Others,,,1,0 ~,0,,,,1,0 ~,0,,Y,0
205,http://myneta.info/TamilNadu2026/candidate.php?candidate_id=205,Maram Masilamani.B.S,74,UTHIRAMERUR,56,Naam Tamilar Katchi,Yes 1,Post Graduate,,,1,"40,00,000 ~ 40 Lacs+",4000000,,,,1,"1,18,34,000 ~ 1 Crore+",11834000,,Y,1
298,http://myneta.info/TamilNadu2026/candidate.php?candidate_id=298,Munirathinam.J,74,UTHIRAMERUR,43,Tamilaga Vettri Kazhagam,Yes 1,Graduate Professional,,,1,"33,86,67,000 ~ 33 Crore+",338667000,,,,1,"5,12,81,261 ~ 5 Crore+",51281261,,Y,0
2282,http://myneta.info/TamilNadu2026/candidate.php?candidate_id=2282,Sivakumar.A,74,UTHIRAMERUR,44,Desiya Makkal Sakthi Katchi,No,Post Graduate,,,1,"63,00,000 ~ 63 Lacs+",6300000,,,,1,"21,43,000 ~ 21 Lacs+",2143000,,Y,0
718,http://myneta.info/TamilNadu2026/candidate.php?candidate_id=718,Sundar.K,74,UTHIRAMERUR,71,DMK,No,Graduate,,,1,"1,34,75,000 ~ 1 Crore+",13475000,,,,1,0 ~,0,,Y,0
3125,http://myneta.info/TamilNadu2026/candidate.php?candidate_id=3125,Kanagaraj.T,75,KANNIYAKUMARI,67,IND,No,12th Pass,,,1,"25,00,000 ~ 25 Lacs+",2500000,,,,1,0 ~,0,,Y,0
795,http://myneta.info/TamilNadu2026/candidate.php?candidate_id=795,Madhavan.S.R,75,KANNIYAKUMARI,47,Tamilaga Vettri Kazhagam,No,Others,,,1,"42,25,000 ~ 42 Lacs+",4225000,,,,1,"42,14,489 ~ 42 Lacs+",4214489,,Y,0
1131,http://myneta.info/TamilNadu2026/candidate.php?candidate_id=1131,Mahesh.R,75,KANNIYAKUMARI,60,DMK,No,Graduate Professional,,,1,"1,10,00,000 ~ 1 Crore+",11000000,,,,1,"33,40,950 ~ 33 Lacs+",3340950,,Y,0
3123,http://myneta.info/TamilNadu2026/candidate.php?candidate_id=3123,Manavai Kannan. M,75,KANNIYAKUMARI,39,CPI(ML) Red Star,Yes 8,10th Pass,,,1,"2,75,00,000 ~ 2 Crore+",27500000,,,,1,"1,56,291 ~ 1 Lacs+",156291,,Y,1
56,http://myneta.info/TamilNadu2026/candidate.php?candidate_id=56,Maria Jennifer,75,KANNIYAKUMARI,44,Naam Tamilar Katchi,No,Post Graduate,,,1,"4,57,00,000 ~ 4 Crore+",45700000,,,,1,"2,37,26,527 ~ 2 Crore+",23726527,,Y,0
3130,http://myneta.info/TamilNadu2026/candidate.php?candidate_id=3130,Rajan. S,75,KANNIYAKUMARI,39,IND,Yes 1,Graduate,,,1,0 ~,0,,,,1,0 ~,0,,Y,0
3129,http://myneta.info/TamilNadu2026/candidate.php?candidate_id=3129,Ramakrishnan.C,75,KANNIYAKUMARI,53,IND,No,12th Pass,,,1,"2,00,000 ~ 2 Lacs+",200000,,,,1,"2,30,000 ~ 2 Lacs+",230000,,Y,0
257,http://myneta.info/TamilNadu2026/candidate.php?candidate_id=257,Reagon Anto.J,75,KANNIYAKUMARI,35,Tamizhaga Vaazhvurimai Katchi,No,Graduate Professional,,,1,"37,30,000 ~ 37 Lacs+",3730000,,,,1,"44,35,000 ~ 44 Lacs+",4435000,,Y,0
796,http://myneta.info/TamilNadu2026/candidate.php?candidate_id=796,Sivalingam.C,75,KANNIYAKUMARI,32,Naam Indiar Party,No,12th Pass,,,1,0 ~,0,,,,1,"15,20,000 ~ 15 Lacs+",1520000,,Y,0
3124,http://myneta.info/TamilNadu2026/candidate.php?candidate_id=3124,Srikrishnakumar.K,75,KANNIYAKUMARI,31,Thamizhaka Padaippalar Makkal Katchi,No,Graduate Professional,,,1,0 ~,0,,,,1,0 ~,0,,Y,0
3126,http://myneta.info/TamilNadu2026/candidate.php?candidate_id=3126,Sudhagar.R,75,KANNIYAKUMARI,43,IND,No,8th Pass,,,1,"90,00,000 ~ 90 Lacs+",9000000,,,,1,"2,03,000 ~ 2 Lacs+",203000,,Y,0
1168,http://myneta.info/TamilNadu2026/candidate.php?candidate_id=1168,Thalavai Sundaram. N,75,KANNIYAKUMARI,67,AIADMK,Yes 3,Graduate Professional,,,1,"1,12,00,000 ~ 1 Crore+",11200000,,,,1,"19,93,154 ~ 19 Lacs+",1993154,,Y,0
3128,http://myneta.info/TamilNadu2026/candidate.php?candidate_id=3128,Thanuneelan . S,75,KANNIYAKUMARI,31,IND,No,12th Pass,,,1,"40,00,000 ~ 40 Lacs+",4000000,,,,1,"14,26,620 ~ 14 Lacs+",1426620,,Y,0
1808,http://myneta.info/TamilNadu2026/candidate.php?candidate_id=1808,Ajith Kumar A,76,NAGERCOIL,33,IND,No,10th Pass,,,1,"15,00,000 ~ 15 Lacs+",1500000,,,,1,0 ~,0,,Y,0
1803,http://myneta.info/TamilNadu2026/candidate.php?candidate_id=1803,Antony Michael J,76,NAGERCOIL,64,Viro Ke Vir Indian Party,Yes 1,Graduate,,,1,"2,11,80,000 ~ 2 Crore+",21180000,,,,1,"34,50,000 ~ 34 Lacs+",3450000,,Y,0
933,http://myneta.info/TamilNadu2026/candidate.php?candidate_id=933,Austin,76,NAGERCOIL,67,DMK,Yes 1,Post Graduate,,,1,"2,20,00,000 ~ 2 Crore+",22000000,,,,1,0 ~,0,,Y,0
932,http://myneta.info/TamilNadu2026/candidate.php?candidate_id=932,Bervin Kings G,76,NAGERCOIL,39,Tamilaga Vettri Kazhagam,No,Post Graduate,,,1,"2,53,50,000 ~ 2 Crore+",25350000,,,,1,"1,27,07,876 ~ 1 Crore+",12707876,,Y,0
1813,http://myneta.info/TamilNadu2026/candidate.php?candidate_id=1813,Dinesh,76,NAGERCOIL,32,IND,No,Graduate,,,1,0 ~,0,,,,1,0 ~,0,,Y,0
1805,http://myneta.info/TamilNadu2026/candidate.php?candidate_id=1805,Dino T,76,NAGERCOIL,41,Naadaalum Makkal Katchi,Yes 3,Post Graduate,,,1,"10,00,000 ~ 10 Lacs+",1000000,,,,1,"30,00,000 ~ 30 Lacs+",3000000,,Y,0
1200,http://myneta.info/TamilNadu2026/candidate.php?candidate_id=1200,Gandhi M R,76,NAGERCOIL,81,BJP,Yes 24,Graduate,,,1,"56,22,083 ~ 56 Lacs+",5622083,,,,1,0 ~,0,,Y,0
1809,http://myneta.info/TamilNadu2026/candidate.php?candidate_id=1809,Gunasekaran S,76,NAGERCOIL,50,IND,No,12th Pass,,,1,0 ~,0,,,,1,0 ~,0,,N,0
1818,http://myneta.info/TamilNadu2026/candidate.php?candidate_id=1818,Jebarson S,76,NAGERCOIL,30,Tamizhaga Vaazhvurimai Katchi,No,12th Pass,,,1,0 ~,0,,,,1,"5,62,700 ~ 5 Lacs+",562700,,Y,0
1815,http://myneta.info/TamilNadu2026/candidate.php?candidate_id=1815,Mohideen Faigee Alias Soorankudy Faigee,76,NAGERCOIL,60,IND,No,Post Graduate,,,1,"1,18,56,301 ~ 1 Crore+",11856301,,,,1,0 ~,0,,Y,0
103,http://myneta.info/TamilNadu2026/candidate.php?candidate_id=103,Muthukumar M,76,NAGERCOIL,38,Naam Tamilar Katchi,Yes 4,Others,,,1,"1,30,00,000 ~ 1 Crore+",13000000,,,,1,"66,40,886 ~ 66 Lacs+",6640886,,Y,0
1806,http://myneta.info/TamilNadu2026/candidate.php?candidate_id=1806,Nagarajan L,76,NAGERCOIL,42,Thamizhaka Padaippalar Makkal Katchi,Yes 1,Literate,,,1,"18,00,000 ~ 18 Lacs+",1800000,,,,1,0 ~,0,,Y,1
1814,http://myneta.info/TamilNadu2026/candidate.php?candidate_id=1814,Nagoor Meeran Peer Mohamed U,76,NAGERCOIL,66,IND,No,5th Pass,,,1,0 ~,0,,,,1,0 ~,0,,Y,0
1816,http://myneta.info/TamilNadu2026/candidate.php?candidate_id=1816,Retna Mony S,76,NAGERCOIL,72,IND,No,Others,,,1,0 ~,0,,,,1,"9,20,532 ~ 9 Lacs+",920532,,Y,0
1804,http://myneta.info/TamilNadu2026/candidate.php?candidate_id=1804,Salate Kanagaraj A,76,NAGERCOIL,51,Naam Indiar Party,No,5th Pass,,,1,0 ~,0,,,,1,"20,000 ~ 20 Thou+",20000,,Y,0
1810,http://myneta.info/TamilNadu2026/candidate.php?candidate_id=1810,Sivakumar A,76,NAGERCOIL,53,IND,No,10th Pass,,,1,0 ~,0,,,,1,"1,90,400 ~ 1 Lacs+",190400,,Y,0
1811,http://myneta.info/TamilNadu2026/candidate.php?candidate_id=1811,Suyambulingam A,76,NAGERCOIL,36,IND,No,8th Pass,,,1,"27,00,000 ~ 27 Lacs+",2700000,,,,1,0 ~,0,,Y,0
1812,http://myneta.info/TamilNadu2026/candidate.php?candidate_id=1812,Suyambulingam P,76,NAGERCOIL,34,IND,No,Post Graduate,,,1,"15,00,000 ~ 15 Lacs+",1500000,,,,1,"30,20,000 ~ 30 Lacs+",3020000,,Y,0
1817,http://myneta.info/TamilNadu2026/candidate.php?candidate_id=1817,Vairam Pillai S,76,NAGERCOIL,66,IND,No,5th Pass,,,1,0 ~,0,,,,1,0 ~,0,,Y,0
1807,http://myneta.info/TamilNadu2026/candidate.php?candidate_id=1807,Vallimayil P,76,NAGERCOIL,29,CPI(ML) Red Star,No,12th Pass,,,1,0 ~,0,,,,1,"3,25,000 ~ 3 Lacs+",325000,,Y,0
30,http://myneta.info/TamilNadu2026/candidate.php?candidate_id=30,Ancy Shoba Rani. L,77,COLACHAL,38,Naam Tamilar Katchi,Yes 4,Post Graduate,,,1,"3,50,30,000 ~ 3 Crore+",35030000,,,,1,0 ~,0,,Y,0
685,http://myneta.info/TamilNadu2026/candidate.php?candidate_id=685,Anthony Muthu. S.M,77,COLACHAL,61,CPI(ML)(L),Yes 2,Post Graduate,,,1,"92,00,000 ~ 92 Lacs+",9200000,,,,1,0 ~,0,,Y,1
3135,http://myneta.info/TamilNadu2026/candidate.php?candidate_id=3135,Antony Alankaram. K,77,COLACHAL,65,IND,No,5th Pass,,,1,0 ~,0,,,,1,0 ~,0,,Y,0
3132,http://myneta.info/TamilNadu2026/candidate.php?candidate_id=3132,Christ Miller. S,77,COLACHAL,61,All India Puratchi Thalaivar Makkal Munnettra Kazhagam,Yes 1,Post Graduate,,,1,"1,55,00,000 ~ 1 Crore+",15500000,,,,1,"5,62,370 ~ 5 Lacs+",562370,,Y,1
3131,http://myneta.info/TamilNadu2026/candidate.php?candidate_id=3131,Ganesh. N,77,COLACHAL,41,Thamizhaka Padaippalar Makkal Katchi,No,Post Graduate,,,1,0 ~,0,,,,1,"63,44,000 ~ 63 Lacs+",6344000,,Y,0
3133,http://myneta.info/TamilNadu2026/candidate.php?candidate_id=3133,Koil Raj. R,77,COLACHAL,34,Naam Indiar Party,No,10th Pass,,,1,"14,00,000 ~ 14 Lacs+",1400000,,,,1,"5,95,000 ~ 5 Lacs+",595000,,Y,0
3134,http://myneta.info/TamilNadu2026/candidate.php?candidate_id=3134,Murali. M,77,COLACHAL,55,Tamizhaga Vaazhvurimai Katchi,No,12th Pass,,,1,"3,26,00,000 ~ 3 Crore+",32600000,,,,1,"62,00,000 ~ 62 Lacs+",6200000,,Y,0
684,http://myneta.info/TamilNadu2026/candidate.php?candidate_id=684,Prem Alex Lawrence,77,COLACHAL,42,Tamilaga Vettri Kazhagam,Yes 2,Post Graduate,,,1,"1,30,00,000 ~ 1 Crore+",13000000,,,,1,"2,31,22,916 ~ 2 Crore+",23122916,,Y,2
683,http://myneta.info/TamilNadu2026/candidate.php?candidate_id=683,Rajasingh. C,77,COLACHAL,57,BSP,No,Graduate,,,1,"40,00,000 ~ 40 Lacs+",4000000,,,,1,0 ~,0,,N,0
3136,http://myneta.info/TamilNadu2026/candidate.php?candidate_id=3136,Saravanan. M,77,COLACHAL,47,IND,No,10th Pass,,,1,"20,00,000 ~ 20 Lacs+",2000000,,,,1,"16,00,000 ~ 16 Lacs+",1600000,,Y,0
3137,http://myneta.info/TamilNadu2026/candidate.php?candidate_id=3137,Selvaraj. M,77,COLACHAL,55,IND,No,8th Pass,,,1,"1,80,00,000 ~ 1 Crore+",18000000,,,,1,"60,00,000 ~ 60 Lacs+",6000000,,N,0
1387,http://myneta.info/TamilNadu2026/candidate.php?candidate_id=1387,Sivakumar. T,77,COLACHAL,51,BJP,Yes 5,Graduate Professional,,,1,"27,59,376 ~ 27 Lacs+",2759376,,,,1,0 ~,0,,Y,0
1388,http://myneta.info/TamilNadu2026/candidate.php?candidate_id=1388,Tharahai Cuthbert,77,COLACHAL,51,INC,No,Doctorate,,,1,"95,00,000 ~ 95 Lacs+",9500000,,,,1,"41,22,000 ~ 41 Lacs+",4122000,,Y,0
2685,http://myneta.info/TamilNadu2026/candidate.php?candidate_id=2685,Arul Mani. H,78,PADMANABHAPURAM,46,IND,Yes 1,8th Pass,,,1,"37,27,486 ~ 37 Lacs+",3727486,,,,1,0 ~,0,,Y,1
934,http://myneta.info/TamilNadu2026/candidate.php?candidate_id=934,Chellaswamy. R,78,PADMANABHAPURAM,65,CPI(M),Yes 1,Graduate,,,1,"40,00,000 ~ 40 Lacs+",4000000,,,,1,"13,01,200 ~ 13 Lacs+",1301200,,Y,0
2686,http://myneta.info/TamilNadu2026/candidate.php?candidate_id=2686,Dr. Krishna Prasad. B,78,PADMANABHAPURAM,55,IND,Yes 1,Post Graduate,,,1,"1,22,50,000 ~ 1 Crore+",12250000,,,,1,"1,95,00,000 ~ 1 Crore+",19500000,,Y,1
2687,http://myneta.info/TamilNadu2026/candidate.php?candidate_id=2687,Durai Raj. S,78,PADMANABHAPURAM,50,IND,No,Graduate,,,1,"44,50,000 ~ 44 Lacs+",4450000,,,,1,"17,00,000 ~ 17 Lacs+",1700000,,Y,0
935,http://myneta.info/TamilNadu2026/candidate.php?candidate_id=935,Krishna Kumar. S,78,PADMANABHAPURAM,33,Tamilaga Vettri Kazhagam,Yes 4,12th Pass,,,1,"60,00,000 ~ 60 Lacs+",6000000,,,,1,"28,36,462 ~ 28 Lacs+",2836462,,Y,0
421,http://myneta.info/TamilNadu2026/candidate.php?candidate_id=421,Rakesh Kumar. M,78,PADMANABHAPURAM,30,Thamizhaka Padaippalar Makkal Katchi,No,Others,,,1,0 ~,0,,,,1,0 ~,0,,Y,0
1207,http://myneta.info/TamilNadu2026/candidate.php?candidate_id=1207,Ramesh. P,78,PADMANABHAPURAM,60,BJP,Yes 2,Post Graduate,,,1,"5,11,00,000 ~ 5 Crore+",51100000,,,,1,"90,000 ~ 90 Thou+",90000,,Y,1
420,http://myneta.info/TamilNadu2026/candidate.php?candidate_id=420,Seelan,78,PADMANABHAPURAM,40,Naam Tamilar Katchi,Yes 12,Graduate Professional,,,1,"56,18,000 ~ 56 Lacs+",5618000,,,,1,"39,41,638 ~ 39 Lacs+",3941638,,Y,0
2683,http://myneta.info/TamilNadu2026/candidate.php?candidate_id=2683,Syedali. A,78,PADMANABHAPURAM,51,Our Mahathma National Party,No,12th Pass,,,1,"77,25,000 ~ 77 Lacs+",7725000,,,,1,0 ~,0,,Y,0
2684,http://myneta.info/TamilNadu2026/candidate.php?candidate_id=2684,Vaikundamani. N,78,PADMANABHAPURAM,40,Tamizhaga Vaazhvurimai Katchi,Yes 1,5th Pass,,,1,0 ~,0,,,,1,"12,20,000 ~ 12 Lacs+",1220000,,Y,2
2688,http://myneta.info/TamilNadu2026/candidate.php?candidate_id=2688,Vasanthi. R,78,PADMANABHAPURAM,42,IND,No,Graduate,,,1,"39,00,000 ~ 39 Lacs+",3900000,,,,1,"22,31,679 ~ 22 Lacs+",2231679,,Y,0
3138,http://myneta.info/TamilNadu2026/candidate.php?candidate_id=3138,Baiju T,79,VILAVANCODE,40,Viro Ke Vir Indian Party,No,Others,,,1,"40,00,000 ~ 40 Lacs+",4000000,,,,1,"20,000 ~ 20 Thou+",20000,,Y,0
3142,http://myneta.info/TamilNadu2026/candidate.php?candidate_id=3142,David T,79,VILAVANCODE,72,IND,No,Post Graduate,,,1,"27,40,000 ~ 27 Lacs+",2740000,,,,1,0 ~,0,,Y,0
3140,http://myneta.info/TamilNadu2026/candidate.php?candidate_id=3140,John Christopher T,79,VILAVANCODE,56,Rashtriya Janata Dal,No,Post Graduate,,,1,"1,85,00,000 ~ 1 Crore+",18500000,,,,1,0 ~,0,,Y,0
3145,http://myneta.info/TamilNadu2026/candidate.php?candidate_id=3145,Joselal L.V,79,VILAVANCODE,45,IND,No,Post Graduate,,,1,"25,00,000 ~ 25 Lacs+",2500000,,,,1,0 ~,0,,Y,0
3141,http://myneta.info/TamilNadu2026/candidate.php?candidate_id=3141,Krishnan M,79,VILAVANCODE,40,IND,No,10th Pass,,,1,0 ~,0,,,,1,"48,089 ~ 48 Thou+",48089,,Y,0
221,http://myneta.info/TamilNadu2026/candidate.php?candidate_id=221,Maria Stella,79,VILAVANCODE,44,Naam Tamilar Katchi,Yes 1,Post Graduate,,,1,"51,00,000 ~ 51 Lacs+",5100000,,,,1,0 ~,0,,Y,0
936,http://myneta.info/TamilNadu2026/candidate.php?candidate_id=936,Michael Kumar K,79,VILAVANCODE,57,Tamilaga Vettri Kazhagam,Yes 1,Post Graduate,,,1,"2,77,20,020 ~ 2 Crore+",27720020,,,,1,"1,53,21,144 ~ 1 Crore+",15321144,,Y,0
3139,http://myneta.info/TamilNadu2026/candidate.php?candidate_id=3139,Mohan Kumar M,79,VILAVANCODE,62,All India Jananayaka Makkal Kazhagam,No,5th Pass,,,1,0 ~,0,,,,1,0 ~,0,,Y,0
3144,http://myneta.info/TamilNadu2026/candidate.php?candidate_id=3144,Muruganandha Prasad T,79,VILAVANCODE,52,IND,No,5th Pass,,,1,"11,00,000 ~ 11 Lacs+",1100000,,,,1,0 ~,0,,N,0
3143,http://myneta.info/TamilNadu2026/candidate.php?candidate_id=3143,Praveen Kumar,79,VILAVANCODE,44,IND,No,Post Graduate,,,1,0 ~,0,,,,1,"9,98,644 ~ 9 Lacs+",998644,,Y,0
1318,http://myneta.info/TamilNadu2026/candidate.php?candidate_id=1318,Praveen T.T,79,VILAVANCODE,47,INC,Yes 9,Post Graduate,,,1,"37,95,75,062 ~ 37 Crore+",379575062,,,,1,"86,15,000 ~ 86 Lacs+",8615000,,Y,16
937,http://myneta.info/TamilNadu2026/candidate.php?candidate_id=937,Shibu Amose,79,VILAVANCODE,41,IND,No,12th Pass,,,1,"12,00,000 ~ 12 Lacs+",1200000,,,,1,0 ~,0,,Y,0
938,http://myneta.info/TamilNadu2026/candidate.php?candidate_id=938,Venkadeasan. K,79,VILAVANCODE,61,Thamizhaka Padaippalar Makkal Katchi,No,8th Pass,,,1,"9,00,000 ~ 9 Lacs+",900000,,,,1,"40,000 ~ 40 Thou+",40000,,Y,0
1319,http://myneta.info/TamilNadu2026/candidate.php?candidate_id=1319,Vijayadharani S,79,VILAVANCODE,56,BJP,Yes 1,Graduate Professional,,,1,"14,86,00,000 ~ 14 Crore+",148600000,,,,1,"49,00,000 ~ 49 Lacs+",4900000,,Y,0
802,http://myneta.info/TamilNadu2026/candidate.php?candidate_id=802,Ajai Alias Nagarajan,80,KILLIYOOR,37,IND,No,Others,,,1,"40,00,000 ~ 40 Lacs+",4000000,,,,1,"12,25,000 ~ 12 Lacs+",1225000,,Y,0
3560,http://myneta.info/TamilNadu2026/candidate.php?candidate_id=3560,Baby Raj. P,80,KILLIYOOR,54,IND,No,10th Pass,,,1,"15,00,000 ~ 15 Lacs+",1500000,,,,1,0 ~,0,,Y,0
3559,http://myneta.info/TamilNadu2026/candidate.php?candidate_id=3559,Berrila. L,80,KILLIYOOR,38,IND,No,Graduate Professional,,,1,0 ~,0,,,,1,"7,00,000 ~ 7 Lacs+",700000,,Y,0
3557,http://myneta.info/TamilNadu2026/candidate.php?candidate_id=3557,Dr. Ramachandran. M,80,KILLIYOOR,60,IND,No,Doctorate,,,1,0 ~,0,,,,1,0 ~,0,,Y,0
64,http://myneta.info/TamilNadu2026/candidate.php?candidate_id=64,Himlar,80,KILLIYOOR,32,Naam Tamilar Katchi,Yes 1,Graduate Professional,,,1,"18,00,000 ~ 18 Lacs+",1800000,,,,1,"2,09,979 ~ 2 Lacs+",209979,,Y,2
3561,http://myneta.info/TamilNadu2026/candidate.php?candidate_id=3561,Justin. M,80,KILLIYOOR,42,IND,No,Graduate Professional,,,1,0 ~,0,,,,1,0 ~,0,,Y,0
3556,http://myneta.info/TamilNadu2026/candidate.php?candidate_id=3556,Justin. T,80,KILLIYOOR,70,Indian Christian Front,No,8th Pass,,,1,0 ~,0,,,,1,0 ~,0,,Y,0
1362,http://myneta.info/TamilNadu2026/candidate.php?candidate_id=1362,Nivin Simon. J,80,KILLIYOOR,38,BJP,No,Post Graduate,,,1,"5,21,02,720 ~ 5 Crore+",52102720,,,,1,"73,83,412 ~ 73 Lacs+",7383412,,Y,0
803,http://myneta.info/TamilNadu2026/candidate.php?candidate_id=803,Prabhu. S,80,KILLIYOOR,44,Thamizhaka Padaippalar Makkal Katchi,No,12th Pass,,,1,"8,00,000 ~ 8 Lacs+",800000,,,,1,0 ~,0,,Y,0
1172,http://myneta.info/TamilNadu2026/candidate.php?candidate_id=1172,Rajesh Kumar. S,80,KILLIYOOR,51,INC,Yes 12,Post Graduate,,,1,"1,60,00,000 ~ 1 Crore+",16000000,,,,1,"63,50,000 ~ 63 Lacs+",6350000,,Y,4
804,http://myneta.info/TamilNadu2026/candidate.php?candidate_id=804,Rubin Antony,80,KILLIYOOR,30,Tamizhaga Vaazhvurimai Katchi,Yes 4,Others,,,1,"6,00,000 ~ 6 Lacs+",600000,,,,1,"1,59,543 ~ 1 Lacs+",159543,,Y,2
931,http://myneta.info/TamilNadu2026/candidate.php?candidate_id=931,Sabin. S,80,KILLIYOOR,32,Tamilaga Vettri Kazhagam,Yes 2,10th Pass,,,1,0 ~,0,,,,1,"47,30,300 ~ 47 Lacs+",4730300,,Y,0
3558,http://myneta.info/TamilNadu2026/candidate.php?candidate_id=3558,Satheesh. S,80,KILLIYOOR,51,IND,No,5th Pass,,,1,"15,00,000 ~ 15 Lacs+",1500000,,,,1,"18,000 ~ 18 Thou+",18000,,Y,0
1880,http://myneta.info/TamilNadu2026/candidate.php?candidate_id=1880,Arasumani G,81,ARAVAKURICHI,37,IND,No,Graduate Professional,,,1,0 ~,0,,,,1,"5,00,000 ~ 5 Lacs+",500000,,Y,0
1881,http://myneta.info/TamilNadu2026/candidate.php?candidate_id=1881,Arivalagan M,81,ARAVAKURICHI,67,IND,No,Illiterate,,,1,"2,00,000 ~ 2 Lacs+",200000,,,,1,0 ~,0,,Y,0
1877,http://myneta.info/TamilNadu2026/candidate.php?candidate_id=1877,Asiya Begum,81,ARAVAKURICHI,55,All India Puratchi Thalaivar Makkal Munnettra Kazhagam,Yes 1,Not Given,,,1,0 ~,0,,,,1,"20,53,400 ~ 20 Lacs+",2053400,,Y,1
318,http://myneta.info/TamilNadu2026/candidate.php?candidate_id=318,Boopathy S,81,ARAVAKURICHI,33,IND,No,Graduate Professional,,,1,0 ~,0,,,,1,"88,000 ~ 88 Thou+",88000,,Y,0
1403,http://myneta.info/TamilNadu2026/candidate.php?candidate_id=1403,Elango R,81,ARAVAKURICHI,55,DMK,Yes 1,Graduate,,,1,"3,56,00,000 ~ 3 Crore+",35600000,,,,1,"39,80,600 ~ 39 Lacs+",3980600,,Y,0
1404,http://myneta.info/TamilNadu2026/candidate.php?candidate_id=1404,Karthikeyan P,81,ARAVAKURICHI,57,Tamilaga Vettri Kazhagam,Yes 1,8th Pass,,,1,"2,23,00,000 ~ 2 Crore+",22300000,,,,1,"2,12,660 ~ 2 Lacs+",212660,,Y,0
1882,http://myneta.info/TamilNadu2026/candidate.php?candidate_id=1882,Kathiresan M,81,ARAVAKURICHI,29,IND,No,Graduate Professional,,,1,0 ~,0,,,,1,"1,00,000 ~ 1 Lacs+",100000,,Y,0
1883,http://myneta.info/TamilNadu2026/candidate.php?candidate_id=1883,Kaviyarasu T,81,ARAVAKURICHI,29,IND,No,Graduate Professional,,,1,0 ~,0,,,,1,0 ~,0,,Y,0
1884,http://myneta.info/TamilNadu2026/candidate.php?candidate_id=1884,Kirubananth S,81,ARAVAKURICHI,36,IND,Yes 1,Graduate Professional,,,1,"6,00,000 ~ 6 Lacs+",600000,,,,1,0 ~,0,,Y,2
320,http://myneta.info/TamilNadu2026/candidate.php?candidate_id=320,Manikandan T,81,ARAVAKURICHI,35,IND,No,Graduate Professional,,,1,0 ~,0,,,,1,0 ~,0,,Y,0
1892,http://myneta.info/TamilNadu2026/candidate.php?candidate_id=1892,Mathiyalagan P,81,ARAVAKURICHI,33,IND,No,Graduate,,,1,0 ~,0,,,,1,"1,40,000 ~ 1 Lacs+",140000,,Y,0
1894,http://myneta.info/TamilNadu2026/candidate.php?candidate_id=1894,Mohankumar K,81,ARAVAKURICHI,28,IND,No,12th Pass,,,1,0 ~,0,,,,1,0 ~,0,,Y,0
1893,http://myneta.info/TamilNadu2026/candidate.php?candidate_id=1893,Murugesan R,81,ARAVAKURICHI,34,IND,No,12th Pass,,,1,0 ~,0,,,,1,0 ~,0,,Y,0
11,http://myneta.info/TamilNadu2026/candidate.php?candidate_id=11,Naren S,81,ARAVAKURICHI,28,Naam Tamilar Katchi,No,Post Graduate,,,1,"15,00,000 ~ 15 Lacs+",1500000,,,,1,"2,60,000 ~ 2 Lacs+",260000,,Y,0
1889,http://myneta.info/TamilNadu2026/candidate.php?candidate_id=1889,Narendrakumar G,81,ARAVAKURICHI,30,IND,No,Graduate Professional,,,1,0 ~,0,,,,1,0 ~,0,,Y,0
316,http://myneta.info/TamilNadu2026/candidate.php?candidate_id=316,Natarajan P,81,ARAVAKURICHI,54,IND,No,10th Pass,,,1,0 ~,0,,,,1,"6,00,000 ~ 6 Lacs+",600000,,Y,0
1890,http://myneta.info/TamilNadu2026/candidate.php?candidate_id=1890,Natchimuthu V,81,ARAVAKURICHI,54,IND,No,Illiterate,,,1,0 ~,0,,,,1,0 ~,0,,Y,0
1891,http://myneta.info/TamilNadu2026/candidate.php?candidate_id=1891,Praveen S,81,ARAVAKURICHI,27,IND,No,Post Graduate,,,1,0 ~,0,,,,1,0 ~,0,,Y,0
317,http://myneta.info/TamilNadu2026/candidate.php?candidate_id=317,Ragupathi S,81,ARAVAKURICHI,39,IND,No,Post Graduate,,,1,"90,000 ~ 90 Thou+",90000,,,,1,"7,02,760 ~ 7 Lacs+",702760,,Y,0
1896,http://myneta.info/TamilNadu2026/candidate.php?candidate_id=1896,Rajasekaran N,81,ARAVAKURICHI,48,IND,No,Graduate Professional,,,1,0 ~,0,,,,1,"2,48,000 ~ 2 Lacs+",248000,,Y,0
1897,http://myneta.info/TamilNadu2026/candidate.php?candidate_id=1897,Rajendaran N,81,ARAVAKURICHI,48,IND,No,10th Pass,,,1,"7,00,000 ~ 7 Lacs+",700000,,,,1,"2,95,000 ~ 2 Lacs+",295000,,Y,0
1895,http://myneta.info/TamilNadu2026/candidate.php?candidate_id=1895,Ramalingam V,81,ARAVAKURICHI,31,IND,No,10th Pass,,,1,0 ~,0,,,,1,0 ~,0,,Y,0
1879,http://myneta.info/TamilNadu2026/candidate.php?candidate_id=1879,Ravi Ag,81,ARAVAKURICHI,56,Tamizhaga Vaazhvurimai Katchi,Yes 1,12th Pass,,,1,"3,00,000 ~ 3 Lacs+",300000,,,,1,0 ~,0,,Y,1
1878,http://myneta.info/TamilNadu2026/candidate.php?candidate_id=1878,Sakthivel R,81,ARAVAKURICHI,43,Viduthalai Kalam Katchi,No,10th Pass,,,1,"30,13,500 ~ 30 Lacs+",3013500,,,,1,"19,45,500 ~ 19 Lacs+",1945500,,Y,0
1107,http://myneta.info/TamilNadu2026/candidate.php?candidate_id=1107,Selvakumar K,81,ARAVAKURICHI,41,AIADMK,Yes 7,Graduate,,,1,"1,28,42,325 ~ 1 Crore+",12842325,,,,1,"21,50,000 ~ 21 Lacs+",2150000,,Y,1
1885,http://myneta.info/TamilNadu2026/candidate.php?candidate_id=1885,Silambarasan P,81,ARAVAKURICHI,39,IND,No,Post Graduate,,,1,0 ~,0,,,,1,0 ~,0,,Y,0
1886,http://myneta.info/TamilNadu2026/candidate.php?candidate_id=1886,Sivalingam T,81,ARAVAKURICHI,37,IND,No,Graduate Professional,,,1,"23,20,000 ~ 23 Lacs+",2320000,,,,1,"5,00,000 ~ 5 Lacs+",500000,,Y,0
1887,http://myneta.info/TamilNadu2026/candidate.php?candidate_id=1887,Sowmiya R,81,ARAVAKURICHI,43,IND,No,Graduate Professional,,,1,0 ~,0,,,,1,0 ~,0,,Y,0
319,http://myneta.info/TamilNadu2026/candidate.php?candidate_id=319,Suganya S,81,ARAVAKURICHI,32,BSP,No,Post Graduate,,,1,0 ~,0,,,,1,"2,50,000 ~ 2 Lacs+",250000,,N,0
1888,http://myneta.info/TamilNadu2026/candidate.php?candidate_id=1888,Tamilarasan M,81,ARAVAKURICHI,26,IND,No,12th Pass,,,1,0 ~,0,,,,1,0 ~,0,,Y,0
720,http://myneta.info/TamilNadu2026/candidate.php?candidate_id=720,Aasee.M. Thiagarajan,82,KARUR,64,DMK,No,Graduate,,,1,"13,64,00,000 ~ 13 Crore+",136400000,,,,1,"2,33,98,518 ~ 2 Crore+",23398518,,Y,0
4062,http://myneta.info/TamilNadu2026/candidate.php?candidate_id=4062,Anbarasan. N,82,KARUR,32,IND,No,Graduate Professional,,,1,"60,00,000 ~ 60 Lacs+",6000000,,,,1,"4,49,000 ~ 4 Lacs+",449000,,Y,0
4063,http://myneta.info/TamilNadu2026/candidate.php?candidate_id=4063,Anbazhagan. T,82,KARUR,37,IND,No,Graduate Professional,,,1,"15,00,000 ~ 15 Lacs+",1500000,,,,1,"29,22,065 ~ 29 Lacs+",2922065,,Y,0
4061,http://myneta.info/TamilNadu2026/candidate.php?candidate_id=4061,Arulmaniarasu. P,82,KARUR,37,IND,No,Graduate Professional,,,1,"2,50,000 ~ 2 Lacs+",250000,,,,1,0 ~,0,,Y,0
4060,http://myneta.info/TamilNadu2026/candidate.php?candidate_id=4060,Asarudheen. A,82,KARUR,29,IND,No,Post Graduate,,,1,0 ~,0,,,,1,"15,00,000 ~ 15 Lacs+",1500000,,Y,0
4105,http://myneta.info/TamilNadu2026/candidate.php?candidate_id=4105,Babu. G,82,KARUR,40,IND,Yes 1,Graduate Professional,,,1,0 ~,0,,,,1,"6,75,340 ~ 6 Lacs+",675340,,Y,0
4107,http://myneta.info/TamilNadu2026/candidate.php?candidate_id=4107,Baskar. P,82,KARUR,55,IND,No,Post Graduate,,,1,0 ~,0,,,,1,0 ~,0,,Y,0
4106,http://myneta.info/TamilNadu2026/candidate.php?candidate_id=4106,Bharathi. P,82,KARUR,41,IND,No,Post Graduate,,,1,0 ~,0,,,,1,"4,15,000 ~ 4 Lacs+",415000,,Y,0
4091,http://myneta.info/TamilNadu2026/candidate.php?candidate_id=4091,Daniya. P,82,KARUR,47,IND,No,Graduate Professional,,,1,0 ~,0,,,,1,"18,85,000 ~ 18 Lacs+",1885000,,Y,0
4099,http://myneta.info/TamilNadu2026/candidate.php?candidate_id=4099,Devastin Augustin. G,82,KARUR,43,IND,No,Graduate,,,1,"10,00,000 ~ 10 Lacs+",1000000,,,,1,0 ~,0,,Y,0
4097,http://myneta.info/TamilNadu2026/candidate.php?candidate_id=4097,Dinesh Kumar. K,82,KARUR,26,IND,No,Graduate Professional,,,1,"28,70,000 ~ 28 Lacs+",2870000,,,,1,0 ~,0,,Y,0
4096,http://myneta.info/TamilNadu2026/candidate.php?candidate_id=4096,Dinesh. B,82,KARUR,36,IND,No,Others,,,1,0 ~,0,,,,1,0 ~,0,,Y,0
4098,http://myneta.info/TamilNadu2026/candidate.php?candidate_id=4098,Duraisamy. J,82,KARUR,42,IND,No,Graduate Professional,,,1,0 ~,0,,,,1,0 ~,0,,Y,0
4064,http://myneta.info/TamilNadu2026/candidate.php?candidate_id=4064,Elamathi. S,82,KARUR,34,IND,No,Graduate Professional,,,1,"7,00,000 ~ 7 Lacs+",700000,,,,1,0 ~,0,,Y,0
4075,http://myneta.info/TamilNadu2026/candidate.php?candidate_id=4075,Gopala Krishnan. A,82,KARUR,40,IND,No,Graduate Professional,,,1,"70,00,000 ~ 70 Lacs+",7000000,,,,1,"90,000 ~ 90 Thou+",90000,,Y,0
4058,http://myneta.info/TamilNadu2026/candidate.php?candidate_id=4058,Gunasekaran. K,82,KARUR,62,Tamizhaga Vaazhvurimai Katchi,No,8th Pass,,,1,0 ~,0,,,,1,0 ~,0,,Y,0
4129,http://myneta.info/TamilNadu2026/candidate.php?candidate_id=4129,Hari Raaj. B,82,KARUR,26,IND,No,Graduate Professional,,,1,0 ~,0,,,,1,0 ~,0,,Y,0
4130,http://myneta.info/TamilNadu2026/candidate.php?candidate_id=4130,Hariharan. S,82,KARUR,39,IND,No,Graduate Professional,,,1,"20,00,000 ~ 20 Lacs+",2000000,,,,1,"21,74,000 ~ 21 Lacs+",2174000,,Y,0
331,http://myneta.info/TamilNadu2026/candidate.php?candidate_id=331,Jayagopal. P,82,KARUR,61,BSP,No,Others,,,1,"40,00,000 ~ 40 Lacs+",4000000,,,,1,"12,00,000 ~ 12 Lacs+",1200000,,Y,0
4069,http://myneta.info/TamilNadu2026/candidate.php?candidate_id=4069,Kalairaj. K,82,KARUR,35,IND,No,Graduate Professional,,,1,0 ~,0,,,,1,"1,10,000 ~ 1 Lacs+",110000,,Y,0
4073,http://myneta.info/TamilNadu2026/candidate.php?candidate_id=4073,Kalimuthu. R,82,KARUR,40,IND,No,Post Graduate,,,1,"15,00,000 ~ 15 Lacs+",1500000,,,,1,"18,00,000 ~ 18 Lacs+",1800000,,Y,0
4057,http://myneta.info/TamilNadu2026/candidate.php?candidate_id=4057,Kalimuthu. V,82,KARUR,34,Samaniya Makkal Nala Katchi,Yes 3,5th Pass,,,1,0 ~,0,,,,1,"2,05,000 ~ 2 Lacs+",205000,,Y,0
4071,http://myneta.info/TamilNadu2026/candidate.php?candidate_id=4071,Kanagaraj. P,82,KARUR,36,IND,No,Graduate Professional,,,1,0 ~,0,,,,1,"7,05,883 ~ 7 Lacs+",705883,,Y,0
4070,http://myneta.info/TamilNadu2026/candidate.php?candidate_id=4070,Kanagaraj. S,82,KARUR,41,IND,No,Graduate Professional,,,1,"13,80,000 ~ 13 Lacs+",1380000,,,,1,"3,00,000 ~ 3 Lacs+",300000,,Y,0
4067,http://myneta.info/TamilNadu2026/candidate.php?candidate_id=4067,Kandasamy. P,82,KARUR,46,IND,No,Post Graduate,,,1,"50,00,000 ~ 50 Lacs+",5000000,,,,1,0 ~,0,,Y,0
4072,http://myneta.info/TamilNadu2026/candidate.php?candidate_id=4072,Karthikperumal. R,82,KARUR,33,IND,No,Graduate Professional,,,1,0 ~,0,,,,1,0 ~,0,,Y,0
4068,http://myneta.info/TamilNadu2026/candidate.php?candidate_id=4068,Karunamoorthy. S,82,KARUR,37,IND,No,Graduate,,,1,0 ~,0,,,,1,0 ~,0,,Y,0
60,http://myneta.info/TamilNadu2026/candidate.php?candidate_id=60,Karuppaiya. R,82,KARUR,60,Naam Tamilar Katchi,Yes 1,Post Graduate,,,1,"6,23,40,000 ~ 6 Crore+",62340000,,,,1,"22,91,570 ~ 22 Lacs+",2291570,,Y,0
4065,http://myneta.info/TamilNadu2026/candidate.php?candidate_id=4065,Kathiravan. P,82,KARUR,32,IND,No,Graduate Professional,,,1,0 ~,0,,,,1,"4,40,000 ~ 4 Lacs+",440000,,Y,0
4066,http://myneta.info/TamilNadu2026/candidate.php?candidate_id=4066,Kathirvel. K,82,KARUR,45,IND,No,12th Pass,,,1,"51,00,000 ~ 51 Lacs+",5100000,,,,1,"25,50,000 ~ 25 Lacs+",2550000,,Y,0
4074,http://myneta.info/TamilNadu2026/candidate.php?candidate_id=4074,Krishnakumar. K,82,KARUR,34,IND,No,Graduate Professional,,,1,0 ~,0,,,,1,"9,50,000 ~ 9 Lacs+",950000,,Y,0
59,http://myneta.info/TamilNadu2026/candidate.php?candidate_id=59,M.R. Vijayabhaskar,82,KARUR,62,AIADMK,Yes 31,10th Pass,,,1,"7,28,02,420 ~ 7 Crore+",72802420,,,,1,"5,53,62,173 ~ 5 Crore+",55362173,,Y,8
4113,http://myneta.info/TamilNadu2026/candidate.php?candidate_id=4113,Mailvaganan. B,82,KARUR,49,IND,No,Post Graduate,,,1,0 ~,0,,,,1,0 ~,0,,Y,0
4111,http://myneta.info/TamilNadu2026/candidate.php?candidate_id=4111,Manikandan,82,KARUR,43,IND,No,Graduate Professional,,,1,"7,00,000 ~ 7 Lacs+",700000,,,,1,"5,00,000 ~ 5 Lacs+",500000,,Y,0
4114,http://myneta.info/TamilNadu2026/candidate.php?candidate_id=4114,Manoj. P,82,KARUR,32,IND,No,10th Pass,,,1,0 ~,0,,,,1,0 ~,0,,Y,0
4115,http://myneta.info/TamilNadu2026/candidate.php?candidate_id=4115,Mariammal. P.M,82,KARUR,35,IND,No,Graduate Professional,,,1,0 ~,0,,,,1,0 ~,0,,Y,0
4112,http://myneta.info/TamilNadu2026/candidate.php?candidate_id=4112,Mathanraj. P,82,KARUR,29,IND,No,Graduate Professional,,,1,0 ~,0,,,,1,0 ~,0,,Y,0
332,http://myneta.info/TamilNadu2026/candidate.php?candidate_id=332,Mathiyalagan V.P,82,KARUR,50,Tamilaga Vettri Kazhagam,Yes 1,8th Pass,,,1,"75,85,000 ~ 75 Lacs+",7585000,,,,1,"4,03,249 ~ 4 Lacs+",403249,,Y,0
4116,http://myneta.info/TamilNadu2026/candidate.php?candidate_id=4116,Mohamad Ismail. M,82,KARUR,27,IND,Yes 1,Graduate Professional,,,1,0 ~,0,,,,1,"7,37,120 ~ 7 Lacs+",737120,,Y,0
4118,http://myneta.info/TamilNadu2026/candidate.php?candidate_id=4118,Murali. M,82,KARUR,39,IND,Yes 1,Graduate Professional,,,1,"5,00,000 ~ 5 Lacs+",500000,,,,1,0 ~,0,,Y,0
4117,http://myneta.info/TamilNadu2026/candidate.php?candidate_id=4117,Muthu. K.R,82,KARUR,38,IND,No,Graduate Professional,,,1,"30,94,100 ~ 30 Lacs+",3094100,,,,1,"23,00,000 ~ 23 Lacs+",2300000,,Y,0
4100,http://myneta.info/TamilNadu2026/candidate.php?candidate_id=4100,Nandhakumar. A,82,KARUR,26,IND,Yes 1,Graduate Professional,,,1,0 ~,0,,,,1,0 ~,0,,Y,1
4102,http://myneta.info/TamilNadu2026/candidate.php?candidate_id=4102,Palamuthir Selvan. O,82,KARUR,50,IND,No,Post Graduate,,,1,"18,00,000 ~ 18 Lacs+",1800000,,,,1,0 ~,0,,Y,0
4103,http://myneta.info/TamilNadu2026/candidate.php?candidate_id=4103,Palanirajan. K,82,KARUR,47,IND,No,Graduate Professional,,,1,0 ~,0,,,,1,0 ~,0,,Y,0
4104,http://myneta.info/TamilNadu2026/candidate.php?candidate_id=4104,Palanivel. P,82,KARUR,45,IND,No,Graduate Professional,,,1,0 ~,0,,,,1,0 ~,0,,Y,0
4101,http://myneta.info/TamilNadu2026/candidate.php?candidate_id=4101,Parameswari,82,KARUR,34,IND,No,Post Graduate,,,1,0 ~,0,,,,1,0 ~,0,,Y,0
4108,http://myneta.info/TamilNadu2026/candidate.php?candidate_id=4108,Prakash. N,82,KARUR,46,IND,No,Graduate Professional,,,1,"40,000 ~ 40 Thou+",40000,,,,1,"21,00,000 ~ 21 Lacs+",2100000,,Y,0
4109,http://myneta.info/TamilNadu2026/candidate.php?candidate_id=4109,Prasanth. S,82,KARUR,34,IND,No,Post Graduate,,,1,0 ~,0,,,,1,0 ~,0,,Y,0
4110,http://myneta.info/TamilNadu2026/candidate.php?candidate_id=4110,Praveenkumar. J,82,KARUR,28,IND,No,Graduate Professional,,,1,"20,00,000 ~ 20 Lacs+",2000000,,,,1,0 ~,0,,Y,0
4120,http://myneta.info/TamilNadu2026/candidate.php?candidate_id=4120,Raguraman Muruganantham,82,KARUR,35,IND,No,Graduate Professional,,,1,0 ~,0,,,,1,0 ~,0,,Y,0
4121,http://myneta.info/TamilNadu2026/candidate.php?candidate_id=4121,Rajapandian. K,82,KARUR,30,IND,No,Graduate Professional,,,1,0 ~,0,,,,1,"36,929 ~ 36 Thou+",36929,,Y,0
4059,http://myneta.info/TamilNadu2026/candidate.php?candidate_id=4059,Ramachandran. A,82,KARUR,50,Ganasangam Party of India,No,Others,,,1,0 ~,0,,,,1,0 ~,0,,Y,0
4078,http://myneta.info/TamilNadu2026/candidate.php?candidate_id=4078,Sampath. S,82,KARUR,49,IND,No,Graduate Professional,,,1,"25,20,000 ~ 25 Lacs+",2520000,,,,1,0 ~,0,,Y,0
4079,http://myneta.info/TamilNadu2026/candidate.php?candidate_id=4079,Saravanan. R,82,KARUR,53,IND,No,Graduate Professional,,,1,"27,00,000 ~ 27 Lacs+",2700000,,,,1,0 ~,0,,Y,0
4076,http://myneta.info/TamilNadu2026/candidate.php?candidate_id=4076,Sathish Kumar. S,82,KARUR,35,IND,No,Graduate Professional,,,1,"15,00,000 ~ 15 Lacs+",1500000,,,,1,"9,97,216 ~ 9 Lacs+",997216,,Y,0
4077,http://myneta.info/TamilNadu2026/candidate.php?candidate_id=4077,Sathish. P,82,KARUR,37,IND,No,Graduate Professional,,,1,"17,50,000 ~ 17 Lacs+",1750000,,,,1,0 ~,0,,Y,0
4083,http://myneta.info/TamilNadu2026/candidate.php?candidate_id=4083,Seetha Lakshmi. D,82,KARUR,33,IND,No,Graduate Professional,,,1,"10,00,000 ~ 10 Lacs+",1000000,,,,1,0 ~,0,,Y,0
4086,http://myneta.info/TamilNadu2026/candidate.php?candidate_id=4086,Senbagakumar. L,82,KARUR,31,IND,No,12th Pass,,,1,0 ~,0,,,,1,0 ~,0,,Y,0
4087,http://myneta.info/TamilNadu2026/candidate.php?candidate_id=4087,Senthilkumar. G,82,KARUR,47,IND,No,Post Graduate,,,1,"20,00,000 ~ 20 Lacs+",2000000,,,,1,"17,99,205 ~ 17 Lacs+",1799205,,Y,0
4088,http://myneta.info/TamilNadu2026/candidate.php?candidate_id=4088,Senthilkumar. M,82,KARUR,35,IND,No,Graduate Professional,,,1,0 ~,0,,,,1,0 ~,0,,Y,0
4080,http://myneta.info/TamilNadu2026/candidate.php?candidate_id=4080,Sivakumar. A,82,KARUR,46,IND,No,Graduate Professional,,,1,0 ~,0,,,,1,0 ~,0,,Y,0
4081,http://myneta.info/TamilNadu2026/candidate.php?candidate_id=4081,Sivakumar. N,82,KARUR,59,IND,No,Graduate Professional,,,1,0 ~,0,,,,1,0 ~,0,,Y,0
4082,http://myneta.info/TamilNadu2026/candidate.php?candidate_id=4082,Sivakumar. V,82,KARUR,45,IND,No,Graduate Professional,,,1,"46,97,100 ~ 46 Lacs+",4697100,,,,1,"3,00,000 ~ 3 Lacs+",300000,,Y,0
4089,http://myneta.info/TamilNadu2026/candidate.php?candidate_id=4089,Soundara Rajan. R,82,KARUR,63,IND,No,12th Pass,,,1,0 ~,0,,,,1,0 ~,0,,Y,0
4090,http://myneta.info/TamilNadu2026/candidate.php?candidate_id=4090,Soundaryan. K,82,KARUR,27,IND,No,Graduate,,,1,0 ~,0,,,,1,0 ~,0,,Y,0
4128,http://myneta.info/TamilNadu2026/candidate.php?candidate_id=4128,Stephenraj. L,82,KARUR,31,IND,No,Graduate Professional,,,1,"20,00,000 ~ 20 Lacs+",2000000,,,,1,0 ~,0,,Y,0
4084,http://myneta.info/TamilNadu2026/candidate.php?candidate_id=4084,Subash Malayalam. T,82,KARUR,30,IND,No,Graduate Professional,,,1,0 ~,0,,,,1,0 ~,0,,Y,0
4085,http://myneta.info/TamilNadu2026/candidate.php?candidate_id=4085,Suriyakumar. J,82,KARUR,31,IND,No,Post Graduate,,,1,"40,00,000 ~ 40 Lacs+",4000000,,,,1,"12,00,000 ~ 12 Lacs+",1200000,,Y,0
4093,http://myneta.info/TamilNadu2026/candidate.php?candidate_id=4093,Thamilalagan. A,82,KARUR,40,IND,No,Graduate Professional,,,1,0 ~,0,,,,1,0 ~,0,,Y,0
4092,http://myneta.info/TamilNadu2026/candidate.php?candidate_id=4092,Thangavelraj. S,82,KARUR,60,IND,No,Graduate Professional,,,1,"25,99,500 ~ 25 Lacs+",2599500,,,,1,"9,00,000 ~ 9 Lacs+",900000,,Y,0
4095,http://myneta.info/TamilNadu2026/candidate.php?candidate_id=4095,Thirugnanam. M,82,KARUR,30,IND,No,Graduate Professional,,,1,0 ~,0,,,,1,"1,70,000 ~ 1 Lacs+",170000,,Y,0
4094,http://myneta.info/TamilNadu2026/candidate.php?candidate_id=4094,Thiyagarajan. M,82,KARUR,69,IND,No,10th Pass,,,1,"50,000 ~ 50 Thou+",50000,,,,1,0 ~,0,,Y,0
4122,http://myneta.info/TamilNadu2026/candidate.php?candidate_id=4122,Vanitha. K.M,82,KARUR,42,IND,No,Post Graduate,,,1,0 ~,0,,,,1,0 ~,0,,Y,0
4123,http://myneta.info/TamilNadu2026/candidate.php?candidate_id=4123,Vigneshwaran. D,82,KARUR,34,IND,No,Graduate Professional,,,1,"8,00,000 ~ 8 Lacs+",800000,,,,1,0 ~,0,,Y,0
4126,http://myneta.info/TamilNadu2026/candidate.php?candidate_id=4126,Vijaya Baskar. R.V,82,KARUR,61,IND,No,8th Pass,,,1,0 ~,0,,,,1,"3,00,000 ~ 3 Lacs+",300000,,Y,0
4127,http://myneta.info/TamilNadu2026/candidate.php?candidate_id=4127,Vijayan. K,82,KARUR,40,IND,No,10th Pass,,,1,0 ~,0,,,,1,"26,49,781 ~ 26 Lacs+",2649781,,Y,0
4124,http://myneta.info/TamilNadu2026/candidate.php?candidate_id=4124,Vineeth. B,82,KARUR,27,IND,No,Graduate,,,1,"1,58,31,000 ~ 1 Crore+",15831000,,,,1,"7,00,000 ~ 7 Lacs+",700000,,Y,0
4125,http://myneta.info/TamilNadu2026/candidate.php?candidate_id=4125,Vinothkumar. N,82,KARUR,44,IND,No,Post Graduate,,,1,"15,00,000 ~ 15 Lacs+",1500000,,,,1,0 ~,0,,Y,0
4119,http://myneta.info/TamilNadu2026/candidate.php?candidate_id=4119,Yoonus Ali. R,82,KARUR,36,IND,No,10th Pass,,,1,"18,50,000 ~ 18 Lacs+",1850000,,,,1,0 ~,0,,Y,0
2705,http://myneta.info/TamilNadu2026/candidate.php?candidate_id=2705,Baby. P,83,KRISHNARAYAPURAM (SC),45,IND,No,8th Pass,,,1,0 ~,0,,,,1,"3,00,000 ~ 3 Lacs+",300000,,Y,0
2692,http://myneta.info/TamilNadu2026/candidate.php?candidate_id=2692,Balsamy. B,83,KRISHNARAYAPURAM (SC),36,Naadaalum Makkal Katchi,Yes 1,10th Pass,,,1,0 ~,0,,,,1,"5,00,000 ~ 5 Lacs+",500000,,Y,0
2698,http://myneta.info/TamilNadu2026/candidate.php?candidate_id=2698,Chelladurai. M,83,KRISHNARAYAPURAM (SC),51,IND,No,Others,,,1,"10,00,000 ~ 10 Lacs+",1000000,,,,1,"53,18,000 ~ 53 Lacs+",5318000,,Y,0
2701,http://myneta.info/TamilNadu2026/candidate.php?candidate_id=2701,Dinesh Kumar. N,83,KRISHNARAYAPURAM (SC),35,IND,No,Post Graduate,,,1,"8,60,000 ~ 8 Lacs+",860000,,,,1,"10,00,000 ~ 10 Lacs+",1000000,,Y,0
2700,http://myneta.info/TamilNadu2026/candidate.php?candidate_id=2700,Dinesh Kumar.A,83,KRISHNARAYAPURAM (SC),34,IND,No,Graduate Professional,,,1,0 ~,0,,,,1,"5,46,000 ~ 5 Lacs+",546000,,Y,0
297,http://myneta.info/TamilNadu2026/candidate.php?candidate_id=297,Dr. Dhivya. S,83,KRISHNARAYAPURAM (SC),37,AIADMK,Yes 3,Post Graduate,,,1,"19,41,89,500 ~ 19 Crore+",194189500,,,,1,"26,50,000 ~ 26 Lacs+",2650000,,Y,0
2694,http://myneta.info/TamilNadu2026/candidate.php?candidate_id=2694,Ganesan. P,83,KRISHNARAYAPURAM (SC),43,IND,No,10th Pass,,,1,"5,00,000 ~ 5 Lacs+",500000,,,,1,"3,20,000 ~ 3 Lacs+",320000,,Y,0
2689,http://myneta.info/TamilNadu2026/candidate.php?candidate_id=2689,Gomathi. M,83,KRISHNARAYAPURAM (SC),40,BSP,No,Illiterate,,,1,0 ~,0,,,,1,"2,07,000 ~ 2 Lacs+",207000,,Y,0
2693,http://myneta.info/TamilNadu2026/candidate.php?candidate_id=2693,Indragandhi. P,83,KRISHNARAYAPURAM (SC),41,IND,No,Post Graduate,,,1,"1,00,000 ~ 1 Lacs+",100000,,,,1,0 ~,0,,Y,0
2707,http://myneta.info/TamilNadu2026/candidate.php?candidate_id=2707,Mahamuni. A,83,KRISHNARAYAPURAM (SC),42,IND,No,Graduate Professional,,,1,0 ~,0,,,,1,0 ~,0,,Y,0
2708,http://myneta.info/TamilNadu2026/candidate.php?candidate_id=2708,Manickavel. R,83,KRISHNARAYAPURAM (SC),43,IND,No,Graduate Professional,,,1,0 ~,0,,,,1,"2,00,076 ~ 2 Lacs+",200076,,Y,0
2709,http://myneta.info/TamilNadu2026/candidate.php?candidate_id=2709,Murugan. S,83,KRISHNARAYAPURAM (SC),36,IND,No,Graduate Professional,,,1,0 ~,0,,,,1,0 ~,0,,Y,0
2710,http://myneta.info/TamilNadu2026/candidate.php?candidate_id=2710,Muruganandham. P.K,83,KRISHNARAYAPURAM (SC),44,IND,No,10th Pass,,,1,0 ~,0,,,,1,"50,000 ~ 50 Thou+",50000,,Y,0
2702,http://myneta.info/TamilNadu2026/candidate.php?candidate_id=2702,Naveenth. M,83,KRISHNARAYAPURAM (SC),28,IND,No,Graduate Professional,,,1,0 ~,0,,,,1,0 ~,0,,Y,0
2703,http://myneta.info/TamilNadu2026/candidate.php?candidate_id=2703,Parameswaran. M,83,KRISHNARAYAPURAM (SC),51,IND,No,Graduate,,,1,0 ~,0,,,,1,"59,90,000 ~ 59 Lacs+",5990000,,Y,0
2706,http://myneta.info/TamilNadu2026/candidate.php?candidate_id=2706,Porselvan. B.S,83,KRISHNARAYAPURAM (SC),41,IND,No,Post Graduate,,,1,0 ~,0,,,,1,0 ~,0,,Y,0
2704,http://myneta.info/TamilNadu2026/candidate.php?candidate_id=2704,Prasanth. D,83,KRISHNARAYAPURAM (SC),32,IND,No,Graduate Professional,,,1,"9,00,000 ~ 9 Lacs+",900000,,,,1,"6,40,000 ~ 6 Lacs+",640000,,Y,0
1180,http://myneta.info/TamilNadu2026/candidate.php?candidate_id=1180,Raja. C.K,83,KRISHNARAYAPURAM (SC),38,DMK,No,10th Pass,,,1,"68,40,500 ~ 68 Lacs+",6840500,,,,1,"22,01,000 ~ 22 Lacs+",2201000,,Y,0
353,http://myneta.info/TamilNadu2026/candidate.php?candidate_id=353,Rajaguru.M,83,KRISHNARAYAPURAM (SC),42,Samaniya Makkal Nala Katchi,No,Graduate Professional,,,1,0 ~,0,,,,1,"4,13,995 ~ 4 Lacs+",413995,,Y,0
2695,http://myneta.info/TamilNadu2026/candidate.php?candidate_id=2695,Sakthivel. A,83,KRISHNARAYAPURAM (SC),41,IND,No,Graduate Professional,,,1,"16,00,000 ~ 16 Lacs+",1600000,,,,1,"3,41,000 ~ 3 Lacs+",341000,,Y,0
812,http://myneta.info/TamilNadu2026/candidate.php?candidate_id=812,Saravanan. V,83,KRISHNARAYAPURAM (SC),49,Tamizhaga Vaazhvurimai Katchi,No,Others,,,1,"35,00,000 ~ 35 Lacs+",3500000,,,,1,"4,50,000 ~ 4 Lacs+",450000,,Y,0
2696,http://myneta.info/TamilNadu2026/candidate.php?candidate_id=2696,Sasikumar. M,83,KRISHNARAYAPURAM (SC),35,IND,No,Post Graduate,,,1,"27,47,500 ~ 27 Lacs+",2747500,,,,1,"1,60,000 ~ 1 Lacs+",160000,,Y,0
73,http://myneta.info/TamilNadu2026/candidate.php?candidate_id=73,Sathiya. V,83,KRISHNARAYAPURAM (SC),32,Naam Tamilar Katchi,No,Post Graduate,,,1,0 ~,0,,,,1,"1,55,431 ~ 1 Lacs+",155431,,Y,0
2690,http://myneta.info/TamilNadu2026/candidate.php?candidate_id=2690,Sathya. M,83,KRISHNARAYAPURAM (SC),39,Tamilaga Vettri Kazhagam,No,Post Graduate,,,1,0 ~,0,,,,1,"3,00,000 ~ 3 Lacs+",300000,,Y,0
2699,http://myneta.info/TamilNadu2026/candidate.php?candidate_id=2699,Selvakumar. S,83,KRISHNARAYAPURAM (SC),52,IND,No,Graduate Professional,,,1,0 ~,0,,,,1,"1,00,000 ~ 1 Lacs+",100000,,Y,0
2697,http://myneta.info/TamilNadu2026/candidate.php?candidate_id=2697,Senthil. P.M,83,KRISHNARAYAPURAM (SC),42,IND,No,Graduate Professional,,,1,0 ~,0,,,,1,0 ~,0,,Y,0
2691,http://myneta.info/TamilNadu2026/candidate.php?candidate_id=2691,Soundrapandian. S,83,KRISHNARAYAPURAM (SC),56,Ganasangam Party of India,No,10th Pass,,,1,0 ~,0,,,,1,0 ~,0,,Y,0
2711,http://myneta.info/TamilNadu2026/candidate.php?candidate_id=2711,Vimalraj. S,83,KRISHNARAYAPURAM (SC),33,IND,No,Graduate Professional,,,1,0 ~,0,,,,1,"4,50,000 ~ 4 Lacs+",450000,,Y,0
431,http://myneta.info/TamilNadu2026/candidate.php?candidate_id=431,B.Kajahmohideen,84,KULITHALAI,53,IND,No,Graduate Professional,,,1,0 ~,0,,,,1,"70,000 ~ 70 Thou+",70000,,Y,0
429,http://myneta.info/TamilNadu2026/candidate.php?candidate_id=429,B.Sampathkumar,84,KULITHALAI,39,IND,No,Graduate Professional,,,1,"28,00,000 ~ 28 Lacs+",2800000,,,,1,"27,81,082 ~ 27 Lacs+",2781082,,Y,0
3604,http://myneta.info/TamilNadu2026/candidate.php?candidate_id=3604,Chandrasekar.P,84,KULITHALAI,45,IND,No,Graduate Professional,,,1,"15,00,000 ~ 15 Lacs+",1500000,,,,1,0 ~,0,,Y,0
3605,http://myneta.info/TamilNadu2026/candidate.php?candidate_id=3605,D.Saravanan,84,KULITHALAI,40,IND,No,Graduate Professional,,,1,"12,00,000 ~ 12 Lacs+",1200000,,,,1,"9,12,000 ~ 9 Lacs+",912000,,Y,0
814,http://myneta.info/TamilNadu2026/candidate.php?candidate_id=814,G.Balasubramani,84,KULITHALAI,49,Tamilaga Vettri Kazhagam,No,8th Pass,,,1,"7,98,00,000 ~ 7 Crore+",79800000,,,,1,"1,05,13,472 ~ 1 Crore+",10513472,,Y,0
3612,http://myneta.info/TamilNadu2026/candidate.php?candidate_id=3612,J.Madhavan,84,KULITHALAI,35,IND,No,Graduate Professional,,,1,"40,00,000 ~ 40 Lacs+",4000000,,,,1,"1,10,000 ~ 1 Lacs+",110000,,Y,0
3610,http://myneta.info/TamilNadu2026/candidate.php?candidate_id=3610,J.Pradhap,84,KULITHALAI,32,IND,No,10th Pass,,,1,"10,00,000 ~ 10 Lacs+",1000000,,,,1,"1,25,000 ~ 1 Lacs+",125000,,Y,0
424,http://myneta.info/TamilNadu2026/candidate.php?candidate_id=424,J.Santhosh Kumar,84,KULITHALAI,26,IND,No,Graduate Professional,,,1,"1,15,57,000 ~ 1 Crore+",11557000,,,,1,"34,24,000 ~ 34 Lacs+",3424000,,Y,0
3615,http://myneta.info/TamilNadu2026/candidate.php?candidate_id=3615,K.Hakkim,84,KULITHALAI,36,IND,No,Graduate Professional,,,1,0 ~,0,,,,1,0 ~,0,,Y,0
3609,http://myneta.info/TamilNadu2026/candidate.php?candidate_id=3609,K.Sheikanwardeen,84,KULITHALAI,44,IND,No,Graduate Professional,,,1,0 ~,0,,,,1,"12,00,000 ~ 12 Lacs+",1200000,,Y,0
427,http://myneta.info/TamilNadu2026/candidate.php?candidate_id=427,K.Veeramalai,84,KULITHALAI,48,IND,No,Graduate Professional,,,1,"10,00,000 ~ 10 Lacs+",1000000,,,,1,"1,40,000 ~ 1 Lacs+",140000,,Y,0
3600,http://myneta.info/TamilNadu2026/candidate.php?candidate_id=3600,M.Arunkumar,84,KULITHALAI,33,IND,No,Graduate Professional,,,1,0 ~,0,,,,1,0 ~,0,,Y,0
3603,http://myneta.info/TamilNadu2026/candidate.php?candidate_id=3603,M.Gayathiri,84,KULITHALAI,27,IND,No,Graduate Professional,,,1,0 ~,0,,,,1,0 ~,0,,Y,0
3611,http://myneta.info/TamilNadu2026/candidate.php?candidate_id=3611,M.Mayilvaganan,84,KULITHALAI,50,IND,No,Others,,,1,"43,50,000 ~ 43 Lacs+",4350000,,,,1,"83,000 ~ 83 Thou+",83000,,Y,0
425,http://myneta.info/TamilNadu2026/candidate.php?candidate_id=425,M.Tamilselvan,84,KULITHALAI,49,IND,No,Graduate Professional,,,1,"14,00,000 ~ 14 Lacs+",1400000,,,,1,"16,11,500 ~ 16 Lacs+",1611500,,Y,0
3614,http://myneta.info/TamilNadu2026/candidate.php?candidate_id=3614,M.Vadivelan,84,KULITHALAI,34,IND,No,Graduate Professional,,,1,"32,00,000 ~ 32 Lacs+",3200000,,,,1,"12,30,000 ~ 12 Lacs+",1230000,,Y,0
3613,http://myneta.info/TamilNadu2026/candidate.php?candidate_id=3613,N.Ramakrishnan,84,KULITHALAI,36,IND,No,Others,,,1,"11,00,000 ~ 11 Lacs+",1100000,,,,1,"13,00,000 ~ 13 Lacs+",1300000,,Y,0
3602,http://myneta.info/TamilNadu2026/candidate.php?candidate_id=3602,O.Kathalingam,84,KULITHALAI,44,IND,Yes 1,Post Graduate,,,1,"20,00,000 ~ 20 Lacs+",2000000,,,,1,"29,00,000 ~ 29 Lacs+",2900000,,Y,0
3599,http://myneta.info/TamilNadu2026/candidate.php?candidate_id=3599,P.Murugan,84,KULITHALAI,41,Ganasangam Party of India,No,Graduate,,,1,0 ~,0,,,,1,0 ~,0,,Y,0
3607,http://myneta.info/TamilNadu2026/candidate.php?candidate_id=3607,P.Selvakumar,84,KULITHALAI,40,IND,No,Graduate Professional,,,1,0 ~,0,,,,1,0 ~,0,,Y,0
3601,http://myneta.info/TamilNadu2026/candidate.php?candidate_id=3601,R.Arunkumar,84,KULITHALAI,32,IND,No,5th Pass,,,1,0 ~,0,,,,1,0 ~,0,,Y,0
428,http://myneta.info/TamilNadu2026/candidate.php?candidate_id=428,S.Imrankhan,84,KULITHALAI,43,IND,No,Graduate Professional,,,1,"40,85,820 ~ 40 Lacs+",4085820,,,,1,"8,05,000 ~ 8 Lacs+",805000,,Y,0
748,http://myneta.info/TamilNadu2026/candidate.php?candidate_id=748,S.Karunakaran,84,KULITHALAI,65,AIADMK,Yes 6,Others,,,1,"21,41,00,000 ~ 21 Crore+",214100000,,,,1,"6,39,47,575 ~ 6 Crore+",63947575,,Y,0
430,http://myneta.info/TamilNadu2026/candidate.php?candidate_id=430,S.Senthilkumar,84,KULITHALAI,46,IND,No,Graduate Professional,,,1,"30,00,000 ~ 30 Lacs+",3000000,,,,1,"79,000 ~ 79 Thou+",79000,,Y,0
422,http://myneta.info/TamilNadu2026/candidate.php?candidate_id=422,Selva.Nanmaaran,84,KULITHALAI,43,Naam Tamilar Katchi,Yes 3,Graduate Professional,,,1,"40,00,000 ~ 40 Lacs+",4000000,,,,1,"48,40,000 ~ 48 Lacs+",4840000,,Y,3
1181,http://myneta.info/TamilNadu2026/candidate.php?candidate_id=1181,Suriyanur. A. Chandran,84,KULITHALAI,59,DMK,No,Post Graduate,,,1,"22,00,000 ~ 22 Lacs+",2200000,,,,1,"15,30,000 ~ 15 Lacs+",1530000,,Y,0
426,http://myneta.info/TamilNadu2026/candidate.php?candidate_id=426,T.Muruganantham,84,KULITHALAI,42,IND,No,Graduate Professional,,,1,0 ~,0,,,,1,0 ~,0,,Y,0
3608,http://myneta.info/TamilNadu2026/candidate.php?candidate_id=3608,T.Selvaraj,84,KULITHALAI,70,IND,No,10th Pass,,,1,0 ~,0,,,,1,0 ~,0,,Y,0
3606,http://myneta.info/TamilNadu2026/candidate.php?candidate_id=3606,V.Chinnasamy,84,KULITHALAI,63,IND,No,Post Graduate,,,1,0 ~,0,,,,1,0 ~,0,,Y,0
1943,http://myneta.info/TamilNadu2026/candidate.php?candidate_id=1943,A Samraj,85,UTHANGARAI (SC),37,IND,No,8th Pass,,,1,"8,00,000 ~ 8 Lacs+",800000,,,,1,0 ~,0,,Y,0
1945,http://myneta.info/TamilNadu2026/candidate.php?candidate_id=1945,Bakkiyaraj R,85,UTHANGARAI (SC),37,IND,No,10th Pass,,,1,"1,10,000 ~ 1 Lacs+",110000,,,,1,"3,60,968 ~ 3 Lacs+",360968,,Y,0
1939,http://myneta.info/TamilNadu2026/candidate.php?candidate_id=1939,K Thavaraj,85,UTHANGARAI (SC),41,Tamizhaga Vaazhvurimai Katchi,Yes 1,5th Pass,,,1,0 ~,0,,,,1,"2,00,000 ~ 2 Lacs+",200000,,Y,0
1942,http://myneta.info/TamilNadu2026/candidate.php?candidate_id=1942,Kumaravel,85,UTHANGARAI (SC),41,IND,No,Graduate,,,1,"1,07,00,000 ~ 1 Crore+",10700000,,,,1,"2,22,94,595 ~ 2 Crore+",22294595,,Y,0
1937,http://myneta.info/TamilNadu2026/candidate.php?candidate_id=1937,Mekala,85,UTHANGARAI (SC),31,Naam Tamilar Katchi,No,Graduate Professional,,,1,0 ~,0,,,,1,"19,75,000 ~ 19 Lacs+",1975000,,Y,0
1946,http://myneta.info/TamilNadu2026/candidate.php?candidate_id=1946,Muniraj,85,UTHANGARAI (SC),67,IND,No,12th Pass,,,1,"30,00,000 ~ 30 Lacs+",3000000,,,,1,"12,05,000 ~ 12 Lacs+",1205000,,Y,0
1938,http://myneta.info/TamilNadu2026/candidate.php?candidate_id=1938,N Elaiyaraja,85,UTHANGARAI (SC),47,Tamilaga Vettri Kazhagam,No,Graduate Professional,,,1,"1,28,50,000 ~ 1 Crore+",12850000,,,,1,"1,42,38,336 ~ 1 Crore+",14238336,,Y,0
433,http://myneta.info/TamilNadu2026/candidate.php?candidate_id=433,Palani R,85,UTHANGARAI (SC),36,Thakkam Katchi,No,Graduate Professional,,,1,"2,00,000 ~ 2 Lacs+",200000,,,,1,"29,644 ~ 29 Thou+",29644,,Y,0
1303,http://myneta.info/TamilNadu2026/candidate.php?candidate_id=1303,R Kuppusamy,85,UTHANGARAI (SC),74,INC,No,10th Pass,,,1,"2,47,00,000 ~ 2 Crore+",24700000,,,,1,0 ~,0,,Y,0
1940,http://myneta.info/TamilNadu2026/candidate.php?candidate_id=1940,Rameshwari,85,UTHANGARAI (SC),45,Bharat Jan Chikitsa Party,No,8th Pass,,,1,"1,50,00,000 ~ 1 Crore+",15000000,,,,1,0 ~,0,,Y,0
1138,http://myneta.info/TamilNadu2026/candidate.php?candidate_id=1138,T M Tamilselvam,85,UTHANGARAI (SC),52,AIADMK,No,10th Pass,,,1,"17,00,000 ~ 17 Lacs+",1700000,,,,1,0 ~,0,,Y,0
1944,http://myneta.info/TamilNadu2026/candidate.php?candidate_id=1944,Tamilmani,85,UTHANGARAI (SC),38,IND,No,Post Graduate,,,1,"2,15,00,000 ~ 2 Crore+",21500000,,,,1,"98,39,000 ~ 98 Lacs+",9839000,,Y,0
1941,http://myneta.info/TamilNadu2026/candidate.php?candidate_id=1941,Vijiyal,85,UTHANGARAI (SC),44,Aanaithinthiya Jananayaka Pathukappu Kazhagam,No,8th Pass,,,1,"30,00,000 ~ 30 Lacs+",3000000,,,,1,"10,35,000 ~ 10 Lacs+",1035000,,Y,0
3422,http://myneta.info/TamilNadu2026/candidate.php?candidate_id=3422,A. Sudhakar,86,BARGUR,43,Republican Party of India (Athawale),No,12th Pass,,,1,"11,50,000 ~ 11 Lacs+",1150000,,,,1,0 ~,0,,Y,0
3424,http://myneta.info/TamilNadu2026/candidate.php?candidate_id=3424,Anitha Mayaperumal,86,BARGUR,39,IND,No,Post Graduate,,,1,"30,00,000 ~ 30 Lacs+",3000000,,,,1,"20,72,300 ~ 20 Lacs+",2072300,,Y,0
3425,http://myneta.info/TamilNadu2026/candidate.php?candidate_id=3425,D. Govindarajan,86,BARGUR,57,IND,Yes 1,10th Pass,,,1,"2,90,00,000 ~ 2 Crore+",29000000,,,,1,"37,13,920 ~ 37 Lacs+",3713920,,Y,0
245,http://myneta.info/TamilNadu2026/candidate.php?candidate_id=245,D. Mathiazhagan,86,BARGUR,59,DMK,No,Graduate,,,1,"1,60,11,58,012 ~ 160 Crore+",1601158012,,,,1,"56,20,23,954 ~ 56 Crore+",562023954,,Y,0
3420,http://myneta.info/TamilNadu2026/candidate.php?candidate_id=3420,D. Sivasankaran,86,BARGUR,63,BSP,No,10th Pass,,,1,"15,00,000 ~ 15 Lacs+",1500000,,,,1,0 ~,0,,Y,0
1103,http://myneta.info/TamilNadu2026/candidate.php?candidate_id=1103,E. Muralidharan,86,BARGUR,32,Tamilaga Vettri Kazhagam,No,Graduate Professional,,,1,"1,00,000 ~ 1 Lacs+",100000,,,,1,"8,95,000 ~ 8 Lacs+",895000,,Y,0
3426,http://myneta.info/TamilNadu2026/candidate.php?candidate_id=3426,E.C. Govindaraje,86,BARGUR,63,IND,No,Illiterate,,,1,"3,75,000 ~ 3 Lacs+",375000,,,,1,"81,000 ~ 81 Thou+",81000,,N,0
940,http://myneta.info/TamilNadu2026/candidate.php?candidate_id=940,E.C. Govindarasan,86,BARGUR,56,AIADMK,Yes 2,8th Pass,,,1,"4,02,85,300 ~ 4 Crore+",40285300,,,,1,"1,16,87,196 ~ 1 Crore+",11687196,,Y,1
674,http://myneta.info/TamilNadu2026/candidate.php?candidate_id=674,K. Annadurai,86,BARGUR,40,IND,No,Doctorate,,,1,"10,00,000 ~ 10 Lacs+",1000000,,,,1,0 ~,0,,Y,0
19,http://myneta.info/TamilNadu2026/candidate.php?candidate_id=19,Kavinkumar. S,86,BARGUR,31,Naam Tamilar Katchi,No,Graduate Professional,,,1,"74,43,000 ~ 74 Lacs+",7443000,,,,1,"41,56,000 ~ 41 Lacs+",4156000,,Y,0
669,http://myneta.info/TamilNadu2026/candidate.php?candidate_id=669,M. Nedunchezlian,86,BARGUR,35,Periyar Ambedkar Munnetra Kazhagam (PAMK),No,Graduate Professional,,,1,0 ~,0,,,,1,"2,54,000 ~ 2 Lacs+",254000,,Y,0
3423,http://myneta.info/TamilNadu2026/candidate.php?candidate_id=3423,Mani. K,86,BARGUR,36,All India Youth Development Party,No,Others,,,1,"70,000 ~ 70 Thou+",70000,,,,1,0 ~,0,,Y,0
671,http://myneta.info/TamilNadu2026/candidate.php?candidate_id=671,Mathesh. R,86,BARGUR,32,IND,No,10th Pass,,,1,0 ~,0,,,,1,0 ~,0,,Y,0
3421,http://myneta.info/TamilNadu2026/candidate.php?candidate_id=3421,S. Albert Francis Xavier,86,BARGUR,48,Tamizhaga Vaazhvurimai Katchi,No,Post Graduate,,,1,0 ~,0,,,,1,0 ~,0,,Y,0
3427,http://myneta.info/TamilNadu2026/candidate.php?candidate_id=3427,S. Sasikumar,86,BARGUR,46,IND,No,Doctorate,,,1,"1,50,000 ~ 1 Lacs+",150000,,,,1,"11,13,000 ~ 11 Lacs+",1113000,,Y,0
349,http://myneta.info/TamilNadu2026/candidate.php?candidate_id=349,Advocate.Muthaiah.S.,87,KRISHNAGIRI,51,Thakkam Katchi,No,Graduate Professional,,,1,0 ~,0,,,,1,0 ~,0,,Y,0
943,http://myneta.info/TamilNadu2026/candidate.php?candidate_id=943,Ashokkumar.K,87,KRISHNAGIRI,73,AIADMK,No,10th Pass,,,1,0 ~,0,,,,1,0 ~,0,,Y,0
350,http://myneta.info/TamilNadu2026/candidate.php?candidate_id=350,Chandramohan.K.M.,87,KRISHNAGIRI,56,IND,Yes 1,8th Pass,,,1,"9,95,000 ~ 9 Lacs+",995000,,,,1,0 ~,0,,Y,0
1179,http://myneta.info/TamilNadu2026/candidate.php?candidate_id=1179,Chellakumar.A,87,KRISHNAGIRI,66,INC,Yes 4,Graduate Professional,,,1,"8,62,22,143 ~ 8 Crore+",86222143,,,,1,"5,13,72,467 ~ 5 Crore+",51372467,,Y,4
352,http://myneta.info/TamilNadu2026/candidate.php?candidate_id=352,Kumaresan.M,87,KRISHNAGIRI,51,IND,No,8th Pass,,,1,0 ~,0,,,,1,0 ~,0,,Y,0
3593,http://myneta.info/TamilNadu2026/candidate.php?candidate_id=3593,Mangammal,87,KRISHNAGIRI,27,Tamilar Makkal Katchi,No,Illiterate,,,1,0 ~,0,,,,1,0 ~,0,,Y,0
780,http://myneta.info/TamilNadu2026/candidate.php?candidate_id=780,Mukundhan.P,87,KRISHNAGIRI,41,Tamilaga Vettri Kazhagam,No,Graduate Professional,,,1,"8,00,00,000 ~ 8 Crore+",80000000,,,,1,"51,52,358 ~ 51 Lacs+",5152358,,Y,0
3594,http://myneta.info/TamilNadu2026/candidate.php?candidate_id=3594,Muthulakshmi Veerappan,87,KRISHNAGIRI,56,Tamizhaga Vaazhvurimai Katchi,Yes 1,5th Pass,,,1,"18,00,000 ~ 18 Lacs+",1800000,,,,1,0 ~,0,,Y,1
3597,http://myneta.info/TamilNadu2026/candidate.php?candidate_id=3597,Nanjundan.M,87,KRISHNAGIRI,37,IND,No,10th Pass,,,1,"2,50,000 ~ 2 Lacs+",250000,,,,1,0 ~,0,,Y,0
3592,http://myneta.info/TamilNadu2026/candidate.php?candidate_id=3592,Singaravelan Viswanathan,87,KRISHNAGIRI,51,Vishwa Tamil Kazhagam,No,10th Pass,,,1,"7,00,000 ~ 7 Lacs+",700000,,,,1,"2,00,000 ~ 2 Lacs+",200000,,Y,0
3591,http://myneta.info/TamilNadu2026/candidate.php?candidate_id=3591,Sivakumar.S,87,KRISHNAGIRI,42,BSP,No,Post Graduate,,,1,"38,00,000 ~ 38 Lacs+",3800000,,,,1,"2,95,000 ~ 2 Lacs+",295000,,Y,0
3595,http://myneta.info/TamilNadu2026/candidate.php?candidate_id=3595,Sivan.C,87,KRISHNAGIRI,36,IND,Yes 2,Graduate Professional,,,1,"11,00,000 ~ 11 Lacs+",1100000,,,,1,"20,50,000 ~ 20 Lacs+",2050000,,Y,0
3596,http://myneta.info/TamilNadu2026/candidate.php?candidate_id=3596,Srinivasan.K,87,KRISHNAGIRI,60,IND,No,8th Pass,,,1,0 ~,0,,,,1,0 ~,0,,N,0
72,http://myneta.info/TamilNadu2026/candidate.php?candidate_id=72,Suganthi,87,KRISHNAGIRI,53,Naam Tamilar Katchi,No,Graduate,,,1,"70,00,000 ~ 70 Lacs+",7000000,,,,1,"75,80,000 ~ 75 Lacs+",7580000,,Y,0
3598,http://myneta.info/TamilNadu2026/candidate.php?candidate_id=3598,Venkateshraja.E,87,KRISHNAGIRI,63,IND,No,Graduate Professional,,,1,"2,72,00,000 ~ 2 Crore+",27200000,,,,1,0 ~,0,,Y,0
526,http://myneta.info/TamilNadu2026/candidate.php?candidate_id=526,Eshwaran.C,88,VEPPANAHALLI,47,IND,No,8th Pass,,,1,"40,00,000 ~ 40 Lacs+",4000000,,,,1,0 ~,0,,Y,0
1875,http://myneta.info/TamilNadu2026/candidate.php?candidate_id=1875,Govindaraj.G.J,88,VEPPANAHALLI,44,IND,No,10th Pass,,,1,"31,45,000 ~ 31 Lacs+",3145000,,,,1,"16,65,000 ~ 16 Lacs+",1665000,,Y,0
1872,http://myneta.info/TamilNadu2026/candidate.php?candidate_id=1872,Iyappan.L,88,VEPPANAHALLI,39,Tamizhaga Vaazhvurimai Katchi,No,10th Pass,,,1,0 ~,0,,,,1,"37,405 ~ 37 Thou+",37405,,Y,0
524,http://myneta.info/TamilNadu2026/candidate.php?candidate_id=524,Manoharan.K.A,88,VEPPANAHALLI,48,IND,No,10th Pass,,,1,"10,00,000 ~ 10 Lacs+",1000000,,,,1,0 ~,0,,Y,0
1315,http://myneta.info/TamilNadu2026/candidate.php?candidate_id=1315,Munusamy.K.P,88,VEPPANAHALLI,75,AIADMK,No,Graduate Professional,,,1,"12,56,32,250 ~ 12 Crore+",125632250,,,,1,"93,07,626 ~ 93 Lacs+",9307626,,Y,0
218,http://myneta.info/TamilNadu2026/candidate.php?candidate_id=218,Nagaraj.R,88,VEPPANAHALLI,27,Naam Tamilar Katchi,No,Graduate,,,1,0 ~,0,,,,1,0 ~,0,,Y,0
1874,http://myneta.info/TamilNadu2026/candidate.php?candidate_id=1874,Prajapathi Vijay.C,88,VEPPANAHALLI,29,Tamilar Makkal Katchi,No,Graduate Professional,,,1,0 ~,0,,,,1,0 ~,0,,Y,0
1876,http://myneta.info/TamilNadu2026/candidate.php?candidate_id=1876,Ramasamy.G.C,88,VEPPANAHALLI,61,IND,No,5th Pass,,,1,"60,00,000 ~ 60 Lacs+",6000000,,,,1,0 ~,0,,N,0
945,http://myneta.info/TamilNadu2026/candidate.php?candidate_id=945,Sampangi.S.R,88,VEPPANAHALLI,46,Tamilaga Vettri Kazhagam,No,10th Pass,,,1,"4,08,59,381 ~ 4 Crore+",40859381,,,,1,"6,74,03,916 ~ 6 Crore+",67403916,,Y,0
1314,http://myneta.info/TamilNadu2026/candidate.php?candidate_id=1314,Srinivasan.P.S,88,VEPPANAHALLI,49,DMK,Yes 1,12th Pass,,,1,"1,13,57,345 ~ 1 Crore+",11357345,,,,1,"9,98,473 ~ 9 Lacs+",998473,,Y,2
528,http://myneta.info/TamilNadu2026/candidate.php?candidate_id=528,Venkatesan.C,88,VEPPANAHALLI,35,IND,No,8th Pass,,,1,0 ~,0,,,,1,0 ~,0,,Y,0
525,http://myneta.info/TamilNadu2026/candidate.php?candidate_id=525,Yuvaraj.K.P.U,88,VEPPANAHALLI,42,IND,No,Others,,,1,"3,23,00,000 ~ 3 Crore+",32300000,,,,1,"7,00,000 ~ 7 Lacs+",700000,,Y,0
1368,http://myneta.info/TamilNadu2026/candidate.php?candidate_id=1368,Balakrishnareddy. P,89,HOSUR,57,AIADMK,No,12th Pass,,,1,"94,28,95,024 ~ 94 Crore+",942895024,,,,1,"2,83,19,929 ~ 2 Crore+",28319929,,Y,0
533,http://myneta.info/TamilNadu2026/candidate.php?candidate_id=533,Devappa.Y,89,HOSUR,62,IND,No,10th Pass,,,1,"60,00,000 ~ 60 Lacs+",6000000,,,,1,0 ~,0,,Y,0
3507,http://myneta.info/TamilNadu2026/candidate.php?candidate_id=3507,Dr.Shanmugam.A.R.,89,HOSUR,50,IND,Yes 2,Post Graduate,,,1,"60,00,000 ~ 60 Lacs+",6000000,,,,1,"30,85,000 ~ 30 Lacs+",3085000,,Y,1
530,http://myneta.info/TamilNadu2026/candidate.php?candidate_id=530,Ganesh.M,89,HOSUR,41,IND,No,Graduate,,,1,0 ~,0,,,,1,0 ~,0,,Y,0
529,http://myneta.info/TamilNadu2026/candidate.php?candidate_id=529,Mariya Francis.S,89,HOSUR,36,IND,No,Post Graduate,,,1,"3,00,000 ~ 3 Lacs+",300000,,,,1,"4,50,000 ~ 4 Lacs+",450000,,Y,0
3508,http://myneta.info/TamilNadu2026/candidate.php?candidate_id=3508,Masood.S,89,HOSUR,34,IND,No,Post Graduate,,,1,"74,00,000 ~ 74 Lacs+",7400000,,,,1,"30,47,000 ~ 30 Lacs+",3047000,,Y,0
3509,http://myneta.info/TamilNadu2026/candidate.php?candidate_id=3509,Pattabirama. C,89,HOSUR,51,IND,No,10th Pass,,,1,"21,00,000 ~ 21 Lacs+",2100000,,,,1,"8,50,000 ~ 8 Lacs+",850000,,Y,0
3506,http://myneta.info/TamilNadu2026/candidate.php?candidate_id=3506,Ponnumani.R,89,HOSUR,31,Tamilar Makkal Katchi,No,Others,,,1,0 ~,0,,,,1,0 ~,0,,Y,0
532,http://myneta.info/TamilNadu2026/candidate.php?candidate_id=532,Rajendran.P,89,HOSUR,40,IND,No,5th Pass,,,1,"20,00,000 ~ 20 Lacs+",2000000,,,,1,0 ~,0,,Y,0
941,http://myneta.info/TamilNadu2026/candidate.php?candidate_id=941,Sathya.S.A.,89,HOSUR,55,DMK,No,10th Pass,,,1,"9,28,50,000 ~ 9 Crore+",92850000,,,,1,"2,01,52,941 ~ 2 Crore+",20152941,,Y,0
49,http://myneta.info/TamilNadu2026/candidate.php?candidate_id=49,Stalin.R,89,HOSUR,29,Naam Tamilar Katchi,No,Graduate,,,1,0 ~,0,,,,1,"55,931 ~ 55 Thou+",55931,,Y,0
3505,http://myneta.info/TamilNadu2026/candidate.php?candidate_id=3505,Surya. Y,89,HOSUR,37,Republican Party of India (Athawale),No,Graduate,,,1,"11,00,000 ~ 11 Lacs+",1100000,,,,1,"13,00,000 ~ 13 Lacs+",1300000,,Y,0
942,http://myneta.info/TamilNadu2026/candidate.php?candidate_id=942,Vendarkarasan.S,89,HOSUR,45,Tamilaga Vettri Kazhagam,Yes 1,5th Pass,,,1,0 ~,0,,,,1,"5,89,626 ~ 5 Lacs+",589626,,Y,0
944,http://myneta.info/TamilNadu2026/candidate.php?candidate_id=944,Ajith. G,90,THALLY,31,Tamizhaga Vaazhvurimai Katchi,Yes 1,12th Pass,,,1,0 ~,0,,,,1,"2,30,000 ~ 2 Lacs+",230000,,Y,0
3147,http://myneta.info/TamilNadu2026/candidate.php?candidate_id=3147,Asanraja. K,90,THALLY,35,IND,No,12th Pass,,,1,0 ~,0,,,,1,"4,00,000 ~ 4 Lacs+",400000,,Y,0
3149,http://myneta.info/TamilNadu2026/candidate.php?candidate_id=3149,Devappa. Y,90,THALLY,62,IND,No,10th Pass,,,1,"60,00,000 ~ 60 Lacs+",6000000,,,,1,0 ~,0,,Y,0
1255,http://myneta.info/TamilNadu2026/candidate.php?candidate_id=1255,Dr.Nagesh Kumar. C,90,THALLY,40,BJP,No,Post Graduate,,,1,"8,74,851 ~ 8 Lacs+",874851,,,,1,"1,10,15,644 ~ 1 Crore+",11015644,,Y,0
535,http://myneta.info/TamilNadu2026/candidate.php?candidate_id=535,Jagan. M,90,THALLY,39,IND,No,Graduate,,,1,"45,00,000 ~ 45 Lacs+",4500000,,,,1,"13,70,000 ~ 13 Lacs+",1370000,,Y,0
3146,http://myneta.info/TamilNadu2026/candidate.php?candidate_id=3146,Jayaram. N,90,THALLY,48,Anna Makkal Katchi,No,10th Pass,,,1,0 ~,0,,,,1,0 ~,0,,Y,0
3148,http://myneta.info/TamilNadu2026/candidate.php?candidate_id=3148,Kumar. D.J,90,THALLY,36,IND,No,5th Pass,,,1,0 ~,0,,,,1,0 ~,0,,Y,0
161,http://myneta.info/TamilNadu2026/candidate.php?candidate_id=161,Narasimma Reddy Alias Narasimman. R,90,THALLY,42,Naam Tamilar Katchi,No,Others,,,1,"48,00,000 ~ 48 Lacs+",4800000,,,,1,"6,27,582 ~ 6 Lacs+",627582,,Y,0
534,http://myneta.info/TamilNadu2026/candidate.php?candidate_id=534,Ramachandran. T,90,THALLY,58,CPI,Yes 11,Graduate Professional,,,1,"6,65,54,791 ~ 6 Crore+",66554791,,,,1,0 ~,0,,Y,14
1256,http://myneta.info/TamilNadu2026/candidate.php?candidate_id=1256,Suresh. G,90,THALLY,46,Tamilaga Vettri Kazhagam,Yes 1,8th Pass,,,1,0 ~,0,,,,1,"5,28,631 ~ 5 Lacs+",528631,,Y,0
953,http://myneta.info/TamilNadu2026/candidate.php?candidate_id=953,A.Maduraiveeran,91,MELUR,50,Tamilaga Vettri Kazhagam,Yes 1,10th Pass,,,1,"4,10,745 ~ 4 Lacs+",410745,,,,1,"26,36,000 ~ 26 Lacs+",2636000,,Y,0
536,http://myneta.info/TamilNadu2026/candidate.php?candidate_id=536,C.Mohanram,91,MELUR,59,IND,Yes 2,12th Pass,,,1,"10,20,000 ~ 10 Lacs+",1020000,,,,1,0 ~,0,,Y,1
3681,http://myneta.info/TamilNadu2026/candidate.php?candidate_id=3681,C.Ramesh,91,MELUR,35,IND,No,Graduate,,,1,"10,00,000 ~ 10 Lacs+",1000000,,,,1,"5,00,000 ~ 5 Lacs+",500000,,Y,0
3679,http://myneta.info/TamilNadu2026/candidate.php?candidate_id=3679,K.Manikandaprabu,91,MELUR,40,IND,No,8th Pass,,,1,"10,00,000 ~ 10 Lacs+",1000000,,,,1,0 ~,0,,Y,0
538,http://myneta.info/TamilNadu2026/candidate.php?candidate_id=538,K.Meyyar,91,MELUR,49,CPI(ML)(L),Yes 1,8th Pass,,,1,"14,05,560 ~ 14 Lacs+",1405560,,,,1,"90,000 ~ 90 Thou+",90000,,Y,1
3678,http://myneta.info/TamilNadu2026/candidate.php?candidate_id=3678,K.Sethuraman,91,MELUR,51,IND,No,Graduate,,,1,"18,75,000 ~ 18 Lacs+",1875000,,,,1,0 ~,0,,Y,0
94,http://myneta.info/TamilNadu2026/candidate.php?candidate_id=94,Kottaikumar,91,MELUR,58,Naam Tamilar Katchi,No,Graduate Professional,,,1,"1,00,00,000 ~ 1 Crore+",10000000,,,,1,"62,30,000 ~ 62 Lacs+",6230000,,Y,0
3680,http://myneta.info/TamilNadu2026/candidate.php?candidate_id=3680,M.Murugan,91,MELUR,64,IND,No,Graduate Professional,,,1,"57,86,77,622 ~ 57 Crore+",578677622,,,,1,"4,39,63,875 ~ 4 Crore+",43963875,,Y,0
3677,http://myneta.info/TamilNadu2026/candidate.php?candidate_id=3677,M.Panneerselvam,91,MELUR,50,Puthiya Tamilagam,Yes 6,Others,,,1,"22,00,000 ~ 22 Lacs+",2200000,,,,1,"12,91,776 ~ 12 Lacs+",1291776,,Y,0
1194,http://myneta.info/TamilNadu2026/candidate.php?candidate_id=1194,P.Periyapullan Alias Selvam,91,MELUR,54,AIADMK,Yes 5,12th Pass,,,1,"2,90,60,854 ~ 2 Crore+",29060854,,,,1,0 ~,0,,Y,0
1193,http://myneta.info/TamilNadu2026/candidate.php?candidate_id=1193,P.Viswanathan,91,MELUR,61,INC,Yes 1,Graduate,,,1,"3,00,00,000 ~ 3 Crore+",30000000,,,,1,"1,06,00,000 ~ 1 Crore+",10600000,,Y,0
537,http://myneta.info/TamilNadu2026/candidate.php?candidate_id=537,S.Boopathi,91,MELUR,45,IND,No,Graduate,,,1,"15,00,000 ~ 15 Lacs+",1500000,,,,1,0 ~,0,,Y,0
3676,http://myneta.info/TamilNadu2026/candidate.php?candidate_id=3676,Soniagandhi,91,MELUR,37,All India Puratchi Thalaivar Makkal Munnettra Kazhagam,No,Others,,,1,"1,43,55,000 ~ 1 Crore+",14355000,,,,1,"62,33,340 ~ 62 Lacs+",6233340,,Y,0
541,http://myneta.info/TamilNadu2026/candidate.php?candidate_id=541,Ajay Kannan A,92,MADURAI EAST,27,IND,No,Others,,,1,0 ~,0,,,,1,0 ~,0,,Y,0
3671,http://myneta.info/TamilNadu2026/candidate.php?candidate_id=3671,Arasu S,92,MADURAI EAST,50,IND,No,8th Pass,,,1,0 ~,0,,,,1,0 ~,0,,Y,0
3672,http://myneta.info/TamilNadu2026/candidate.php?candidate_id=3672,Arun Pandian A J,92,MADURAI EAST,34,IND,Yes 2,5th Pass,,,1,0 ~,0,,,,1,"10,05,480 ~ 10 Lacs+",1005480,,Y,3
3670,http://myneta.info/TamilNadu2026/candidate.php?candidate_id=3670,Bharathiraja A,92,MADURAI EAST,39,Puthiya Tamilagam,No,8th Pass,,,1,"3,00,000 ~ 3 Lacs+",300000,,,,1,"11,08,500 ~ 11 Lacs+",1108500,,Y,0
949,http://myneta.info/TamilNadu2026/candidate.php?candidate_id=949,Boomirajan K,92,MADURAI EAST,41,Tamizhaga Vaazhvurimai Katchi,Yes 5,5th Pass,,,1,"10,00,000 ~ 10 Lacs+",1000000,,,,1,"3,07,000 ~ 3 Lacs+",307000,,Y,0
3673,http://myneta.info/TamilNadu2026/candidate.php?candidate_id=3673,Chandra Mouliswaran A,92,MADURAI EAST,49,IND,No,Graduate,,,1,"65,00,000 ~ 65 Lacs+",6500000,,,,1,0 ~,0,,Y,0
545,http://myneta.info/TamilNadu2026/candidate.php?candidate_id=545,Karthikeyan G,92,MADURAI EAST,51,IND,No,8th Pass,,,1,0 ~,0,,,,1,0 ~,0,,Y,0
948,http://myneta.info/TamilNadu2026/candidate.php?candidate_id=948,Karthikeyan S,92,MADURAI EAST,57,Tamilaga Vettri Kazhagam,Yes 3,Graduate Professional,,,1,"3,00,00,000 ~ 3 Crore+",30000000,,,,1,"3,84,97,981 ~ 3 Crore+",38497981,,Y,5
950,http://myneta.info/TamilNadu2026/candidate.php?candidate_id=950,Mahendran K,92,MADURAI EAST,68,AIADMK,No,Graduate Professional,,,1,"2,11,82,000 ~ 2 Crore+",21182000,,,,1,"18,39,244 ~ 18 Lacs+",1839244,,Y,0
1186,http://myneta.info/TamilNadu2026/candidate.php?candidate_id=1186,Moorthy P,92,MADURAI EAST,67,DMK,No,12th Pass,,,1,"11,72,67,906 ~ 11 Crore+",117267906,,,,1,"1,39,25,677 ~ 1 Crore+",13925677,,Y,0
3674,http://myneta.info/TamilNadu2026/candidate.php?candidate_id=3674,Mugeshkumar M,92,MADURAI EAST,29,IND,No,Graduate Professional,,,1,0 ~,0,,,,1,0 ~,0,,Y,0
539,http://myneta.info/TamilNadu2026/candidate.php?candidate_id=539,Pitchai V,92,MADURAI EAST,59,IND,No,10th Pass,,,1,0 ~,0,,,,1,0 ~,0,,Y,0
542,http://myneta.info/TamilNadu2026/candidate.php?candidate_id=542,Prince S,92,MADURAI EAST,45,Republican Party of India (Athawale),No,Graduate,,,1,0 ~,0,,,,1,0 ~,0,,Y,0
81,http://myneta.info/TamilNadu2026/candidate.php?candidate_id=81,Selvam K,92,MADURAI EAST,46,Naam Tamilar Katchi,No,Graduate Professional,,,1,"1,20,00,000 ~ 1 Crore+",12000000,,,,1,"15,85,000 ~ 15 Lacs+",1585000,,Y,0
3675,http://myneta.info/TamilNadu2026/candidate.php?candidate_id=3675,Velladurai A,92,MADURAI EAST,60,IND,No,8th Pass,,,1,"21,00,000 ~ 21 Lacs+",2100000,,,,1,0 ~,0,,Y,0
2296,http://myneta.info/TamilNadu2026/candidate.php?candidate_id=2296,Ajay Subash.B,93,SHOLAVANDAN (SC),26,IND,No,Post Graduate,,,1,"8,01,55,000 ~ 8 Crore+",80155000,,,,1,"5,24,00,000 ~ 5 Crore+",52400000,,Y,0
2299,http://myneta.info/TamilNadu2026/candidate.php?candidate_id=2299,Balamurugan.C,93,SHOLAVANDAN (SC),34,IND,No,8th Pass,,,1,"4,00,000 ~ 4 Lacs+",400000,,,,1,0 ~,0,,Y,0
2293,http://myneta.info/TamilNadu2026/candidate.php?candidate_id=2293,Balamurugan.K,93,SHOLAVANDAN (SC),52,All India Puratchi Thalaivar Makkal Munnettra Kazhagam,No,Graduate Professional,,,1,"8,01,55,000 ~ 8 Crore+",80155000,,,,1,"5,24,00,000 ~ 5 Crore+",52400000,,Y,0
2300,http://myneta.info/TamilNadu2026/candidate.php?candidate_id=2300,Balamurugan.R,93,SHOLAVANDAN (SC),41,IND,No,12th Pass,,,1,"10,00,000 ~ 10 Lacs+",1000000,,,,1,0 ~,0,,N,0
2298,http://myneta.info/TamilNadu2026/candidate.php?candidate_id=2298,Gunasekaran.P,93,SHOLAVANDAN (SC),66,IND,No,12th Pass,,,1,"1,50,00,000 ~ 1 Crore+",15000000,,,,1,"73,75,000 ~ 73 Lacs+",7375000,,Y,0
954,http://myneta.info/TamilNadu2026/candidate.php?candidate_id=954,Karuppaiah.M.V,93,SHOLAVANDAN (SC),61,Tamilaga Vettri Kazhagam,No,Post Graduate,,,1,"2,50,00,000 ~ 2 Crore+",25000000,,,,1,"7,80,000 ~ 7 Lacs+",780000,,Y,0
2297,http://myneta.info/TamilNadu2026/candidate.php?candidate_id=2297,Krishnasamy.P,93,SHOLAVANDAN (SC),59,IND,No,8th Pass,,,1,"7,00,000 ~ 7 Lacs+",700000,,,,1,0 ~,0,,Y,0
149,http://myneta.info/TamilNadu2026/candidate.php?candidate_id=149,Nagalakshmi Thirumaran.T,93,SHOLAVANDAN (SC),38,Naam Tamilar Katchi,No,Graduate,,,1,"61,00,000 ~ 61 Lacs+",6100000,,,,1,"14,70,000 ~ 14 Lacs+",1470000,,Y,0
2294,http://myneta.info/TamilNadu2026/candidate.php?candidate_id=2294,Raghu.K,93,SHOLAVANDAN (SC),37,Puthiya Tamilagam,No,Post Graduate,,,1,"2,40,000 ~ 2 Lacs+",240000,,,,1,"16,00,000 ~ 16 Lacs+",1600000,,Y,0
2295,http://myneta.info/TamilNadu2026/candidate.php?candidate_id=2295,Ramadoss.C,93,SHOLAVANDAN (SC),49,Indhu Dravida Makkal Katchi,No,10th Pass,,,1,"2,00,000 ~ 2 Lacs+",200000,,,,1,"2,80,000 ~ 2 Lacs+",280000,,Y,0
2301,http://myneta.info/TamilNadu2026/candidate.php?candidate_id=2301,Ranjith Kumar.S,93,SHOLAVANDAN (SC),35,IND,Yes 1,Post Graduate,,,1,0 ~,0,,,,1,0 ~,0,,Y,1
2292,http://myneta.info/TamilNadu2026/candidate.php?candidate_id=2292,Thangapandi.P,93,SHOLAVANDAN (SC),55,Tamizhaga Vaazhvurimai Katchi,No,5th Pass,,,1,0 ~,0,,,,1,"4,50,000 ~ 4 Lacs+",450000,,Y,0
1240,http://myneta.info/TamilNadu2026/candidate.php?candidate_id=1240,Venkatesan.A,93,SHOLAVANDAN (SC),50,DMK,No,Graduate,,,1,"1,50,00,000 ~ 1 Crore+",15000000,,,,1,"71,81,557 ~ 71 Lacs+",7181557,,Y,0
256,http://myneta.info/TamilNadu2026/candidate.php?candidate_id=256,A.Kallanai,94,MADURAI NORTH,41,Tamilaga Vettri Kazhagam,Yes 2,Graduate,,,1,"1,51,50,000 ~ 1 Crore+",15150000,,,,1,"1,18,62,949 ~ 1 Crore+",11862949,,Y,0
2310,http://myneta.info/TamilNadu2026/candidate.php?candidate_id=2310,A.Rajangam,94,MADURAI NORTH,78,IND,No,Graduate Professional,,,1,"45,00,000 ~ 45 Lacs+",4500000,,,,1,0 ~,0,,Y,0
2307,http://myneta.info/TamilNadu2026/candidate.php?candidate_id=2307,C.Sathishkumar,94,MADURAI NORTH,37,IND,No,10th Pass,,,1,"45,00,000 ~ 45 Lacs+",4500000,,,,1,"33,50,000 ~ 33 Lacs+",3350000,,Y,0
2308,http://myneta.info/TamilNadu2026/candidate.php?candidate_id=2308,D.Mohamed Ismail,94,MADURAI NORTH,43,IND,No,5th Pass,,,1,0 ~,0,,,,1,"42,336 ~ 42 Thou+",42336,,Y,0
714,http://myneta.info/TamilNadu2026/candidate.php?candidate_id=714,G.Thalapathi,94,MADURAI NORTH,70,DMK,No,10th Pass,,,1,"18,04,47,370 ~ 18 Crore+",180447370,,,,1,"12,19,52,337 ~ 12 Crore+",121952337,,Y,0
2305,http://myneta.info/TamilNadu2026/candidate.php?candidate_id=2305,J.Kesavarajah,94,MADURAI NORTH,35,IND,No,Graduate,,,1,0 ~,0,,,,1,0 ~,0,,Y,0
2303,http://myneta.info/TamilNadu2026/candidate.php?candidate_id=2303,M J Voltaire,94,MADURAI NORTH,58,SUCI(C),No,Post Graduate,,,1,0 ~,0,,,,1,0 ~,0,,Y,0
2306,http://myneta.info/TamilNadu2026/candidate.php?candidate_id=2306,M.P.Sankarapandi,94,MADURAI NORTH,40,IND,No,5th Pass,,,1,"10,00,000 ~ 10 Lacs+",1000000,,,,1,0 ~,0,,Y,0
2304,http://myneta.info/TamilNadu2026/candidate.php?candidate_id=2304,N.Kuppusamy,94,MADURAI NORTH,44,IND,No,10th Pass,,,1,"26,00,000 ~ 26 Lacs+",2600000,,,,1,"4,47,500 ~ 4 Lacs+",447500,,Y,0
2309,http://myneta.info/TamilNadu2026/candidate.php?candidate_id=2309,P Muthusamy,94,MADURAI NORTH,56,IND,No,10th Pass,,,1,0 ~,0,,,,1,0 ~,0,,Y,0
741,http://myneta.info/TamilNadu2026/candidate.php?candidate_id=741,P.Saravanan,94,MADURAI NORTH,56,AIADMK,Yes 1,Post Graduate,,,1,"9,69,51,381 ~ 9 Crore+",96951381,,,,1,"1,53,48,715 ~ 1 Crore+",15348715,,Y,5
2302,http://myneta.info/TamilNadu2026/candidate.php?candidate_id=2302,R Rajkumar,94,MADURAI NORTH,48,Naam Indiar Party,No,10th Pass,,,1,"18,57,592 ~ 18 Lacs+",1857592,,,,1,"25,97,000 ~ 25 Lacs+",2597000,,Y,0
82,http://myneta.info/TamilNadu2026/candidate.php?candidate_id=82,V Thirunavukkarasu,94,MADURAI NORTH,44,Naam Tamilar Katchi,No,Post Graduate,,,1,"74,80,000 ~ 74 Lacs+",7480000,,,,1,"26,41,318 ~ 26 Lacs+",2641318,,Y,0
83,http://myneta.info/TamilNadu2026/candidate.php?candidate_id=83,B.M.Sumathy,95,MADURAI SOUTH,46,Naam Tamilar Katchi,No,Post Graduate,,,1,"1,00,000 ~ 1 Lacs+",100000,,,,1,"25,39,725 ~ 25 Lacs+",2539725,,Y,0
1562,http://myneta.info/TamilNadu2026/candidate.php?candidate_id=1562,K.Jeya,95,MADURAI SOUTH,49,IND,No,8th Pass,,,1,0 ~,0,,,,1,0 ~,0,,N,0
1187,http://myneta.info/TamilNadu2026/candidate.php?candidate_id=1187,M.Boominathan,95,MADURAI SOUTH,66,DMK,No,Literate,,,1,"7,74,28,355 ~ 7 Crore+",77428355,,,,1,"43,00,000 ~ 43 Lacs+",4300000,,Y,0
1561,http://myneta.info/TamilNadu2026/candidate.php?candidate_id=1561,M.M.Gopison,95,MADURAI SOUTH,40,Tamilaga Vettri Kazhagam,No,Post Graduate,,,1,"43,75,000 ~ 43 Lacs+",4375000,,,,1,"1,37,00,000 ~ 1 Crore+",13700000,,Y,0
1356,http://myneta.info/TamilNadu2026/candidate.php?candidate_id=1356,Raama Sreenivasan,95,MADURAI SOUTH,61,BJP,No,Doctorate,,,1,"2,10,79,050 ~ 2 Crore+",21079050,,,,1,"20,00,000 ~ 20 Lacs+",2000000,,Y,0
1560,http://myneta.info/TamilNadu2026/candidate.php?candidate_id=1560,S.Iruthyaraj,95,MADURAI SOUTH,45,Tamizhaga Vaazhvurimai Katchi,No,8th Pass,,,1,"37,62,000 ~ 37 Lacs+",3762000,,,,1,"10,10,000 ~ 10 Lacs+",1010000,,Y,0
548,http://myneta.info/TamilNadu2026/candidate.php?candidate_id=548,Abdul Hakeem K,96,MADURAI CENTRAL,39,Naam Tamilar Katchi,No,Post Graduate,,,1,"32,00,000 ~ 32 Lacs+",3200000,,,,1,"81,49,620 ~ 81 Lacs+",8149620,,Y,0
2713,http://myneta.info/TamilNadu2026/candidate.php?candidate_id=2713,Avadainathan V,96,MADURAI CENTRAL,73,IND,No,Doctorate,,,1,"40,00,000 ~ 40 Lacs+",4000000,,,,1,0 ~,0,,Y,0
2714,http://myneta.info/TamilNadu2026/candidate.php?candidate_id=2714,Guru Karthick T,96,MADURAI CENTRAL,29,IND,No,10th Pass,,,1,0 ~,0,,,,1,0 ~,0,,Y,0
827,http://myneta.info/TamilNadu2026/candidate.php?candidate_id=827,Madhar Badhurudeen S,96,MADURAI CENTRAL,42,Tamilaga Vettri Kazhagam,No,10th Pass,,,1,"2,20,00,000 ~ 2 Crore+",22000000,,,,1,0 ~,0,,Y,0
2717,http://myneta.info/TamilNadu2026/candidate.php?candidate_id=2717,Manivannan,96,MADURAI CENTRAL,50,IND,No,Graduate,,,1,0 ~,0,,,,1,0 ~,0,,Y,0
1185,http://myneta.info/TamilNadu2026/candidate.php?candidate_id=1185,Palanivel Thiaga Rajan,96,MADURAI CENTRAL,60,DMK,No,Doctorate,,,1,"18,44,91,675 ~ 18 Crore+",184491675,,,,1,0 ~,0,,Y,0
2718,http://myneta.info/TamilNadu2026/candidate.php?candidate_id=2718,Rajendran R,96,MADURAI CENTRAL,42,IND,No,Graduate,,,1,"2,20,000 ~ 2 Lacs+",220000,,,,1,"17,45,592 ~ 17 Lacs+",1745592,,Y,0
549,http://myneta.info/TamilNadu2026/candidate.php?candidate_id=549,Ramar Pandi T,96,MADURAI CENTRAL,41,BSP,No,Literate,,,1,0 ~,0,,,,1,0 ~,0,,Y,0
2712,http://myneta.info/TamilNadu2026/candidate.php?candidate_id=2712,Sakkaravarthy P,96,MADURAI CENTRAL,65,All India Puratchi Thalaivar Makkal Munnettra Kazhagam,No,Graduate,,,1,"61,00,000 ~ 61 Lacs+",6100000,,,,1,0 ~,0,,Y,0
2715,http://myneta.info/TamilNadu2026/candidate.php?candidate_id=2715,Saleem,96,MADURAI CENTRAL,53,IND,No,12th Pass,,,1,"48,00,000 ~ 48 Lacs+",4800000,,,,1,"19,91,000 ~ 19 Lacs+",1991000,,Y,0
2716,http://myneta.info/TamilNadu2026/candidate.php?candidate_id=2716,Sivaperumal V,96,MADURAI CENTRAL,43,IND,No,Post Graduate,,,1,0 ~,0,,,,1,0 ~,0,,Y,0
826,http://myneta.info/TamilNadu2026/candidate.php?candidate_id=826,Sundar C,96,MADURAI CENTRAL,58,AIADMK,No,10th Pass,,,1,"37,61,87,500 ~ 37 Crore+",376187500,,,,1,"6,87,29,709 ~ 6 Crore+",68729709,,Y,0
2720,http://myneta.info/TamilNadu2026/candidate.php?candidate_id=2720,Anandh K,97,MADURAI WEST,35,IND,No,Graduate,,,1,0 ~,0,,,,1,0 ~,0,,Y,0
1188,http://myneta.info/TamilNadu2026/candidate.php?candidate_id=1188,Balaji R,97,MADURAI WEST,44,DMK,No,Graduate Professional,,,1,"3,49,60,176 ~ 3 Crore+",34960176,,,,1,"2,87,68,916 ~ 2 Crore+",28768916,,Y,0
2719,http://myneta.info/TamilNadu2026/candidate.php?candidate_id=2719,Madurai Veeran S,97,MADURAI WEST,44,Tamizhaga Vaazhvurimai Katchi,No,12th Pass,,,1,0 ~,0,,,,1,"15,00,000 ~ 15 Lacs+",1500000,,Y,0
2722,http://myneta.info/TamilNadu2026/candidate.php?candidate_id=2722,Manoj Kumar R,97,MADURAI WEST,35,IND,No,Graduate,,,1,0 ~,0,,,,1,"8,00,000 ~ 8 Lacs+",800000,,Y,0
2724,http://myneta.info/TamilNadu2026/candidate.php?candidate_id=2724,Muthukumar D,97,MADURAI WEST,45,IND,No,Graduate Professional,,,1,0 ~,0,,,,1,0 ~,0,,Y,0
2723,http://myneta.info/TamilNadu2026/candidate.php?candidate_id=2723,Muthukumar S,97,MADURAI WEST,42,IND,No,10th Pass,,,1,"11,00,000 ~ 11 Lacs+",1100000,,,,1,0 ~,0,,Y,0
952,http://myneta.info/TamilNadu2026/candidate.php?candidate_id=952,Muthupandi R,97,MADURAI WEST,49,Vishwa Tamil Kazhagam,No,5th Pass,,,1,"25,00,000 ~ 25 Lacs+",2500000,,,,1,0 ~,0,,Y,0
2725,http://myneta.info/TamilNadu2026/candidate.php?candidate_id=2725,Rahamadullah S,97,MADURAI WEST,53,IND,No,Graduate Professional,,,1,0 ~,0,,,,1,0 ~,0,,Y,0
2726,http://myneta.info/TamilNadu2026/candidate.php?candidate_id=2726,Rajkumar S,97,MADURAI WEST,30,IND,No,Post Graduate,,,1,0 ~,0,,,,1,0 ~,0,,Y,0
1125,http://myneta.info/TamilNadu2026/candidate.php?candidate_id=1125,Sellur K Raju,97,MADURAI WEST,73,AIADMK,Yes 4,Graduate,,,1,"4,80,55,920 ~ 4 Crore+",48055920,,,,1,"1,07,63,716 ~ 1 Crore+",10763716,,Y,0
951,http://myneta.info/TamilNadu2026/candidate.php?candidate_id=951,Thangapandi Sr,97,MADURAI WEST,46,Tamilaga Vettri Kazhagam,Yes 3,8th Pass,,,1,"99,07,636 ~ 99 Lacs+",9907636,,,,1,"86,69,234 ~ 86 Lacs+",8669234,,Y,0
2721,http://myneta.info/TamilNadu2026/candidate.php?candidate_id=2721,Tharma Prabu V S,97,MADURAI WEST,43,IND,No,Graduate Professional,,,1,0 ~,0,,,,1,"2,35,000 ~ 2 Lacs+",235000,,Y,0
2727,http://myneta.info/TamilNadu2026/candidate.php?candidate_id=2727,Venkatesan M,97,MADURAI WEST,58,IND,No,Post Graduate,,,1,"35,94,800 ~ 35 Lacs+",3594800,,,,1,"28,90,616 ~ 28 Lacs+",2890616,,Y,0
84,http://myneta.info/TamilNadu2026/candidate.php?candidate_id=84,Vigneshkumar S,97,MADURAI WEST,29,Naam Tamilar Katchi,No,Graduate Professional,,,1,"45,00,000 ~ 45 Lacs+",4500000,,,,1,"28,00,000 ~ 28 Lacs+",2800000,,Y,0
2317,http://myneta.info/TamilNadu2026/candidate.php?candidate_id=2317,Arumugam. G.,98,THIRUPARANKUNDRAM,62,IND,Yes 1,Literate,,,1,0 ~,0,,,,1,"2,64,500 ~ 2 Lacs+",264500,,Y,0
2311,http://myneta.info/TamilNadu2026/candidate.php?candidate_id=2311,Chelladurai. R,98,THIRUPARANKUNDRAM,45,Naam Indiar Party,No,5th Pass,,,1,"6,00,000 ~ 6 Lacs+",600000,,,,1,"2,00,000 ~ 2 Lacs+",200000,,Y,0
750,http://myneta.info/TamilNadu2026/candidate.php?candidate_id=750,Kiruthiga Thangapandi,98,THIRUPARANKUNDRAM,35,DMK,Yes 3,Graduate Professional,,,1,"1,58,00,000 ~ 1 Crore+",15800000,,,,1,"4,26,56,575 ~ 4 Crore+",42656575,,Y,2
2315,http://myneta.info/TamilNadu2026/candidate.php?candidate_id=2315,Mookkayee. C.,98,THIRUPARANKUNDRAM,47,Ezhuchi Tamilargal Munnetra Kazhagam,No,Graduate,,,1,"30,00,000 ~ 30 Lacs+",3000000,,,,1,"5,50,000 ~ 5 Lacs+",550000,,Y,0
956,http://myneta.info/TamilNadu2026/candidate.php?candidate_id=956,Nirmalkumar. R.,98,THIRUPARANKUNDRAM,44,Tamilaga Vettri Kazhagam,Yes 2,Post Graduate,,,1,"21,19,25,000 ~ 21 Crore+",211925000,,,,1,0 ~,0,,Y,0
2319,http://myneta.info/TamilNadu2026/candidate.php?candidate_id=2319,Pounraj. N.,98,THIRUPARANKUNDRAM,31,IND,No,10th Pass,,,1,0 ~,0,,,,1,0 ~,0,,Y,0
2320,http://myneta.info/TamilNadu2026/candidate.php?candidate_id=2320,Raj. P.,98,THIRUPARANKUNDRAM,26,IND,Yes 1,Graduate Professional,,,1,0 ~,0,,,,1,"9,06,807 ~ 9 Lacs+",906807,,Y,0
957,http://myneta.info/TamilNadu2026/candidate.php?candidate_id=957,Rajanchellappa. V.V.,98,THIRUPARANKUNDRAM,75,AIADMK,Yes 1,Post Graduate,,,1,"9,34,09,611 ~ 9 Crore+",93409611,,,,1,"81,31,473 ~ 81 Lacs+",8131473,,Y,0
2316,http://myneta.info/TamilNadu2026/candidate.php?candidate_id=2316,Renganathan Doraisamy,98,THIRUPARANKUNDRAM,66,Rashtriya Samaj Dal (R),No,12th Pass,,,1,"22,00,000 ~ 22 Lacs+",2200000,,,,1,"4,50,000 ~ 4 Lacs+",450000,,Y,0
166,http://myneta.info/TamilNadu2026/candidate.php?candidate_id=166,Sathyadevi. T.,98,THIRUPARANKUNDRAM,38,Naam Tamilar Katchi,No,Doctorate,,,1,"47,70,000 ~ 47 Lacs+",4770000,,,,1,"32,83,000 ~ 32 Lacs+",3283000,,Y,0
2312,http://myneta.info/TamilNadu2026/candidate.php?candidate_id=2312,Sethuraman. A.,98,THIRUPARANKUNDRAM,55,Puthiya Tamilagam,Yes 1,Others,,,1,"7,00,000 ~ 7 Lacs+",700000,,,,1,"7,01,000 ~ 7 Lacs+",701000,,Y,2
2313,http://myneta.info/TamilNadu2026/candidate.php?candidate_id=2313,Syed Ibrahim. M.,98,THIRUPARANKUNDRAM,49,Tamizhaga Vaazhvurimai Katchi,Yes 1,Others,,,1,"30,00,000 ~ 30 Lacs+",3000000,,,,1,"26,68,000 ~ 26 Lacs+",2668000,,Y,2
2314,http://myneta.info/TamilNadu2026/candidate.php?candidate_id=2314,Thanapandian. T.,98,THIRUPARANKUNDRAM,54,All India Puratchi Thalaivar Makkal Munnettra Kazhagam,Yes 1,5th Pass,,,1,"1,50,00,000 ~ 1 Crore+",15000000,,,,1,"17,50,000 ~ 17 Lacs+",1750000,,Y,0
2318,http://myneta.info/TamilNadu2026/candidate.php?candidate_id=2318,Ukkra Pandian. S.,98,THIRUPARANKUNDRAM,33,IND,No,Post Graduate,,,1,0 ~,0,,,,1,0 ~,0,,Y,0
2321,http://myneta.info/TamilNadu2026/candidate.php?candidate_id=2321,Vallarasan. K.,98,THIRUPARANKUNDRAM,33,IND,No,Graduate Professional,,,1,0 ~,0,,,,1,"6,10,000 ~ 6 Lacs+",610000,,Y,0
2322,http://myneta.info/TamilNadu2026/candidate.php?candidate_id=2322,Alagar.A,99,THIRUMANGALAM,45,Ezhuchi Tamilargal Munnetra Kazhagam,No,8th Pass,,,1,"22,00,000 ~ 22 Lacs+",2200000,,,,1,0 ~,0,,Y,0
2325,http://myneta.info/TamilNadu2026/candidate.php?candidate_id=2325,Ayyanan.P,99,THIRUMANGALAM,52,IND,No,8th Pass,,,1,"3,00,000 ~ 3 Lacs+",300000,,,,1,0 ~,0,,Y,0
2329,http://myneta.info/TamilNadu2026/candidate.php?candidate_id=2329,Bharath.M,99,THIRUMANGALAM,42,IND,Yes 2,Graduate,,,1,"1,40,00,000 ~ 1 Crore+",14000000,,,,1,"48,05,000 ~ 48 Lacs+",4805000,,Y,0
2326,http://myneta.info/TamilNadu2026/candidate.php?candidate_id=2326,Girishkumar.A,99,THIRUMANGALAM,50,IND,No,Illiterate,,,1,0 ~,0,,,,1,0 ~,0,,N,0
2324,http://myneta.info/TamilNadu2026/candidate.php?candidate_id=2324,Jeevitha Nachiyar.B,99,THIRUMANGALAM,29,All India Puratchi Thalaivar Makkal Munnettra Kazhagam,Yes 1,Graduate Professional,,,1,"3,00,000 ~ 3 Lacs+",300000,,,,1,0 ~,0,,Y,0
2323,http://myneta.info/TamilNadu2026/candidate.php?candidate_id=2323,Kalaiselvi.R,99,THIRUMANGALAM,38,Ahila India Dhayaga Makkal Munnetra Katchi,No,8th Pass,,,1,0 ~,0,,,,1,0 ~,0,,Y,0
760,http://myneta.info/TamilNadu2026/candidate.php?candidate_id=760,Manimaran.M,99,THIRUMANGALAM,51,DMK,Yes 1,5th Pass,,,1,"2,49,21,597 ~ 2 Crore+",24921597,,,,1,"39,42,926 ~ 39 Lacs+",3942926,,Y,1
164,http://myneta.info/TamilNadu2026/candidate.php?candidate_id=164,Munish.N,99,THIRUMANGALAM,35,Naam Tamilar Katchi,No,Graduate Professional,,,1,"1,50,000 ~ 1 Lacs+",150000,,,,1,"4,50,000 ~ 4 Lacs+",450000,,Y,0
2331,http://myneta.info/TamilNadu2026/candidate.php?candidate_id=2331,Murugan.S,99,THIRUMANGALAM,49,IND,No,Literate,,,1,"13,00,000 ~ 13 Lacs+",1300000,,,,1,"18,73,000 ~ 18 Lacs+",1873000,,Y,0
2330,http://myneta.info/TamilNadu2026/candidate.php?candidate_id=2330,Muthuraja.M,99,THIRUMANGALAM,46,IND,No,Graduate Professional,,,1,0 ~,0,,,,1,0 ~,0,,Y,0
2328,http://myneta.info/TamilNadu2026/candidate.php?candidate_id=2328,Nagoor.M,99,THIRUMANGALAM,62,IND,No,Illiterate,,,1,0 ~,0,,,,1,0 ~,0,,N,0
2327,http://myneta.info/TamilNadu2026/candidate.php?candidate_id=2327,Sakkaravarthy.P,99,THIRUMANGALAM,45,IND,No,Post Graduate,,,1,"25,00,000 ~ 25 Lacs+",2500000,,,,1,"33,75,000 ~ 33 Lacs+",3375000,,Y,0
947,http://myneta.info/TamilNadu2026/candidate.php?candidate_id=947,Sathishkumar.N,99,THIRUMANGALAM,37,Tamilaga Vettri Kazhagam,Yes 1,12th Pass,,,1,"40,80,000 ~ 40 Lacs+",4080000,,,,1,"30,87,627 ~ 30 Lacs+",3087627,,Y,2
722,http://myneta.info/TamilNadu2026/candidate.php?candidate_id=722,Udhayakumar.R.B,99,THIRUMANGALAM,52,AIADMK,Yes 4,Post Graduate,,,1,"4,27,40,000 ~ 4 Crore+",42740000,,,,1,"64,70,287 ~ 64 Lacs+",6470287,,Y,0
2332,http://myneta.info/TamilNadu2026/candidate.php?candidate_id=2332,Vengateswaran.B,99,THIRUMANGALAM,43,IND,No,Graduate Professional,,,1,"2,00,000 ~ 2 Lacs+",200000,,,,1,"6,75,000 ~ 6 Lacs+",675000,,Y,0
2333,http://myneta.info/TamilNadu2026/candidate.php?candidate_id=2333,Abirami. D,100,USILAMPATTI,25,Naam Tamilar Katchi,No,Graduate,,,1,0 ~,0,,,,1,"5,90,000 ~ 5 Lacs+",590000,,Y,0
2334,http://myneta.info/TamilNadu2026/candidate.php?candidate_id=2334,Ayyappan. P,100,USILAMPATTI,60,All India Puratchi Thalaivar Makkal Munnettra Kazhagam,No,Graduate,,,1,"1,05,00,000 ~ 1 Crore+",10500000,,,,1,"29,70,000 ~ 29 Lacs+",2970000,,Y,0
2336,http://myneta.info/TamilNadu2026/candidate.php?candidate_id=2336,Dhanasekaran. T,100,USILAMPATTI,40,IND,No,12th Pass,,,1,"13,00,000 ~ 13 Lacs+",1300000,,,,1,"5,95,000 ~ 5 Lacs+",595000,,Y,0
2335,http://myneta.info/TamilNadu2026/candidate.php?candidate_id=2335,Kiranya. S,100,USILAMPATTI,25,IND,No,12th Pass,,,1,0 ~,0,,,,1,"1,09,900 ~ 1 Lacs+",109900,,Y,0
324,http://myneta.info/TamilNadu2026/candidate.php?candidate_id=324,Mahendran. I,100,USILAMPATTI,61,AIADMK,No,Graduate,,,1,"5,33,84,685 ~ 5 Crore+",53384685,,,,1,"5,58,93,427 ~ 5 Crore+",55893427,,Y,0
2340,http://myneta.info/TamilNadu2026/candidate.php?candidate_id=2340,Muthu. N,100,USILAMPATTI,39,IND,No,5th Pass,,,1,"10,00,000 ~ 10 Lacs+",1000000,,,,1,0 ~,0,,N,0
2339,http://myneta.info/TamilNadu2026/candidate.php?candidate_id=2339,Praveena. S,100,USILAMPATTI,46,IND,No,Graduate,,,1,"1,31,50,000 ~ 1 Crore+",13150000,,,,1,"3,97,61,192 ~ 3 Crore+",39761192,,Y,0
1302,http://myneta.info/TamilNadu2026/candidate.php?candidate_id=1302,Saravanakumar. T,100,USILAMPATTI,48,INC,No,Graduate Professional,,,1,"1,31,50,000 ~ 1 Crore+",13150000,,,,1,"3,97,61,192 ~ 3 Crore+",39761192,,Y,0
2337,http://myneta.info/TamilNadu2026/candidate.php?candidate_id=2337,Thiagarajan. O. V,100,USILAMPATTI,48,IND,No,Graduate,,,1,"2,00,000 ~ 2 Lacs+",200000,,,,1,0 ~,0,,Y,0
2338,http://myneta.info/TamilNadu2026/candidate.php?candidate_id=2338,Thirumoorthy. A,100,USILAMPATTI,52,IND,No,Graduate,,,1,"16,80,000 ~ 16 Lacs+",1680000,,,,1,0 ~,0,,Y,0
325,http://myneta.info/TamilNadu2026/candidate.php?candidate_id=325,Vellaipandi. V,100,USILAMPATTI,61,BSP,No,Post Graduate,,,1,"35,00,000 ~ 35 Lacs+",3500000,,,,1,"20,00,000 ~ 20 Lacs+",2000000,,Y,0
958,http://myneta.info/TamilNadu2026/candidate.php?candidate_id=958,Vijay. M,100,USILAMPATTI,40,Tamilaga Vettri Kazhagam,No,Graduate Professional,,,1,"19,30,000 ~ 19 Lacs+",1930000,,,,1,"47,21,455 ~ 47 Lacs+",4721455,,Y,0
2729,http://myneta.info/TamilNadu2026/candidate.php?candidate_id=2729,Babusankar.R,102,SIRKAZHI (SC),58,Our Mahathma National Party,No,8th Pass,,,1,0 ~,0,,,,1,"80,000 ~ 80 Thou+",80000,,Y,0
2728,http://myneta.info/TamilNadu2026/candidate.php?candidate_id=2728,Gajendran.Kanaga,102,SIRKAZHI (SC),48,BSP,No,Graduate Professional,,,1,"40,00,000 ~ 40 Lacs+",4000000,,,,1,"26,00,000 ~ 26 Lacs+",2600000,,Y,0
964,http://myneta.info/TamilNadu2026/candidate.php?candidate_id=964,Gopinath.S,102,SIRKAZHI (SC),36,Tamilaga Vettri Kazhagam,No,Graduate Professional,,,1,"18,00,000 ~ 18 Lacs+",1800000,,,,1,"2,11,000 ~ 2 Lacs+",211000,,Y,0
2731,http://myneta.info/TamilNadu2026/candidate.php?candidate_id=2731,Malathi.A,102,SIRKAZHI (SC),48,All India Puratchi Thalaivar Makkal Munnettra Kazhagam,No,Illiterate,,,1,0 ~,0,,,,1,"3,80,000 ~ 3 Lacs+",380000,,Y,0
965,http://myneta.info/TamilNadu2026/candidate.php?candidate_id=965,Pandiyan.C.R,102,SIRKAZHI (SC),50,Indhu Dravida Makkal Katchi,No,10th Pass,,,1,"9,00,000 ~ 9 Lacs+",900000,,,,1,0 ~,0,,Y,0
2730,http://myneta.info/TamilNadu2026/candidate.php?candidate_id=2730,Pethaperumal.K,102,SIRKAZHI (SC),44,Tamizhaga Vaazhvurimai Katchi,No,12th Pass,,,1,"5,00,000 ~ 5 Lacs+",500000,,,,1,"2,00,000 ~ 2 Lacs+",200000,,Y,0
967,http://myneta.info/TamilNadu2026/candidate.php?candidate_id=967,Sakthi.M,102,SIRKAZHI (SC),51,AIADMK,Yes 1,Post Graduate,,,1,"1,11,70,350 ~ 1 Crore+",11170350,,,,1,"1,09,18,490 ~ 1 Crore+",10918490,,Y,0
966,http://myneta.info/TamilNadu2026/candidate.php?candidate_id=966,Senthilselvan.R,102,SIRKAZHI (SC),58,DMK,No,Post Graduate,,,1,"65,20,000 ~ 65 Lacs+",6520000,,,,1,"89,45,079 ~ 89 Lacs+",8945079,,Y,0
153,http://myneta.info/TamilNadu2026/candidate.php?candidate_id=153,Subash.R,102,SIRKAZHI (SC),28,Naam Tamilar Katchi,Yes 1,Graduate,,,1,0 ~,0,,,,1,"4,24,000 ~ 4 Lacs+",424000,,Y,0
2732,http://myneta.info/TamilNadu2026/candidate.php?candidate_id=2732,Tamilventhan.R,102,SIRKAZHI (SC),33,IND,Yes 2,Others,,,1,0 ~,0,,,,1,"2,74,518 ~ 2 Lacs+",274518,,Y,0
3153,http://myneta.info/TamilNadu2026/candidate.php?candidate_id=3153,Ananthakumar. R,103,MAYILADUTHURAI,34,IND,No,10th Pass,,,1,0 ~,0,,,,1,0 ~,0,,N,0
3150,http://myneta.info/TamilNadu2026/candidate.php?candidate_id=3150,Aravaazhi. K,103,MAYILADUTHURAI,60,All India Jananayaka Makkal Kazhagam,No,Doctorate,,,1,"1,30,00,000 ~ 1 Crore+",13000000,,,,1,"15,30,000 ~ 15 Lacs+",1530000,,Y,0
3160,http://myneta.info/TamilNadu2026/candidate.php?candidate_id=3160,Bharathiraja. B,103,MAYILADUTHURAI,49,IND,No,10th Pass,,,1,"15,00,000 ~ 15 Lacs+",1500000,,,,1,"10,00,000 ~ 10 Lacs+",1000000,,Y,0
3154,http://myneta.info/TamilNadu2026/candidate.php?candidate_id=3154,Gangadharan. R,103,MAYILADUTHURAI,43,IND,No,12th Pass,,,1,0 ~,0,,,,1,0 ~,0,,Y,0
3155,http://myneta.info/TamilNadu2026/candidate.php?candidate_id=3155,Gobala Krishnan. S,103,MAYILADUTHURAI,41,IND,No,5th Pass,,,1,0 ~,0,,,,1,"3,17,000 ~ 3 Lacs+",317000,,Y,0
268,http://myneta.info/TamilNadu2026/candidate.php?candidate_id=268,Haroon Rasheed. S.S,103,MAYILADUTHURAI,54,Tamilaga Vettri Kazhagam,No,Post Graduate,,,1,0 ~,0,,,,1,"25,66,420 ~ 25 Lacs+",2566420,,Y,0
3163,http://myneta.info/TamilNadu2026/candidate.php?candidate_id=3163,Jamal Mohamed,103,MAYILADUTHURAI,62,IND,No,8th Pass,,,1,0 ~,0,,,,1,"3,00,000 ~ 3 Lacs+",300000,,Y,0
1191,http://myneta.info/TamilNadu2026/candidate.php?candidate_id=1191,Jamal Mohamed Younoos. Y.N,103,MAYILADUTHURAI,38,INC,No,10th Pass,,,1,"7,60,00,000 ~ 7 Crore+",76000000,,,,1,"75,47,500 ~ 75 Lacs+",7547500,,Y,0
3151,http://myneta.info/TamilNadu2026/candidate.php?candidate_id=3151,Karthick. A,103,MAYILADUTHURAI,43,Samaniya Makkal Nala Katchi,No,8th Pass,,,1,0 ~,0,,,,1,0 ~,0,,Y,0
93,http://myneta.info/TamilNadu2026/candidate.php?candidate_id=93,Kasiraman. K,103,MAYILADUTHURAI,53,Naam Tamilar Katchi,No,Others,,,1,"3,25,00,000 ~ 3 Crore+",32500000,,,,1,0 ~,0,,Y,0
3152,http://myneta.info/TamilNadu2026/candidate.php?candidate_id=3152,Manimaran,103,MAYILADUTHURAI,64,Veerath Thiyagi Viswanathadoss Thozhilalarkal Katchi,No,Others,,,1,"45,00,000 ~ 45 Lacs+",4500000,,,,1,0 ~,0,,Y,0
3158,http://myneta.info/TamilNadu2026/candidate.php?candidate_id=3158,Natarajan. R,103,MAYILADUTHURAI,63,IND,No,10th Pass,,,1,0 ~,0,,,,1,0 ~,0,,Y,0
3159,http://myneta.info/TamilNadu2026/candidate.php?candidate_id=3159,Navanitham. S,103,MAYILADUTHURAI,45,IND,No,8th Pass,,,1,"15,00,000 ~ 15 Lacs+",1500000,,,,1,"21,00,000 ~ 21 Lacs+",2100000,,Y,0
1192,http://myneta.info/TamilNadu2026/candidate.php?candidate_id=1192,Palanisamy. A,103,MAYILADUTHURAI,50,Pattali Makkal Katchi,Yes 6,Graduate,,,1,"10,00,000 ~ 10 Lacs+",1000000,,,,1,"3,07,112 ~ 3 Lacs+",307112,,Y,2
3161,http://myneta.info/TamilNadu2026/candidate.php?candidate_id=3161,Ramkumar. S,103,MAYILADUTHURAI,34,IND,No,Graduate Professional,,,1,"1,00,00,000 ~ 1 Crore+",10000000,,,,1,"30,00,000 ~ 30 Lacs+",3000000,,Y,0
3156,http://myneta.info/TamilNadu2026/candidate.php?candidate_id=3156,Sampath. L,103,MAYILADUTHURAI,64,IND,No,12th Pass,,,1,0 ~,0,,,,1,0 ~,0,,Y,0
959,http://myneta.info/TamilNadu2026/candidate.php?candidate_id=959,Saravanan. K,103,MAYILADUTHURAI,35,Tamizhaga Vaazhvurimai Katchi,Yes 1,Graduate,,,1,0 ~,0,,,,1,"2,00,000 ~ 2 Lacs+",200000,,Y,0
3157,http://myneta.info/TamilNadu2026/candidate.php?candidate_id=3157,Thimothy. T,103,MAYILADUTHURAI,63,IND,No,5th Pass,,,1,0 ~,0,,,,1,0 ~,0,,Y,0
3162,http://myneta.info/TamilNadu2026/candidate.php?candidate_id=3162,Veerasamy. T,103,MAYILADUTHURAI,58,IND,No,8th Pass,,,1,0 ~,0,,,,1,0 ~,0,,Y,0
960,http://myneta.info/TamilNadu2026/candidate.php?candidate_id=960,Venkatesan. K,103,MAYILADUTHURAI,50,BSP,No,Graduate,,,1,0 ~,0,,,,1,0 ~,0,,Y,0
2734,http://myneta.info/TamilNadu2026/candidate.php?candidate_id=2734,Anandaraj. D,104,POOMPUHAR,30,IND,No,Others,,,1,0 ~,0,,,,1,0 ~,0,,Y,0
131,http://myneta.info/TamilNadu2026/candidate.php?candidate_id=131,Ilayanagulan. K,104,POOMPUHAR,41,Naam Tamilar Katchi,No,Post Graduate,,,1,0 ~,0,,,,1,"17,00,000 ~ 17 Lacs+",1700000,,Y,0
2735,http://myneta.info/TamilNadu2026/candidate.php?candidate_id=2735,Inbaraj. T,104,POOMPUHAR,46,IND,No,8th Pass,,,1,0 ~,0,,,,1,"3,73,558 ~ 3 Lacs+",373558,,Y,0
2737,http://myneta.info/TamilNadu2026/candidate.php?candidate_id=2737,Maya Venkatesan. M,104,POOMPUHAR,53,IND,Yes 12,8th Pass,,,1,"10,07,75,000 ~ 10 Crore+",100775000,,,,1,"71,49,846 ~ 71 Lacs+",7149846,,Y,22
2739,http://myneta.info/TamilNadu2026/candidate.php?candidate_id=2739,Mujibur Rahman. E.M.M,104,POOMPUHAR,53,IND,No,10th Pass,,,1,"74,00,000 ~ 74 Lacs+",7400000,,,,1,0 ~,0,,Y,0
2738,http://myneta.info/TamilNadu2026/candidate.php?candidate_id=2738,Murugan. S,104,POOMPUHAR,48,IND,No,12th Pass,,,1,0 ~,0,,,,1,0 ~,0,,Y,0
1347,http://myneta.info/TamilNadu2026/candidate.php?candidate_id=1347,Nivedha M Murugan,104,POOMPUHAR,61,DMK,Yes 1,8th Pass,,,1,"9,39,58,519 ~ 9 Crore+",93958519,,,,1,"11,65,67,350 ~ 11 Crore+",116567350,,Y,0
2736,http://myneta.info/TamilNadu2026/candidate.php?candidate_id=2736,Noor Nisha. M,104,POOMPUHAR,53,IND,No,12th Pass,,,1,0 ~,0,,,,1,"1,65,000 ~ 1 Lacs+",165000,,N,0
1223,http://myneta.info/TamilNadu2026/candidate.php?candidate_id=1223,Pavunraj. S,104,POOMPUHAR,69,AIADMK,Yes 4,10th Pass,,,1,"1,73,00,000 ~ 1 Crore+",17300000,,,,1,"78,69,739 ~ 78 Lacs+",7869739,,Y,6
963,http://myneta.info/TamilNadu2026/candidate.php?candidate_id=963,Prabakaran. V,104,POOMPUHAR,33,BSP,No,10th Pass,,,1,0 ~,0,,,,1,"54,000 ~ 54 Thou+",54000,,Y,0
2733,http://myneta.info/TamilNadu2026/candidate.php?candidate_id=2733,Puratchidasan. T,104,POOMPUHAR,40,Anaithinthiya Anna Dravida Makkal Seyal katchi,No,10th Pass,,,1,0 ~,0,,,,1,0 ~,0,,Y,0
2740,http://myneta.info/TamilNadu2026/candidate.php?candidate_id=2740,Shangamiththiran. A,104,POOMPUHAR,51,IND,Yes 9,Post Graduate,,,1,0 ~,0,,,,1,0 ~,0,,Y,1
962,http://myneta.info/TamilNadu2026/candidate.php?candidate_id=962,Vijayalaiyan. J,104,POOMPUHAR,38,Tamilaga Vettri Kazhagam,No,8th Pass,,,1,"6,00,000 ~ 6 Lacs+",600000,,,,1,"21,11,000 ~ 21 Lacs+",2111000,,Y,0
102,http://myneta.info/TamilNadu2026/candidate.php?candidate_id=102,Fathima Farhana.S,105,NAGAPATTINAM,31,Naam Tamilar Katchi,No,Post Graduate,,,1,0 ~,0,,,,1,"1,50,000 ~ 1 Lacs+",150000,,Y,0
2341,http://myneta.info/TamilNadu2026/candidate.php?candidate_id=2341,J.V.Durai,105,NAGAPATTINAM,48,All India Youth Development Party,Yes 1,Others,,,1,0 ~,0,,,,1,"26,500 ~ 26 Thou+",26500,,Y,1
2342,http://myneta.info/TamilNadu2026/candidate.php?candidate_id=2342,K.Rajasekar,105,NAGAPATTINAM,38,Puthiya Tamilagam,No,8th Pass,,,1,"4,00,000 ~ 4 Lacs+",400000,,,,1,"5,00,000 ~ 5 Lacs+",500000,,Y,0
1199,http://myneta.info/TamilNadu2026/candidate.php?candidate_id=1199,M.H.Jawahirullah,105,NAGAPATTINAM,66,DMK,Yes 5,Doctorate,,,1,"3,85,00,000 ~ 3 Crore+",38500000,,,,1,0 ~,0,,Y,0
2344,http://myneta.info/TamilNadu2026/candidate.php?candidate_id=2344,M.Iyyankalai,105,NAGAPATTINAM,53,IND,No,8th Pass,,,1,0 ~,0,,,,1,"4,90,000 ~ 4 Lacs+",490000,,Y,0
961,http://myneta.info/TamilNadu2026/candidate.php?candidate_id=961,M.Sugumar,105,NAGAPATTINAM,48,Tamilaga Vettri Kazhagam,Yes 12,5th Pass,,,1,0 ~,0,,,,1,"4,47,000 ~ 4 Lacs+",447000,,Y,0
2347,http://myneta.info/TamilNadu2026/candidate.php?candidate_id=2347,N P Bhashgaran,105,NAGAPATTINAM,56,IND,Yes 4,10th Pass,,,1,0 ~,0,,,,1,"15,56,000 ~ 15 Lacs+",1556000,,Y,3
2349,http://myneta.info/TamilNadu2026/candidate.php?candidate_id=2349,N.Vijayaragavan,105,NAGAPATTINAM,40,IND,Yes 3,Graduate,,,1,"9,00,000 ~ 9 Lacs+",900000,,,,1,"5,00,958 ~ 5 Lacs+",500958,,Y,0
2348,http://myneta.info/TamilNadu2026/candidate.php?candidate_id=2348,S.Prem,105,NAGAPATTINAM,45,IND,No,10th Pass,,,1,"2,00,000 ~ 2 Lacs+",200000,,,,1,"1,44,255 ~ 1 Lacs+",144255,,Y,0
2346,http://myneta.info/TamilNadu2026/candidate.php?candidate_id=2346,Sakthivel,105,NAGAPATTINAM,47,IND,No,5th Pass,,,1,"27,00,000 ~ 27 Lacs+",2700000,,,,1,"1,57,562 ~ 1 Lacs+",157562,,Y,0
2345,http://myneta.info/TamilNadu2026/candidate.php?candidate_id=2345,T.Kathiravan,105,NAGAPATTINAM,38,IND,No,Post Graduate,,,1,0 ~,0,,,,1,0 ~,0,,Y,0
729,http://myneta.info/TamilNadu2026/candidate.php?candidate_id=729,Thanka.Kathiravan,105,NAGAPATTINAM,56,AIADMK,Yes 1,Post Graduate,,,1,"1,38,00,000 ~ 1 Crore+",13800000,,,,1,0 ~,0,,Y,0
2343,http://myneta.info/TamilNadu2026/candidate.php?candidate_id=2343,Vallabadas.E,105,NAGAPATTINAM,60,Tamizhaga Vaazhvurimai Katchi,Yes 1,Post Graduate,,,1,"1,00,000 ~ 1 Lacs+",100000,,,,1,0 ~,0,,Y,0
2352,http://myneta.info/TamilNadu2026/candidate.php?candidate_id=2352,Jaivishnudevi. M,106,KILVELUR,46,IND,No,Graduate,,,1,"8,00,000 ~ 8 Lacs+",800000,,,,1,"11,35,200 ~ 11 Lacs+",1135200,,Y,0
67,http://myneta.info/TamilNadu2026/candidate.php?candidate_id=67,Karthika. M,106,KILVELUR,36,Naam Tamilar Katchi,Yes 1,Graduate Professional,,,1,"1,30,00,000 ~ 1 Crore+",13000000,,,,1,"1,00,50,000 ~ 1 Crore+",10050000,,Y,0
733,http://myneta.info/TamilNadu2026/candidate.php?candidate_id=733,Latha. T,106,KILVELUR,46,CPI(M),Yes 1,10th Pass,,,1,"44,53,250 ~ 44 Lacs+",4453250,,,,1,"33,05,000 ~ 33 Lacs+",3305000,,Y,0
1175,http://myneta.info/TamilNadu2026/candidate.php?candidate_id=1175,Senthil Pandian. P,106,KILVELUR,59,Tamilaga Vettri Kazhagam,No,Graduate,,,1,"23,00,000 ~ 23 Lacs+",2300000,,,,1,0 ~,0,,Y,0
2350,http://myneta.info/TamilNadu2026/candidate.php?candidate_id=2350,Surenthar. K,106,KILVELUR,32,Puthiya Tamilagam,No,Graduate,,,1,"5,00,000 ~ 5 Lacs+",500000,,,,1,"2,00,000 ~ 2 Lacs+",200000,,Y,0
1176,http://myneta.info/TamilNadu2026/candidate.php?candidate_id=1176,Vadivel Ravanan. S,106,KILVELUR,73,Pattali Makkal Katchi,No,10th Pass,,,1,0 ~,0,,,,1,0 ~,0,,Y,0
2351,http://myneta.info/TamilNadu2026/candidate.php?candidate_id=2351,Vedha Mukundhan,106,KILVELUR,51,Aanaithinthiya Jananayaka Pathukappu Kazhagam,No,Post Graduate,,,1,"1,70,00,000 ~ 1 Crore+",17000000,,,,1,"9,00,000 ~ 9 Lacs+",900000,,Y,0
1768,http://myneta.info/TamilNadu2026/candidate.php?candidate_id=1768,Gowthaman. M,107,VEDHARANYAM,35,IND,No,Others,,,1,"3,00,000 ~ 3 Lacs+",300000,,,,1,"3,00,000 ~ 3 Lacs+",300000,,Y,0
211,http://myneta.info/TamilNadu2026/candidate.php?candidate_id=211,Karthick. T,107,VEDHARANYAM,35,Naam Tamilar Katchi,Yes 12,Graduate Professional,,,1,"20,000 ~ 20 Thou+",20000,,,,1,0 ~,0,,Y,7
968,http://myneta.info/TamilNadu2026/candidate.php?candidate_id=968,Kingsly Gerald. A,107,VEDHARANYAM,49,Tamilaga Vettri Kazhagam,Yes 2,Graduate Professional,,,1,"4,16,64,050 ~ 4 Crore+",41664050,,,,1,"1,29,65,396 ~ 1 Crore+",12965396,,Y,3
1766,http://myneta.info/TamilNadu2026/candidate.php?candidate_id=1766,Lingeswaran. M,107,VEDHARANYAM,44,All India Puratchi Thalaivar Makkal Munnettra Kazhagam,No,Graduate,,,1,"2,05,00,000 ~ 2 Crore+",20500000,,,,1,"13,80,000 ~ 13 Lacs+",1380000,,Y,0
970,http://myneta.info/TamilNadu2026/candidate.php?candidate_id=970,Manian. O.S,107,VEDHARANYAM,72,AIADMK,No,12th Pass,,,1,"71,23,000 ~ 71 Lacs+",7123000,,,,1,"32,84,220 ~ 32 Lacs+",3284220,,Y,0
969,http://myneta.info/TamilNadu2026/candidate.php?candidate_id=969,Pugazhendi. M,107,VEDHARANYAM,57,DMK,No,10th Pass,,,1,"80,50,000 ~ 80 Lacs+",8050000,,,,1,"12,00,000 ~ 12 Lacs+",1200000,,Y,0
1767,http://myneta.info/TamilNadu2026/candidate.php?candidate_id=1767,Rajasimman. D,107,VEDHARANYAM,52,IND,Yes 3,Others,,,1,"1,14,00,000 ~ 1 Crore+",11400000,,,,1,"7,75,000 ~ 7 Lacs+",775000,,Y,6
1769,http://myneta.info/TamilNadu2026/candidate.php?candidate_id=1769,Sathiyaseelan. M,107,VEDHARANYAM,35,IND,No,10th Pass,,,1,"20,32,000 ~ 20 Lacs+",2032000,,,,1,"10,90,448 ~ 10 Lacs+",1090448,,Y,0
1770,http://myneta.info/TamilNadu2026/candidate.php?candidate_id=1770,Selvakumar. S,107,VEDHARANYAM,40,IND,No,5th Pass,,,1,0 ~,0,,,,1,"1,20,000 ~ 1 Lacs+",120000,,Y,0
1771,http://myneta.info/TamilNadu2026/candidate.php?candidate_id=1771,Thivaskar. B,107,VEDHARANYAM,35,IND,Yes 1,Graduate Professional,,,1,"48,35,200 ~ 48 Lacs+",4835200,,,,1,"16,32,900 ~ 16 Lacs+",1632900,,Y,0
1772,http://myneta.info/TamilNadu2026/candidate.php?candidate_id=1772,Veerakumar. V,107,VEDHARANYAM,37,IND,No,5th Pass,,,1,"15,00,000 ~ 15 Lacs+",1500000,,,,1,0 ~,0,,Y,0
3168,http://myneta.info/TamilNadu2026/candidate.php?candidate_id=3168,Ampulimadhan M,108,RASIPURAM(SC),31,IND,No,Graduate Professional,,,1,0 ~,0,,,,1,0 ~,0,,Y,0
3164,http://myneta.info/TamilNadu2026/candidate.php?candidate_id=3164,Arulkumar P,108,RASIPURAM(SC),27,Ganasangam Party of India,No,Graduate,,,1,0 ~,0,,,,1,0 ~,0,,Y,0
396,http://myneta.info/TamilNadu2026/candidate.php?candidate_id=396,Arulraju G,108,RASIPURAM(SC),54,Anaithinthiya Anna Dravida Makkal Seyal katchi,No,Graduate Professional,,,1,0 ~,0,,,,1,0 ~,0,,Y,0
3175,http://myneta.info/TamilNadu2026/candidate.php?candidate_id=3175,Jayanthi M,108,RASIPURAM(SC),54,IND,No,Post Graduate,,,1,0 ~,0,,,,1,0 ~,0,,Y,0
3165,http://myneta.info/TamilNadu2026/candidate.php?candidate_id=3165,Krishnamoorthi P,108,RASIPURAM(SC),35,Tamizhaga Vaazhvurimai Katchi,No,12th Pass,,,1,"16,00,000 ~ 16 Lacs+",1600000,,,,1,"2,31,643 ~ 2 Lacs+",231643,,Y,0
974,http://myneta.info/TamilNadu2026/candidate.php?candidate_id=974,Logesh Tamilselvan D,108,RASIPURAM(SC),42,Tamilaga Vettri Kazhagam,No,Post Graduate,,,1,"1,75,00,000 ~ 1 Crore+",17500000,,,,1,"19,62,518 ~ 19 Lacs+",1962518,,Y,0
3172,http://myneta.info/TamilNadu2026/candidate.php?candidate_id=3172,Manikandan C,108,RASIPURAM(SC),35,IND,No,Post Graduate,,,1,"6,85,100 ~ 6 Lacs+",685100,,,,1,"3,78,740 ~ 3 Lacs+",378740,,Y,0
395,http://myneta.info/TamilNadu2026/candidate.php?candidate_id=395,Mathiventhan M Dr,108,RASIPURAM(SC),41,DMK,No,Post Graduate,,,1,"1,40,00,000 ~ 1 Crore+",14000000,,,,1,"1,77,21,211 ~ 1 Crore+",17721211,,Y,0
3166,http://myneta.info/TamilNadu2026/candidate.php?candidate_id=3166,Muniyappan M,108,RASIPURAM(SC),40,Puthiya Tamilagam,No,Graduate,,,1,0 ~,0,,,,1,"2,60,000 ~ 2 Lacs+",260000,,Y,0
3173,http://myneta.info/TamilNadu2026/candidate.php?candidate_id=3173,Murugesan A,108,RASIPURAM(SC),49,IND,Yes 1,10th Pass,,,1,"15,00,000 ~ 15 Lacs+",1500000,,,,1,"7,34,000 ~ 7 Lacs+",734000,,Y,0
3171,http://myneta.info/TamilNadu2026/candidate.php?candidate_id=3171,Nagarajan K,108,RASIPURAM(SC),51,IND,No,12th Pass,,,1,0 ~,0,,,,1,"1,98,000 ~ 1 Lacs+",198000,,Y,0
397,http://myneta.info/TamilNadu2026/candidate.php?candidate_id=397,Neppoliyan K,108,RASIPURAM(SC),32,IND,Yes 1,Graduate Professional,,,1,0 ~,0,,,,1,0 ~,0,,Y,0
1342,http://myneta.info/TamilNadu2026/candidate.php?candidate_id=1342,Premkumar S D,108,RASIPURAM(SC),46,BJP,No,Graduate Professional,,,1,"10,05,000 ~ 10 Lacs+",1005000,,,,1,"4,05,15,422 ~ 4 Crore+",40515422,,Y,0
3174,http://myneta.info/TamilNadu2026/candidate.php?candidate_id=3174,Rajeshkannan R,108,RASIPURAM(SC),44,IND,No,12th Pass,,,1,0 ~,0,,,,1,0 ~,0,,Y,0
137,http://myneta.info/TamilNadu2026/candidate.php?candidate_id=137,Sasikala S,108,RASIPURAM(SC),36,Naam Tamilar Katchi,No,Graduate,,,1,"14,50,000 ~ 14 Lacs+",1450000,,,,1,"3,92,000 ~ 3 Lacs+",392000,,Y,0
3170,http://myneta.info/TamilNadu2026/candidate.php?candidate_id=3170,Tamilazhagan M,108,RASIPURAM(SC),31,IND,No,Others,,,1,0 ~,0,,,,1,"1,75,000 ~ 1 Lacs+",175000,,Y,0
3169,http://myneta.info/TamilNadu2026/candidate.php?candidate_id=3169,Thangamani S,108,RASIPURAM(SC),35,IND,No,8th Pass,,,1,0 ~,0,,,,1,0 ~,0,,N,0
1487,http://myneta.info/TamilNadu2026/candidate.php?candidate_id=1487,A Balamugan,109,SENTHAMANGALAM(ST),43,IND,No,Post Graduate,,,1,0 ~,0,,,,1,0 ~,0,,Y,0
1239,http://myneta.info/TamilNadu2026/candidate.php?candidate_id=1239,C Chandrasekaran,109,SENTHAMANGALAM(ST),59,AIADMK,Yes 3,10th Pass,,,1,"2,69,10,000 ~ 2 Crore+",26910000,,,,1,"1,50,000 ~ 1 Lacs+",150000,,Y,4
1484,http://myneta.info/TamilNadu2026/candidate.php?candidate_id=1484,C Jaganathan,109,SENTHAMANGALAM(ST),40,All India Puratchi Thalaivar Makkal Munnettra Kazhagam,No,Others,,,1,"15,00,000 ~ 15 Lacs+",1500000,,,,1,"16,60,000 ~ 16 Lacs+",1660000,,Y,0
1485,http://myneta.info/TamilNadu2026/candidate.php?candidate_id=1485,C Suthan,109,SENTHAMANGALAM(ST),29,IND,No,10th Pass,,,1,0 ~,0,,,,1,0 ~,0,,Y,0
1488,http://myneta.info/TamilNadu2026/candidate.php?candidate_id=1488,E Manikandan,109,SENTHAMANGALAM(ST),27,IND,No,Post Graduate,,,1,0 ~,0,,,,1,0 ~,0,,Y,0
1482,http://myneta.info/TamilNadu2026/candidate.php?candidate_id=1482,K Duraisamy,109,SENTHAMANGALAM(ST),65,Ganasangam Party of India,No,Post Graduate,,,1,"45,00,000 ~ 45 Lacs+",4500000,,,,1,"15,28,000 ~ 15 Lacs+",1528000,,Y,0
1489,http://myneta.info/TamilNadu2026/candidate.php?candidate_id=1489,K Ramesh,109,SENTHAMANGALAM(ST),40,IND,No,10th Pass,,,1,0 ~,0,,,,1,0 ~,0,,Y,0
1486,http://myneta.info/TamilNadu2026/candidate.php?candidate_id=1486,M Swaminathan,109,SENTHAMANGALAM(ST),46,IND,No,8th Pass,,,1,"2,50,000 ~ 2 Lacs+",250000,,,,1,"4,50,000 ~ 4 Lacs+",450000,,Y,0
775,http://myneta.info/TamilNadu2026/candidate.php?candidate_id=775,P Chandrasekar,109,SENTHAMANGALAM(ST),52,Tamilaga Vettri Kazhagam,No,Graduate Professional,,,1,0 ~,0,,,,1,"12,00,000 ~ 12 Lacs+",1200000,,Y,0
393,http://myneta.info/TamilNadu2026/candidate.php?candidate_id=393,P Poomalar,109,SENTHAMANGALAM(ST),44,DMK,No,8th Pass,,,1,"3,88,97,000 ~ 3 Crore+",38897000,,,,1,"37,70,000 ~ 37 Lacs+",3770000,,Y,0
1483,http://myneta.info/TamilNadu2026/candidate.php?candidate_id=1483,P Ramasamy,109,SENTHAMANGALAM(ST),45,Tamizhaga Vaazhvurimai Katchi,Yes 2,8th Pass,,,1,0 ~,0,,,,1,0 ~,0,,Y,1
394,http://myneta.info/TamilNadu2026/candidate.php?candidate_id=394,Ponnumani C,109,SENTHAMANGALAM(ST),26,Naam Tamilar Katchi,No,Graduate Professional,,,1,"10,00,000 ~ 10 Lacs+",1000000,,,,1,"10,75,000 ~ 10 Lacs+",1075000,,Y,0
3697,http://myneta.info/TamilNadu2026/candidate.php?candidate_id=3697,Aadithiyan A,110,NAMAKKAL,34,Anna Puratchi Thalaivar Amma Dravida Munnetra Kazhagam,No,Others,,,1,"15,00,000 ~ 15 Lacs+",1500000,,,,1,"5,52,000 ~ 5 Lacs+",552000,,Y,0
3703,http://myneta.info/TamilNadu2026/candidate.php?candidate_id=3703,Abineshkumar T,110,NAMAKKAL,26,IND,No,10th Pass,,,1,0 ~,0,,,,1,0 ~,0,,Y,0
3704,http://myneta.info/TamilNadu2026/candidate.php?candidate_id=3704,Aravinth S,110,NAMAKKAL,33,IND,No,Post Graduate,,,1,0 ~,0,,,,1,0 ~,0,,Y,0
3706,http://myneta.info/TamilNadu2026/candidate.php?candidate_id=3706,Chandra P,110,NAMAKKAL,60,IND,No,10th Pass,,,1,"36,50,000 ~ 36 Lacs+",3650000,,,,1,"23,00,000 ~ 23 Lacs+",2300000,,Y,0
971,http://myneta.info/TamilNadu2026/candidate.php?candidate_id=971,Dilip C S,110,NAMAKKAL,33,Tamilaga Vettri Kazhagam,No,Graduate,,,1,"2,14,00,000 ~ 2 Crore+",21400000,,,,1,"2,07,76,616 ~ 2 Crore+",20776616,,Y,0
281,http://myneta.info/TamilNadu2026/candidate.php?candidate_id=281,Gandhian Ramesh T,110,NAMAKKAL,45,Ahimsa Socialist Party,No,Others,,,1,"80,50,000 ~ 80 Lacs+",8050000,,,,1,"8,39,878 ~ 8 Lacs+",839878,,Y,0
3713,http://myneta.info/TamilNadu2026/candidate.php?candidate_id=3713,Jayakumar R,110,NAMAKKAL,54,IND,No,Graduate,,,1,0 ~,0,,,,1,0 ~,0,,Y,0
3714,http://myneta.info/TamilNadu2026/candidate.php?candidate_id=3714,Jayaraman M,110,NAMAKKAL,47,IND,No,Others,,,1,0 ~,0,,,,1,"1,08,000 ~ 1 Lacs+",108000,,Y,0
3705,http://myneta.info/TamilNadu2026/candidate.php?candidate_id=3705,Kanakaraj K,110,NAMAKKAL,54,IND,No,Others,,,1,"7,90,00,000 ~ 7 Crore+",79000000,,,,1,"12,10,000 ~ 12 Lacs+",1210000,,Y,0
3701,http://myneta.info/TamilNadu2026/candidate.php?candidate_id=3701,Mahendran P,110,NAMAKKAL,45,Anaithinthiya Anna Dravida Makkal Seyal katchi,No,Literate,,,1,0 ~,0,,,,1,0 ~,0,,Y,0
3708,http://myneta.info/TamilNadu2026/candidate.php?candidate_id=3708,Manikandan R,110,NAMAKKAL,36,IND,No,Literate,,,1,0 ~,0,,,,1,0 ~,0,,Y,0
3702,http://myneta.info/TamilNadu2026/candidate.php?candidate_id=3702,Matheswaran C,110,NAMAKKAL,46,Puthiya Tamilagam,No,5th Pass,,,1,"7,50,000 ~ 7 Lacs+",750000,,,,1,"1,56,000 ~ 1 Lacs+",156000,,Y,0
3711,http://myneta.info/TamilNadu2026/candidate.php?candidate_id=3711,Mohan M,110,NAMAKKAL,52,IND,No,Graduate Professional,,,1,"1,30,00,000 ~ 1 Crore+",13000000,,,,1,"3,00,000 ~ 3 Lacs+",300000,,Y,0
3710,http://myneta.info/TamilNadu2026/candidate.php?candidate_id=3710,Mohan P,110,NAMAKKAL,65,IND,No,Graduate,,,1,"46,00,000 ~ 46 Lacs+",4600000,,,,1,0 ~,0,,Y,0
3709,http://myneta.info/TamilNadu2026/candidate.php?candidate_id=3709,Mohan S,110,NAMAKKAL,63,IND,No,12th Pass,,,1,"22,00,000 ~ 22 Lacs+",2200000,,,,1,0 ~,0,,Y,0
284,http://myneta.info/TamilNadu2026/candidate.php?candidate_id=284,Muthusamy S,110,NAMAKKAL,50,IND,No,8th Pass,,,1,"10,00,000 ~ 10 Lacs+",1000000,,,,1,"7,26,000 ~ 7 Lacs+",726000,,Y,0
283,http://myneta.info/TamilNadu2026/candidate.php?candidate_id=283,Natarajan M,110,NAMAKKAL,59,IND,No,8th Pass,,,1,"8,82,00,000 ~ 8 Crore+",88200000,,,,1,"58,02,381 ~ 58 Lacs+",5802381,,Y,0
3707,http://myneta.info/TamilNadu2026/candidate.php?candidate_id=3707,Netajikaviarasu V,110,NAMAKKAL,45,IND,No,Graduate Professional,,,1,0 ~,0,,,,1,0 ~,0,,Y,0
3700,http://myneta.info/TamilNadu2026/candidate.php?candidate_id=3700,Palanisamy M P,110,NAMAKKAL,58,All India Puratchi Thalaivar Makkal Munnettra Kazhagam,No,Others,,,1,"11,00,000 ~ 11 Lacs+",1100000,,,,1,0 ~,0,,Y,0
280,http://myneta.info/TamilNadu2026/candidate.php?candidate_id=280,Praveenkumar K,110,NAMAKKAL,39,Naam Tamilar Katchi,Yes 1,Post Graduate,,,1,"70,50,000 ~ 70 Lacs+",7050000,,,,1,"22,00,000 ~ 22 Lacs+",2200000,,Y,0
972,http://myneta.info/TamilNadu2026/candidate.php?candidate_id=972,Ramasamy P,110,NAMAKKAL,61,BSP,No,12th Pass,,,1,"50,000 ~ 50 Thou+",50000,,,,1,"3,39,000 ~ 3 Lacs+",339000,,Y,0
3712,http://myneta.info/TamilNadu2026/candidate.php?candidate_id=3712,Ramesh A,110,NAMAKKAL,52,IND,No,Others,,,1,"65,00,000 ~ 65 Lacs+",6500000,,,,1,0 ~,0,,Y,0
1122,http://myneta.info/TamilNadu2026/candidate.php?candidate_id=1122,Rani P,110,NAMAKKAL,57,DMK,No,Post Graduate,,,1,"65,10,357 ~ 65 Lacs+",6510357,,,,1,"15,21,370 ~ 15 Lacs+",1521370,,Y,0
1201,http://myneta.info/TamilNadu2026/candidate.php?candidate_id=1201,Sridevi Mohan P S,110,NAMAKKAL,53,AIADMK,No,Graduate,,,1,"39,88,44,900 ~ 39 Crore+",398844900,,,,1,"23,91,44,934 ~ 23 Crore+",239144934,,Y,0
3715,http://myneta.info/TamilNadu2026/candidate.php?candidate_id=3715,Stalin R,110,NAMAKKAL,37,IND,No,Post Graduate,,,1,0 ~,0,,,,1,"6,63,000 ~ 6 Lacs+",663000,,Y,0
3698,http://myneta.info/TamilNadu2026/candidate.php?candidate_id=3698,Sureshkannan P,110,NAMAKKAL,52,Ganasangam Party of India,No,Literate,,,1,0 ~,0,,,,1,0 ~,0,,Y,0
3699,http://myneta.info/TamilNadu2026/candidate.php?candidate_id=3699,Thiyagarajan R,110,NAMAKKAL,32,Samaniya Makkal Nala Katchi,No,10th Pass,,,1,0 ~,0,,,,1,0 ~,0,,Y,0
251,http://myneta.info/TamilNadu2026/candidate.php?candidate_id=251,Aravind M,111,PARAMATHIVELUR,33,Naam Tamilar Katchi,No,12th Pass,,,1,"15,00,00,000 ~ 15 Crore+",150000000,,,,1,"1,17,65,607 ~ 1 Crore+",11765607,,Y,0
1613,http://myneta.info/TamilNadu2026/candidate.php?candidate_id=1613,Bakkiam P,111,PARAMATHIVELUR,73,Anaithinthiya Anna Dravida Makkal Seyal katchi,No,Illiterate,,,1,0 ~,0,,,,1,0 ~,0,,Y,0
1628,http://myneta.info/TamilNadu2026/candidate.php?candidate_id=1628,Balaji R,111,PARAMATHIVELUR,45,IND,No,Others,,,1,0 ~,0,,,,1,0 ~,0,,Y,0
1620,http://myneta.info/TamilNadu2026/candidate.php?candidate_id=1620,Gopalan G,111,PARAMATHIVELUR,56,IND,No,5th Pass,,,1,0 ~,0,,,,1,0 ~,0,,Y,0
1618,http://myneta.info/TamilNadu2026/candidate.php?candidate_id=1618,Kandasamy S,111,PARAMATHIVELUR,34,IND,No,10th Pass,,,1,0 ~,0,,,,1,0 ~,0,,Y,0
1619,http://myneta.info/TamilNadu2026/candidate.php?candidate_id=1619,Karthik R,111,PARAMATHIVELUR,32,IND,No,12th Pass,,,1,0 ~,0,,,,1,0 ~,0,,Y,0
1637,http://myneta.info/TamilNadu2026/candidate.php?candidate_id=1637,Latha A,111,PARAMATHIVELUR,40,IND,No,5th Pass,,,1,0 ~,0,,,,1,0 ~,0,,Y,0
1630,http://myneta.info/TamilNadu2026/candidate.php?candidate_id=1630,Manojkumar M,111,PARAMATHIVELUR,26,IND,No,Post Graduate,,,1,"1,50,000 ~ 1 Lacs+",150000,,,,1,0 ~,0,,Y,0
1632,http://myneta.info/TamilNadu2026/candidate.php?candidate_id=1632,Moorthi M,111,PARAMATHIVELUR,61,IND,No,Illiterate,,,1,0 ~,0,,,,1,0 ~,0,,Y,0
1112,http://myneta.info/TamilNadu2026/candidate.php?candidate_id=1112,Moorthiy K S,111,PARAMATHIVELUR,64,DMK,No,Graduate,,,1,"3,05,57,042 ~ 3 Crore+",30557042,,,,1,"70,86,172 ~ 70 Lacs+",7086172,,Y,0
1631,http://myneta.info/TamilNadu2026/candidate.php?candidate_id=1631,Murthi,111,PARAMATHIVELUR,49,IND,No,Illiterate,,,1,0 ~,0,,,,1,0 ~,0,,Y,0
1615,http://myneta.info/TamilNadu2026/candidate.php?candidate_id=1615,Nandakumar A,111,PARAMATHIVELUR,51,Tamilaga Vettri Kazhagam,No,Post Graduate,,,1,"25,32,32,000 ~ 25 Crore+",253232000,,,,1,"40,48,956 ~ 40 Lacs+",4048956,,Y,0
1627,http://myneta.info/TamilNadu2026/candidate.php?candidate_id=1627,Palanisamy S,111,PARAMATHIVELUR,42,IND,No,5th Pass,,,1,0 ~,0,,,,1,0 ~,0,,Y,0
1626,http://myneta.info/TamilNadu2026/candidate.php?candidate_id=1626,Parameshwari S,111,PARAMATHIVELUR,39,IND,No,Others,,,1,"10,00,000 ~ 10 Lacs+",1000000,,,,1,"10,30,000 ~ 10 Lacs+",1030000,,Y,0
1629,http://myneta.info/TamilNadu2026/candidate.php?candidate_id=1629,Prathap K,111,PARAMATHIVELUR,32,IND,No,10th Pass,,,1,0 ~,0,,,,1,"5,000 ~ 5 Thou+",5000,,Y,0
1636,http://myneta.info/TamilNadu2026/candidate.php?candidate_id=1636,Raja R,111,PARAMATHIVELUR,46,IND,No,12th Pass,,,1,"48,50,000 ~ 48 Lacs+",4850000,,,,1,"54,50,000 ~ 54 Lacs+",5450000,,Y,0
1612,http://myneta.info/TamilNadu2026/candidate.php?candidate_id=1612,Raman V,111,PARAMATHIVELUR,52,BSP,No,5th Pass,,,1,0 ~,0,,,,1,0 ~,0,,Y,0
1617,http://myneta.info/TamilNadu2026/candidate.php?candidate_id=1617,Ramasamy N,111,PARAMATHIVELUR,59,IND,No,Illiterate,,,1,"3,00,000 ~ 3 Lacs+",300000,,,,1,0 ~,0,,Y,0
1634,http://myneta.info/TamilNadu2026/candidate.php?candidate_id=1634,Ramesh P,111,PARAMATHIVELUR,43,IND,No,5th Pass,,,1,0 ~,0,,,,1,0 ~,0,,Y,0
1635,http://myneta.info/TamilNadu2026/candidate.php?candidate_id=1635,Ramesh R,111,PARAMATHIVELUR,54,IND,No,12th Pass,,,1,0 ~,0,,,,1,0 ~,0,,Y,0
1633,http://myneta.info/TamilNadu2026/candidate.php?candidate_id=1633,Ranjith K,111,PARAMATHIVELUR,27,IND,No,Others,,,1,0 ~,0,,,,1,0 ~,0,,Y,0
1622,http://myneta.info/TamilNadu2026/candidate.php?candidate_id=1622,Sekar C,111,PARAMATHIVELUR,46,IND,No,5th Pass,,,1,0 ~,0,,,,1,0 ~,0,,Y,0
1130,http://myneta.info/TamilNadu2026/candidate.php?candidate_id=1130,Sekar S,111,PARAMATHIVELUR,55,AIADMK,No,Others,,,1,"1,57,45,000 ~ 1 Crore+",15745000,,,,1,"32,60,344 ~ 32 Lacs+",3260344,,Y,0
1624,http://myneta.info/TamilNadu2026/candidate.php?candidate_id=1624,Sekar V,111,PARAMATHIVELUR,52,IND,No,Literate,,,1,0 ~,0,,,,1,0 ~,0,,Y,0
973,http://myneta.info/TamilNadu2026/candidate.php?candidate_id=973,Selvarasu S,111,PARAMATHIVELUR,50,Anna Puratchi Thalaivar Amma Dravida Munnetra Kazhagam,No,Literate,,,1,"11,43,000 ~ 11 Lacs+",1143000,,,,1,"2,50,000 ~ 2 Lacs+",250000,,Y,0
1614,http://myneta.info/TamilNadu2026/candidate.php?candidate_id=1614,Shailaja,111,PARAMATHIVELUR,42,Tamizhaga Vaazhvurimai Katchi,No,8th Pass,,,1,"52,00,000 ~ 52 Lacs+",5200000,,,,1,"46,42,000 ~ 46 Lacs+",4642000,,Y,0
1621,http://myneta.info/TamilNadu2026/candidate.php?candidate_id=1621,Sudharsan K,111,PARAMATHIVELUR,26,IND,No,Graduate,,,1,0 ~,0,,,,1,0 ~,0,,Y,0
1623,http://myneta.info/TamilNadu2026/candidate.php?candidate_id=1623,Suresh R,111,PARAMATHIVELUR,37,IND,No,5th Pass,,,1,0 ~,0,,,,1,0 ~,0,,Y,0
1625,http://myneta.info/TamilNadu2026/candidate.php?candidate_id=1625,Thangarasu M,111,PARAMATHIVELUR,35,IND,No,8th Pass,,,1,0 ~,0,,,,1,0 ~,0,,Y,0
1616,http://myneta.info/TamilNadu2026/candidate.php?candidate_id=1616,Vijay Suryabhalaaji K R,111,PARAMATHIVELUR,33,All India Puratchi Thalaivar Makkal Munnettra Kazhagam,No,Graduate,,,1,"40,00,000 ~ 40 Lacs+",4000000,,,,1,0 ~,0,,Y,0
1638,http://myneta.info/TamilNadu2026/candidate.php?candidate_id=1638,Vijayakumar A,111,PARAMATHIVELUR,43,IND,No,5th Pass,,,1,0 ~,0,,,,1,0 ~,0,,Y,0
2109,http://myneta.info/TamilNadu2026/candidate.php?candidate_id=2109,Arjunan L K,112,TIRUCHENGODU,49,IND,No,10th Pass,,,1,0 ~,0,,,,1,0 ~,0,,Y,0
2108,http://myneta.info/TamilNadu2026/candidate.php?candidate_id=2108,Arulprakasam S,112,TIRUCHENGODU,68,IND,No,10th Pass,,,1,0 ~,0,,,,1,0 ~,0,,Y,0
975,http://myneta.info/TamilNadu2026/candidate.php?candidate_id=975,Arunraj K G,112,TIRUCHENGODU,46,Tamilaga Vettri Kazhagam,No,Graduate Professional,,,1,"5,18,23,000 ~ 5 Crore+",51823000,,,,1,"1,40,96,571 ~ 1 Crore+",14096571,,Y,0
2116,http://myneta.info/TamilNadu2026/candidate.php?candidate_id=2116,Balaji Chezhian P,112,TIRUCHENGODU,42,IND,No,Graduate Professional,,,1,0 ~,0,,,,1,0 ~,0,,Y,0
2104,http://myneta.info/TamilNadu2026/candidate.php?candidate_id=2104,Chinnathambi K,112,TIRUCHENGODU,66,Republican Party of India (Athawale),No,Literate,,,1,"20,00,000 ~ 20 Lacs+",2000000,,,,1,0 ~,0,,Y,0
2114,http://myneta.info/TamilNadu2026/candidate.php?candidate_id=2114,Deepakrajan V,112,TIRUCHENGODU,27,IND,No,Graduate Professional,,,1,0 ~,0,,,,1,0 ~,0,,Y,0
2105,http://myneta.info/TamilNadu2026/candidate.php?candidate_id=2105,Dhanapal Subramaniyam,112,TIRUCHENGODU,39,Anaithinthiya Anna Dravida Makkal Seyal katchi,No,Post Graduate,,,1,"3,39,000 ~ 3 Lacs+",339000,,,,1,0 ~,0,,Y,0
2113,http://myneta.info/TamilNadu2026/candidate.php?candidate_id=2113,Dhinesh Karikalan,112,TIRUCHENGODU,26,IND,No,Graduate Professional,,,1,"40,00,000 ~ 40 Lacs+",4000000,,,,1,0 ~,0,,Y,0
186,http://myneta.info/TamilNadu2026/candidate.php?candidate_id=186,Eswaran E R,112,TIRUCHENGODU,64,DMK,No,Graduate Professional,,,1,"32,61,00,000 ~ 32 Crore+",326100000,,,,1,"2,85,70,343 ~ 2 Crore+",28570343,,Y,0
2110,http://myneta.info/TamilNadu2026/candidate.php?candidate_id=2110,Eswaran M,112,TIRUCHENGODU,55,IND,No,8th Pass,,,1,0 ~,0,,,,1,0 ~,0,,Y,0
2117,http://myneta.info/TamilNadu2026/candidate.php?candidate_id=2117,Maheshkumar N,112,TIRUCHENGODU,33,IND,No,12th Pass,,,1,0 ~,0,,,,1,"8,644 ~ 8 Thou+",8644,,Y,0
2107,http://myneta.info/TamilNadu2026/candidate.php?candidate_id=2107,Munusamy A T,112,TIRUCHENGODU,65,Samaniya Makkal Nala Katchi,No,5th Pass,,,1,"81,00,000 ~ 81 Lacs+",8100000,,,,1,"20,00,000 ~ 20 Lacs+",2000000,,Y,0
2115,http://myneta.info/TamilNadu2026/candidate.php?candidate_id=2115,Palanisamy K,112,TIRUCHENGODU,63,IND,No,10th Pass,,,1,"50,00,000 ~ 50 Lacs+",5000000,,,,1,0 ~,0,,Y,0
2118,http://myneta.info/TamilNadu2026/candidate.php?candidate_id=2118,Rajakumar P,112,TIRUCHENGODU,47,IND,No,10th Pass,,,1,"2,86,000 ~ 2 Lacs+",286000,,,,1,"7,07,000 ~ 7 Lacs+",707000,,Y,0
2119,http://myneta.info/TamilNadu2026/candidate.php?candidate_id=2119,Ramesh S,112,TIRUCHENGODU,49,IND,No,12th Pass,,,1,"3,45,00,000 ~ 3 Crore+",34500000,,,,1,"1,51,00,000 ~ 1 Crore+",15100000,,Y,0
2120,http://myneta.info/TamilNadu2026/candidate.php?candidate_id=2120,Revanth S N,112,TIRUCHENGODU,27,IND,No,Graduate Professional,,,1,0 ~,0,,,,1,0 ~,0,,Y,0
185,http://myneta.info/TamilNadu2026/candidate.php?candidate_id=185,Revathi K,112,TIRUCHENGODU,28,Naam Tamilar Katchi,No,Others,,,1,0 ~,0,,,,1,"4,31,409 ~ 4 Lacs+",431409,,Y,0
2112,http://myneta.info/TamilNadu2026/candidate.php?candidate_id=2112,Saravanasundaram S,112,TIRUCHENGODU,57,IND,No,Graduate,,,1,"95,25,000 ~ 95 Lacs+",9525000,,,,1,"30,54,000 ~ 30 Lacs+",3054000,,Y,0
2111,http://myneta.info/TamilNadu2026/candidate.php?candidate_id=2111,Satheeskumar P,112,TIRUCHENGODU,44,IND,No,Graduate,,,1,"80,00,000 ~ 80 Lacs+",8000000,,,,1,0 ~,0,,Y,0
2103,http://myneta.info/TamilNadu2026/candidate.php?candidate_id=2103,Sharavanan A K,112,TIRUCHENGODU,40,Tamizhaga Vaazhvurimai Katchi,No,Graduate Professional,,,1,0 ~,0,,,,1,"27,000 ~ 27 Thou+",27000,,Y,0
1280,http://myneta.info/TamilNadu2026/candidate.php?candidate_id=1280,Srmt Sekar Alias Chandrasekar R,112,TIRUCHENGODU,58,AIADMK,No,12th Pass,,,1,"1,41,73,453 ~ 1 Crore+",14173453,,,,1,"96,40,170 ~ 96 Lacs+",9640170,,Y,0
2106,http://myneta.info/TamilNadu2026/candidate.php?candidate_id=2106,Thirukkumaran P,112,TIRUCHENGODU,54,Makkal Munnetra Katchi,No,12th Pass,,,1,0 ~,0,,,,1,"69,50,000 ~ 69 Lacs+",6950000,,Y,0
2121,http://myneta.info/TamilNadu2026/candidate.php?candidate_id=2121,Viswanathan P,112,TIRUCHENGODU,56,IND,No,5th Pass,,,1,"7,53,000 ~ 7 Lacs+",753000,,,,1,0 ~,0,,Y,0
3625,http://myneta.info/TamilNadu2026/candidate.php?candidate_id=3625,A.Muruganandhan,113,KUMARAPALAYAM,37,IND,No,8th Pass,,,1,0 ~,0,,,,1,"3,70,000 ~ 3 Lacs+",370000,,Y,0
3618,http://myneta.info/TamilNadu2026/candidate.php?candidate_id=3618,Amirthalingam,113,KUMARAPALAYAM,54,IND,No,8th Pass,,,1,"3,60,000 ~ 3 Lacs+",360000,,,,1,0 ~,0,,Y,0
354,http://myneta.info/TamilNadu2026/candidate.php?candidate_id=354,C.Vijayalakshmi,113,KUMARAPALAYAM,50,Tamilaga Vettri Kazhagam,No,12th Pass,,,1,"26,00,000 ~ 26 Lacs+",2600000,,,,1,"12,68,048 ~ 12 Lacs+",1268048,,Y,0
3620,http://myneta.info/TamilNadu2026/candidate.php?candidate_id=3620,G. Samuelraj,113,KUMARAPALAYAM,77,IND,No,10th Pass,,,1,0 ~,0,,,,1,0 ~,0,,Y,0
358,http://myneta.info/TamilNadu2026/candidate.php?candidate_id=358,Gopalakrishnan,113,KUMARAPALAYAM,45,IND,No,Graduate Professional,,,1,0 ~,0,,,,1,0 ~,0,,Y,0
3616,http://myneta.info/TamilNadu2026/candidate.php?candidate_id=3616,J Karthi,113,KUMARAPALAYAM,43,Vishwa Tamil Kazhagam,No,10th Pass,,,1,0 ~,0,,,,1,0 ~,0,,Y,0
3624,http://myneta.info/TamilNadu2026/candidate.php?candidate_id=3624,K. Palanivel,113,KUMARAPALAYAM,50,IND,No,5th Pass,,,1,0 ~,0,,,,1,"2,50,000 ~ 2 Lacs+",250000,,Y,0
356,http://myneta.info/TamilNadu2026/candidate.php?candidate_id=356,Karthi,113,KUMARAPALAYAM,36,IND,No,Post Graduate,,,1,0 ~,0,,,,1,0 ~,0,,Y,0
3622,http://myneta.info/TamilNadu2026/candidate.php?candidate_id=3622,P.Senthilkumar,113,KUMARAPALAYAM,47,IND,No,8th Pass,,,1,0 ~,0,,,,1,"36,000 ~ 36 Thou+",36000,,Y,0
1360,http://myneta.info/TamilNadu2026/candidate.php?candidate_id=1360,P.Thangamani,113,KUMARAPALAYAM,65,AIADMK,Yes 4,10th Pass,,,1,"76,82,000 ~ 76 Lacs+",7682000,,,,1,0 ~,0,,Y,0
355,http://myneta.info/TamilNadu2026/candidate.php?candidate_id=355,Palanisamy,113,KUMARAPALAYAM,76,Samaniya Makkal Nala Katchi,No,5th Pass,,,1,"50,00,000 ~ 50 Lacs+",5000000,,,,1,0 ~,0,,Y,0
3617,http://myneta.info/TamilNadu2026/candidate.php?candidate_id=3617,Pannerselvam,113,KUMARAPALAYAM,65,Anaithinthiya Anna Dravida Makkal Seyal katchi,No,Illiterate,,,1,0 ~,0,,,,1,0 ~,0,,Y,0
3619,http://myneta.info/TamilNadu2026/candidate.php?candidate_id=3619,R.Kumaresan,113,KUMARAPALAYAM,50,IND,No,10th Pass,,,1,"30,00,000 ~ 30 Lacs+",3000000,,,,1,"6,00,000 ~ 6 Lacs+",600000,,Y,0
3626,http://myneta.info/TamilNadu2026/candidate.php?candidate_id=3626,R.Raja,113,KUMARAPALAYAM,45,IND,No,Others,,,1,"10,00,000 ~ 10 Lacs+",1000000,,,,1,"3,00,000 ~ 3 Lacs+",300000,,Y,0
3628,http://myneta.info/TamilNadu2026/candidate.php?candidate_id=3628,S Jayavel,113,KUMARAPALAYAM,44,IND,No,5th Pass,,,1,"9,50,000 ~ 9 Lacs+",950000,,,,1,0 ~,0,,Y,0
1182,http://myneta.info/TamilNadu2026/candidate.php?candidate_id=1182,S.Balu,113,KUMARAPALAYAM,64,DMK,Yes 3,10th Pass,,,1,"29,84,28,000 ~ 29 Crore+",298428000,,,,1,"8,16,78,000 ~ 8 Crore+",81678000,,Y,4
357,http://myneta.info/TamilNadu2026/candidate.php?candidate_id=357,Saravanan,113,KUMARAPALAYAM,48,IND,No,5th Pass,,,1,0 ~,0,,,,1,0 ~,0,,Y,0
3623,http://myneta.info/TamilNadu2026/candidate.php?candidate_id=3623,Selvaraj,113,KUMARAPALAYAM,64,IND,No,8th Pass,,,1,0 ~,0,,,,1,0 ~,0,,Y,0
3621,http://myneta.info/TamilNadu2026/candidate.php?candidate_id=3621,Sivaraj,113,KUMARAPALAYAM,28,IND,No,Graduate Professional,,,1,0 ~,0,,,,1,0 ~,0,,Y,0
74,http://myneta.info/TamilNadu2026/candidate.php?candidate_id=74,Uvarani Suresh,113,KUMARAPALAYAM,39,Naam Tamilar Katchi,No,Post Graduate,,,1,"80,10,000 ~ 80 Lacs+",8010000,,,,1,"7,20,576 ~ 7 Lacs+",720576,,Y,0
3627,http://myneta.info/TamilNadu2026/candidate.php?candidate_id=3627,Venkatachalam,113,KUMARAPALAYAM,49,IND,No,10th Pass,,,1,0 ~,0,,,,1,0 ~,0,,Y,0
1477,http://myneta.info/TamilNadu2026/candidate.php?candidate_id=1477,Anandajothi Paramasivam,114,PERAMBALUR (SC),47,IND,No,10th Pass,,,1,"7,00,000 ~ 7 Lacs+",700000,,,,1,0 ~,0,,Y,0
723,http://myneta.info/TamilNadu2026/candidate.php?candidate_id=723,Arivazhagan. D,114,PERAMBALUR (SC),40,BSP,No,12th Pass,,,1,"50,00,000 ~ 50 Lacs+",5000000,,,,1,"7,52,000 ~ 7 Lacs+",752000,,Y,0
1478,http://myneta.info/TamilNadu2026/candidate.php?candidate_id=1478,Chandrakumar. P,114,PERAMBALUR (SC),39,IND,No,Graduate Professional,,,1,"45,00,000 ~ 45 Lacs+",4500000,,,,1,"20,96,159 ~ 20 Lacs+",2096159,,Y,0
1476,http://myneta.info/TamilNadu2026/candidate.php?candidate_id=1476,Dhamodharan. S,114,PERAMBALUR (SC),43,Tamizhaga Vaazhvurimai Katchi,No,Post Graduate,,,1,"2,00,000 ~ 2 Lacs+",200000,,,,1,"25,000 ~ 25 Thou+",25000,,Y,0
978,http://myneta.info/TamilNadu2026/candidate.php?candidate_id=978,Dr. Jayalakshmi. S.T,114,PERAMBALUR (SC),49,DMK,No,Graduate Professional,,,1,"30,37,65,000 ~ 30 Crore+",303765000,,,,1,"22,02,52,644 ~ 22 Crore+",220252644,,Y,0
1481,http://myneta.info/TamilNadu2026/candidate.php?candidate_id=1481,Jayachandran. B,114,PERAMBALUR (SC),41,IND,No,Post Graduate,,,1,0 ~,0,,,,1,"14,27,886 ~ 14 Lacs+",1427886,,Y,0
1479,http://myneta.info/TamilNadu2026/candidate.php?candidate_id=1479,Shiyamala. M,114,PERAMBALUR (SC),42,IND,No,Post Graduate,,,1,"2,50,000 ~ 2 Lacs+",250000,,,,1,0 ~,0,,Y,0
1475,http://myneta.info/TamilNadu2026/candidate.php?candidate_id=1475,Sivakumar. K,114,PERAMBALUR (SC),48,Tamilaga Vettri Kazhagam,No,12th Pass,,,1,0 ~,0,,,,1,"90,000 ~ 90 Thou+",90000,,Y,0
1480,http://myneta.info/TamilNadu2026/candidate.php?candidate_id=1480,Subramanian. R,114,PERAMBALUR (SC),37,IND,No,8th Pass,,,1,"10,00,000 ~ 10 Lacs+",1000000,,,,1,"1,30,000 ~ 1 Lacs+",130000,,Y,0
1474,http://myneta.info/TamilNadu2026/candidate.php?candidate_id=1474,Suganya. J,114,PERAMBALUR (SC),37,Naam Tamilar Katchi,No,Graduate,,,1,"24,000 ~ 24 Thou+",24000,,,,1,"7,92,786 ~ 7 Lacs+",792786,,Y,0
279,http://myneta.info/TamilNadu2026/candidate.php?candidate_id=279,Thamizhselvan. R,114,PERAMBALUR (SC),52,AIADMK,Yes 5,Graduate,,,1,"3,42,85,852 ~ 3 Crore+",34285852,,,,1,"1,68,03,607 ~ 1 Crore+",16803607,,Y,0
818,http://myneta.info/TamilNadu2026/candidate.php?candidate_id=818,Anbuthamizhan. T,115,KUNNAM,34,Thamizh Perarasu Katchi,No,Graduate Professional,,,1,0 ~,0,,,,1,"7,00,000 ~ 7 Lacs+",700000,,Y,0
3636,http://myneta.info/TamilNadu2026/candidate.php?candidate_id=3636,Chandrasekar. P,115,KUNNAM,37,IND,No,Post Graduate,,,1,0 ~,0,,,,1,"2,25,000 ~ 2 Lacs+",225000,,Y,0
363,http://myneta.info/TamilNadu2026/candidate.php?candidate_id=363,Elangovan. K,115,KUNNAM,49,Naadaalum Makkal Katchi,Yes 4,8th Pass,,,1,0 ~,0,,,,1,0 ~,0,,Y,0
3635,http://myneta.info/TamilNadu2026/candidate.php?candidate_id=3635,Kathiravan. A.C,115,KUNNAM,55,IND,No,Graduate Professional,,,1,"90,00,000 ~ 90 Lacs+",9000000,,,,1,"2,50,000 ~ 2 Lacs+",250000,,Y,0
77,http://myneta.info/TamilNadu2026/candidate.php?candidate_id=77,Keerthivasan. R,115,KUNNAM,26,Naam Tamilar Katchi,Yes 1,Graduate Professional,,,1,"45,30,000 ~ 45 Lacs+",4530000,,,,1,"44,65,000 ~ 44 Lacs+",4465000,,Y,0
3641,http://myneta.info/TamilNadu2026/candidate.php?candidate_id=3641,Muthamilselvan. D,115,KUNNAM,41,IND,No,10th Pass,,,1,0 ~,0,,,,1,0 ~,0,,Y,0
3640,http://myneta.info/TamilNadu2026/candidate.php?candidate_id=3640,Nallathambi. P,115,KUNNAM,54,IND,No,12th Pass,,,1,"15,00,000 ~ 15 Lacs+",1500000,,,,1,"15,36,000 ~ 15 Lacs+",1536000,,Y,0
977,http://myneta.info/TamilNadu2026/candidate.php?candidate_id=977,Nallusamy. K.M,115,KUNNAM,42,BSP,No,12th Pass,,,1,"5,00,000 ~ 5 Lacs+",500000,,,,1,0 ~,0,,Y,0
3634,http://myneta.info/TamilNadu2026/candidate.php?candidate_id=3634,Raja. S.P,115,KUNNAM,55,Tamizhaga Vaazhvurimai Katchi,Yes 1,12th Pass,,,1,0 ~,0,,,,1,0 ~,0,,Y,2
976,http://myneta.info/TamilNadu2026/candidate.php?candidate_id=976,Revathi Muthamilselvan,115,KUNNAM,42,Tamilaga Vettri Kazhagam,Yes 1,Graduate,,,1,"1,21,00,000 ~ 1 Crore+",12100000,,,,1,"3,07,200 ~ 3 Lacs+",307200,,Y,0
3637,http://myneta.info/TamilNadu2026/candidate.php?candidate_id=3637,Saminathan. C,115,KUNNAM,74,IND,No,Illiterate,,,1,"4,00,000 ~ 4 Lacs+",400000,,,,1,0 ~,0,,Y,0
817,http://myneta.info/TamilNadu2026/candidate.php?candidate_id=817,Saranya. A,115,KUNNAM,36,AIADMK,No,Post Graduate,,,1,"86,40,400 ~ 86 Lacs+",8640400,,,,1,"76,00,864 ~ 76 Lacs+",7600864,,Y,0
3644,http://myneta.info/TamilNadu2026/candidate.php?candidate_id=3644,Shajahan,115,KUNNAM,41,IND,No,5th Pass,,,1,0 ~,0,,,,1,0 ~,0,,Y,0
1183,http://myneta.info/TamilNadu2026/candidate.php?candidate_id=1183,Sivasankar. S.S,115,KUNNAM,56,DMK,Yes 3,Graduate Professional,,,1,"10,64,87,375 ~ 10 Crore+",106487375,,,,1,"2,57,62,636 ~ 2 Crore+",25762636,,Y,0
3638,http://myneta.info/TamilNadu2026/candidate.php?candidate_id=3638,Sivasankaran. P,115,KUNNAM,47,IND,No,Graduate Professional,,,1,"30,10,000 ~ 30 Lacs+",3010000,,,,1,"38,00,000 ~ 38 Lacs+",3800000,,Y,0
3639,http://myneta.info/TamilNadu2026/candidate.php?candidate_id=3639,Thanasekar. R,115,KUNNAM,38,IND,No,Others,,,1,"80,00,000 ~ 80 Lacs+",8000000,,,,1,0 ~,0,,Y,0
362,http://myneta.info/TamilNadu2026/candidate.php?candidate_id=362,Udhayasuriyan. T,115,KUNNAM,37,IND,No,12th Pass,,,1,"3,00,000 ~ 3 Lacs+",300000,,,,1,"2,70,000 ~ 2 Lacs+",270000,,Y,0
3643,http://myneta.info/TamilNadu2026/candidate.php?candidate_id=3643,Vinothkumar. M,115,KUNNAM,33,IND,No,Others,,,1,0 ~,0,,,,1,0 ~,0,,Y,0
3642,http://myneta.info/TamilNadu2026/candidate.php?candidate_id=3642,Vivek. T,115,KUNNAM,36,IND,No,12th Pass,,,1,"22,93,288 ~ 22 Lacs+",2293288,,,,1,0 ~,0,,Y,0
588,http://myneta.info/TamilNadu2026/candidate.php?candidate_id=588,Arunkumar . S,116,GANDARVAKOTTAI (SC),30,IND,No,Graduate,,,1,0 ~,0,,,,1,0 ~,0,,Y,0
1374,http://myneta.info/TamilNadu2026/candidate.php?candidate_id=1374,C. Uthayakumar,116,GANDARVAKOTTAI (SC),54,BJP,No,8th Pass,,,1,"72,00,000 ~ 72 Lacs+",7200000,,,,1,"1,50,000 ~ 1 Lacs+",150000,,Y,0
589,http://myneta.info/TamilNadu2026/candidate.php?candidate_id=589,Dhanarasu,116,GANDARVAKOTTAI (SC),59,Namadhu Makkal Katchi,No,5th Pass,,,1,"8,00,000 ~ 8 Lacs+",800000,,,,1,0 ~,0,,Y,0
1373,http://myneta.info/TamilNadu2026/candidate.php?candidate_id=1373,M. Chinnadurai,116,GANDARVAKOTTAI (SC),59,CPI(M),Yes 9,10th Pass,,,1,0 ~,0,,,,1,0 ~,0,,Y,0
3179,http://myneta.info/TamilNadu2026/candidate.php?candidate_id=3179,M. Lakshmanan,116,GANDARVAKOTTAI (SC),46,IND,No,10th Pass,,,1,0 ~,0,,,,1,0 ~,0,,Y,0
1375,http://myneta.info/TamilNadu2026/candidate.php?candidate_id=1375,N. Subramanian,116,GANDARVAKOTTAI (SC),72,Tamilaga Vettri Kazhagam,Yes 1,10th Pass,,,1,"18,00,000 ~ 18 Lacs+",1800000,,,,1,0 ~,0,,Y,1
42,http://myneta.info/TamilNadu2026/candidate.php?candidate_id=42,Nathiya,116,GANDARVAKOTTAI (SC),35,Naam Tamilar Katchi,Yes 1,Post Graduate,,,1,0 ~,0,,,,1,"5,20,000 ~ 5 Lacs+",520000,,Y,0
3176,http://myneta.info/TamilNadu2026/candidate.php?candidate_id=3176,Sasikumar P,116,GANDARVAKOTTAI (SC),45,IND,No,Graduate Professional,,,1,"18,00,000 ~ 18 Lacs+",1800000,,,,1,"7,38,763 ~ 7 Lacs+",738763,,Y,0
3178,http://myneta.info/TamilNadu2026/candidate.php?candidate_id=3178,T. Murugesan,116,GANDARVAKOTTAI (SC),45,IND,No,10th Pass,,,1,"1,00,000 ~ 1 Lacs+",100000,,,,1,0 ~,0,,Y,0
3997,http://myneta.info/TamilNadu2026/candidate.php?candidate_id=3997,Adaikalaraj. S,117,VIRALIMALAI,37,IND,Yes 1,Others,,,1,"3,50,000 ~ 3 Lacs+",350000,,,,1,"73,000 ~ 73 Thou+",73000,,Y,0
3998,http://myneta.info/TamilNadu2026/candidate.php?candidate_id=3998,Alagar. P Advocate,117,VIRALIMALAI,40,IND,No,Graduate Professional,,,1,0 ~,0,,,,1,"50,000 ~ 50 Thou+",50000,,Y,0
591,http://myneta.info/TamilNadu2026/candidate.php?candidate_id=591,Balasubramanian. K.K,117,VIRALIMALAI,47,IND,No,10th Pass,,,1,"35,00,000 ~ 35 Lacs+",3500000,,,,1,"16,09,000 ~ 16 Lacs+",1609000,,Y,0
597,http://myneta.info/TamilNadu2026/candidate.php?candidate_id=597,Balasubramanian. M,117,VIRALIMALAI,39,IND,No,Graduate,,,1,0 ~,0,,,,1,0 ~,0,,Y,0
592,http://myneta.info/TamilNadu2026/candidate.php?candidate_id=592,Balavel Murugesan. T,117,VIRALIMALAI,47,IND,No,Post Graduate,,,1,"45,00,000 ~ 45 Lacs+",4500000,,,,1,"46,87,670 ~ 46 Lacs+",4687670,,Y,0
3999,http://myneta.info/TamilNadu2026/candidate.php?candidate_id=3999,Chandrajothi. M,117,VIRALIMALAI,37,IND,No,Graduate Professional,,,1,"2,97,000 ~ 2 Lacs+",297000,,,,1,0 ~,0,,Y,0
1325,http://myneta.info/TamilNadu2026/candidate.php?candidate_id=1325,Chellapandiyan. K.K,117,VIRALIMALAI,57,DMK,Yes 7,Post Graduate,,,1,"55,47,243 ~ 55 Lacs+",5547243,,,,1,"5,47,471 ~ 5 Lacs+",547471,,Y,0
4008,http://myneta.info/TamilNadu2026/candidate.php?candidate_id=4008,Jayagandhi. R,117,VIRALIMALAI,42,IND,No,Graduate Professional,,,1,"7,00,000 ~ 7 Lacs+",700000,,,,1,"7,00,000 ~ 7 Lacs+",700000,,Y,0
590,http://myneta.info/TamilNadu2026/candidate.php?candidate_id=590,Jothivel. A,117,VIRALIMALAI,53,IND,No,Others,,,1,0 ~,0,,,,1,0 ~,0,,Y,0
3994,http://myneta.info/TamilNadu2026/candidate.php?candidate_id=3994,Karthika Prakash,117,VIRALIMALAI,36,All India Puratchi Thalaivar Makkal Munnettra Kazhagam,No,Post Graduate,,,1,0 ~,0,,,,1,"1,50,000 ~ 1 Lacs+",150000,,Y,0
4002,http://myneta.info/TamilNadu2026/candidate.php?candidate_id=4002,Mahendiran. K,117,VIRALIMALAI,44,IND,No,10th Pass,,,1,"35,00,000 ~ 35 Lacs+",3500000,,,,1,0 ~,0,,Y,0
4003,http://myneta.info/TamilNadu2026/candidate.php?candidate_id=4003,Manikandan. M,117,VIRALIMALAI,40,IND,No,Graduate Professional,,,1,0 ~,0,,,,1,0 ~,0,,Y,0
4004,http://myneta.info/TamilNadu2026/candidate.php?candidate_id=4004,Mathiyalagan. G,117,VIRALIMALAI,37,IND,No,12th Pass,,,1,0 ~,0,,,,1,0 ~,0,,Y,0
981,http://myneta.info/TamilNadu2026/candidate.php?candidate_id=981,Murugesan. P,117,VIRALIMALAI,43,Tamilaga Vettri Kazhagam,Yes 1,12th Pass,,,1,"20,00,000 ~ 20 Lacs+",2000000,,,,1,"7,05,364 ~ 7 Lacs+",705364,,Y,1
593,http://myneta.info/TamilNadu2026/candidate.php?candidate_id=593,Palanisamy. A,117,VIRALIMALAI,55,IND,No,12th Pass,,,1,0 ~,0,,,,1,0 ~,0,,Y,0
3996,http://myneta.info/TamilNadu2026/candidate.php?candidate_id=3996,Palanisamy. K,117,VIRALIMALAI,37,Veerath Thiyagi Viswanathadoss Thozhilalarkal Katchi,No,5th Pass,,,1,"29,50,000 ~ 29 Lacs+",2950000,,,,1,"20,00,000 ~ 20 Lacs+",2000000,,Y,0
4005,http://myneta.info/TamilNadu2026/candidate.php?candidate_id=4005,Raja. P,117,VIRALIMALAI,32,IND,No,Graduate Professional,,,1,"23,17,808 ~ 23 Lacs+",2317808,,,,1,0 ~,0,,Y,0
224,http://myneta.info/TamilNadu2026/candidate.php?candidate_id=224,Sathyalakshmi. K,117,VIRALIMALAI,38,Naam Tamilar Katchi,No,Graduate,,,1,0 ~,0,,,,1,"74,00,000 ~ 74 Lacs+",7400000,,Y,0
3995,http://myneta.info/TamilNadu2026/candidate.php?candidate_id=3995,Selvaraj. A,117,VIRALIMALAI,71,Puthiya Tamilagam,No,Others,,,1,"20,00,000 ~ 20 Lacs+",2000000,,,,1,"20,54,078 ~ 20 Lacs+",2054078,,Y,0
4000,http://myneta.info/TamilNadu2026/candidate.php?candidate_id=4000,Subbaiah. R,117,VIRALIMALAI,45,IND,No,Graduate,,,1,"3,00,000 ~ 3 Lacs+",300000,,,,1,0 ~,0,,Y,0
595,http://myneta.info/TamilNadu2026/candidate.php?candidate_id=595,Thirumurugan. A,117,VIRALIMALAI,39,IND,No,Graduate Professional,,,1,"10,00,000 ~ 10 Lacs+",1000000,,,,1,"28,00,000 ~ 28 Lacs+",2800000,,Y,0
4001,http://myneta.info/TamilNadu2026/candidate.php?candidate_id=4001,Thirumurugan. K,117,VIRALIMALAI,46,IND,No,10th Pass,,,1,0 ~,0,,,,1,"7,60,000 ~ 7 Lacs+",760000,,Y,0
596,http://myneta.info/TamilNadu2026/candidate.php?candidate_id=596,Thiruvendran. V,117,VIRALIMALAI,37,IND,No,Graduate Professional,,,1,"50,00,000 ~ 50 Lacs+",5000000,,,,1,"7,00,000 ~ 7 Lacs+",700000,,Y,0
4007,http://myneta.info/TamilNadu2026/candidate.php?candidate_id=4007,Veeramani. M S/O Maniyan,117,VIRALIMALAI,39,IND,No,10th Pass,,,1,0 ~,0,,,,1,0 ~,0,,Y,0
4006,http://myneta.info/TamilNadu2026/candidate.php?candidate_id=4006,Veeramani. M S/O Moorthy,117,VIRALIMALAI,38,IND,No,Others,,,1,"26,50,000 ~ 26 Lacs+",2650000,,,,1,"31,00,000 ~ 31 Lacs+",3100000,,Y,0
1324,http://myneta.info/TamilNadu2026/candidate.php?candidate_id=1324,Vijayabaskar. C,117,VIRALIMALAI,52,AIADMK,Yes 12,Graduate Professional,,,1,"29,71,81,340 ~ 29 Crore+",297181340,,,,1,"23,21,64,470 ~ 23 Crore+",232164470,,Y,2
3793,http://myneta.info/TamilNadu2026/candidate.php?candidate_id=3793,A. Radhakrishnan,118,PUDUKKOTTAI,72,IND,No,12th Pass,,,1,0 ~,0,,,,1,0 ~,0,,Y,0
3779,http://myneta.info/TamilNadu2026/candidate.php?candidate_id=3779,A. Rajasekar,118,PUDUKKOTTAI,42,Veerath Thiyagi Viswanathadoss Thozhilalarkal Katchi,No,12th Pass,,,1,"1,00,000 ~ 1 Lacs+",100000,,,,1,"55,014 ~ 55 Thou+",55014,,Y,0
3786,http://myneta.info/TamilNadu2026/candidate.php?candidate_id=3786,A. Subaresh Raja,118,PUDUKKOTTAI,32,IND,No,Others,,,1,0 ~,0,,,,1,"2,36,507 ~ 2 Lacs+",236507,,Y,0
3785,http://myneta.info/TamilNadu2026/candidate.php?candidate_id=3785,C. Govindasamy,118,PUDUKKOTTAI,64,IND,No,Post Graduate,,,1,"62,09,603 ~ 62 Lacs+",6209603,,,,1,"35,52,325 ~ 35 Lacs+",3552325,,Y,0
3784,http://myneta.info/TamilNadu2026/candidate.php?candidate_id=3784,C. Karuppaiah,118,PUDUKKOTTAI,43,IND,Yes 2,Graduate Professional,,,1,"1,04,000 ~ 1 Lacs+",104000,,,,1,0 ~,0,,Y,2
3783,http://myneta.info/TamilNadu2026/candidate.php?candidate_id=3783,C. Karuppaiah,118,PUDUKKOTTAI,46,IND,Yes 3,Graduate,,,1,0 ~,0,,,,1,"5,70,000 ~ 5 Lacs+",570000,,Y,2
3795,http://myneta.info/TamilNadu2026/candidate.php?candidate_id=3795,C. Ramachandran,118,PUDUKKOTTAI,65,IND,No,5th Pass,,,1,0 ~,0,,,,1,0 ~,0,,Y,0
3792,http://myneta.info/TamilNadu2026/candidate.php?candidate_id=3792,D. Ramesh,118,PUDUKKOTTAI,53,IND,No,Graduate Professional,,,1,"25,00,000 ~ 25 Lacs+",2500000,,,,1,"18,08,000 ~ 18 Lacs+",1808000,,Y,0
3776,http://myneta.info/TamilNadu2026/candidate.php?candidate_id=3776,E. Ramalingam,118,PUDUKKOTTAI,46,Party for the Rights of Other backward Classes,No,Graduate,,,1,"58,50,000 ~ 58 Lacs+",5850000,,,,1,"30,65,713 ~ 30 Lacs+",3065713,,Y,0
133,http://myneta.info/TamilNadu2026/candidate.php?candidate_id=133,Ezhilarasi Vijayendran,118,PUDUKKOTTAI,35,Naam Tamilar Katchi,Yes 1,Post Graduate,,,1,"67,00,000 ~ 67 Lacs+",6700000,,,,1,"45,28,160 ~ 45 Lacs+",4528160,,Y,0
3781,http://myneta.info/TamilNadu2026/candidate.php?candidate_id=3781,G. Arivazhagan,118,PUDUKKOTTAI,35,IND,No,Graduate Professional,,,1,0 ~,0,,,,1,"2,63,000 ~ 2 Lacs+",263000,,Y,0
3789,http://myneta.info/TamilNadu2026/candidate.php?candidate_id=3789,G. Duraisaravanan,118,PUDUKKOTTAI,35,IND,No,Graduate Professional,,,1,"60,00,000 ~ 60 Lacs+",6000000,,,,1,0 ~,0,,Y,0
3778,http://myneta.info/TamilNadu2026/candidate.php?candidate_id=3778,G. Manimegalai,118,PUDUKKOTTAI,48,CPI(ML)(L),No,10th Pass,,,1,"12,26,200 ~ 12 Lacs+",1226200,,,,1,0 ~,0,,Y,0
3791,http://myneta.info/TamilNadu2026/candidate.php?candidate_id=3791,G. Muthuraj,118,PUDUKKOTTAI,36,IND,No,10th Pass,,,1,"3,00,000 ~ 3 Lacs+",300000,,,,1,"4,60,000 ~ 4 Lacs+",460000,,Y,0
3788,http://myneta.info/TamilNadu2026/candidate.php?candidate_id=3788,K. Dhanagopal,118,PUDUKKOTTAI,47,IND,No,10th Pass,,,1,"1,00,000 ~ 1 Lacs+",100000,,,,1,0 ~,0,,Y,0
602,http://myneta.info/TamilNadu2026/candidate.php?candidate_id=602,K. Kailasakumar,118,PUDUKKOTTAI,34,IND,No,Not Given,,,1,"5,00,000 ~ 5 Lacs+",500000,,,,1,"3,65,000 ~ 3 Lacs+",365000,,Y,0
601,http://myneta.info/TamilNadu2026/candidate.php?candidate_id=601,K. Murugesan,118,PUDUKKOTTAI,55,IND,No,10th Pass,,,1,"30,00,000 ~ 30 Lacs+",3000000,,,,1,"3,00,000 ~ 3 Lacs+",300000,,Y,0
3780,http://myneta.info/TamilNadu2026/candidate.php?candidate_id=3780,K. Rengan,118,PUDUKKOTTAI,61,Puthiya Tamilagam,No,Others,,,1,"40,00,000 ~ 40 Lacs+",4000000,,,,1,"19,00,000 ~ 19 Lacs+",1900000,,Y,0
600,http://myneta.info/TamilNadu2026/candidate.php?candidate_id=600,K.M. Shariff,118,PUDUKKOTTAI,61,Tamilaga Vettri Kazhagam,Yes 10,10th Pass,,,1,"55,00,000 ~ 55 Lacs+",5500000,,,,1,"9,29,904 ~ 9 Lacs+",929904,,Y,3
3782,http://myneta.info/TamilNadu2026/candidate.php?candidate_id=3782,Kangatharan .P,118,PUDUKKOTTAI,35,IND,Yes 1,Post Graduate,,,1,0 ~,0,,,,1,0 ~,0,,Y,0
3790,http://myneta.info/TamilNadu2026/candidate.php?candidate_id=3790,M. A. Muthukumar,118,PUDUKKOTTAI,41,IND,No,Graduate Professional,,,1,"40,00,000 ~ 40 Lacs+",4000000,,,,1,"53,00,000 ~ 53 Lacs+",5300000,,Y,0
1346,http://myneta.info/TamilNadu2026/candidate.php?candidate_id=1346,N. Ramachandran,118,PUDUKKOTTAI,39,BJP,No,Post Graduate,,,1,"7,28,99,373 ~ 7 Crore+",72899373,,,,1,"6,80,85,169 ~ 6 Crore+",68085169,,Y,0
3796,http://myneta.info/TamilNadu2026/candidate.php?candidate_id=3796,R. Ramachandran,118,PUDUKKOTTAI,63,IND,No,Post Graduate,,,1,0 ~,0,,,,1,"85,151 ~ 85 Thou+",85151,,Y,0
599,http://myneta.info/TamilNadu2026/candidate.php?candidate_id=599,R. Sivakumar,118,PUDUKKOTTAI,62,IND,Yes 1,Graduate,,,1,"66,50,000 ~ 66 Lacs+",6650000,,,,1,"25,36,164 ~ 25 Lacs+",2536164,,Y,0
3794,http://myneta.info/TamilNadu2026/candidate.php?candidate_id=3794,Ramachandran .C,118,PUDUKKOTTAI,45,IND,No,12th Pass,,,1,0 ~,0,,,,1,"1,00,000 ~ 1 Lacs+",100000,,Y,0
3777,http://myneta.info/TamilNadu2026/candidate.php?candidate_id=3777,S. Niyaz Ahamed,118,PUDUKKOTTAI,42,Tamizhaga Vaazhvurimai Katchi,Yes 1,8th Pass,,,1,0 ~,0,,,,1,"2,00,000 ~ 2 Lacs+",200000,,Y,0
598,http://myneta.info/TamilNadu2026/candidate.php?candidate_id=598,S. Selvaraj,118,PUDUKKOTTAI,58,IND,No,8th Pass,,,1,"50,00,000 ~ 50 Lacs+",5000000,,,,1,"15,57,408 ~ 15 Lacs+",1557408,,Y,0
3787,http://myneta.info/TamilNadu2026/candidate.php?candidate_id=3787,Senthilnathan .B,118,PUDUKKOTTAI,29,IND,No,Graduate Professional,,,1,0 ~,0,,,,1,0 ~,0,,Y,0
1345,http://myneta.info/TamilNadu2026/candidate.php?candidate_id=1345,V. Muthuraja,118,PUDUKKOTTAI,49,DMK,No,Graduate Professional,,,1,"7,82,47,540 ~ 7 Crore+",78247540,,,,1,"2,20,64,374 ~ 2 Crore+",22064374,,Y,0
3797,http://myneta.info/TamilNadu2026/candidate.php?candidate_id=3797,V.R. Jayakumar,118,PUDUKKOTTAI,54,IND,No,12th Pass,,,1,0 ~,0,,,,1,0 ~,0,,Y,0
2359,http://myneta.info/TamilNadu2026/candidate.php?candidate_id=2359,Chinnathambi.P,119,THIRUMAYAM,46,IND,No,8th Pass,,,1,"5,00,000 ~ 5 Lacs+",500000,,,,1,"8,50,000 ~ 8 Lacs+",850000,,Y,0
980,http://myneta.info/TamilNadu2026/candidate.php?candidate_id=980,Chinthamani.C,119,THIRUMAYAM,37,Tamilaga Vettri Kazhagam,No,Post Graduate,,,1,"48,86,359 ~ 48 Lacs+",4886359,,,,1,"1,74,17,707 ~ 1 Crore+",17417707,,Y,0
2361,http://myneta.info/TamilNadu2026/candidate.php?candidate_id=2361,Durairajan.M,119,THIRUMAYAM,57,IND,No,8th Pass,,,1,0 ~,0,,,,1,0 ~,0,,N,0
2357,http://myneta.info/TamilNadu2026/candidate.php?candidate_id=2357,Eswar.S,119,THIRUMAYAM,27,IND,No,12th Pass,,,1,0 ~,0,,,,1,0 ~,0,,Y,0
165,http://myneta.info/TamilNadu2026/candidate.php?candidate_id=165,Lakshmi Srinivasan,119,THIRUMAYAM,43,Naam Tamilar Katchi,Yes 1,Graduate,,,1,"40,00,000 ~ 40 Lacs+",4000000,,,,1,"22,34,000 ~ 22 Lacs+",2234000,,Y,0
2354,http://myneta.info/TamilNadu2026/candidate.php?candidate_id=2354,Muthukaruppan.Cn,119,THIRUMAYAM,61,Party for the Rights of Other backward Classes,No,Post Graduate,,,1,"20,00,000 ~ 20 Lacs+",2000000,,,,1,"6,56,468 ~ 6 Lacs+",656468,,Y,0
2356,http://myneta.info/TamilNadu2026/candidate.php?candidate_id=2356,Raja.K,119,THIRUMAYAM,54,All India Puratchi Thalaivar Makkal Munnettra Kazhagam,Yes 5,Graduate,,,1,"15,00,000 ~ 15 Lacs+",1500000,,,,1,0 ~,0,,Y,7
2362,http://myneta.info/TamilNadu2026/candidate.php?candidate_id=2362,Ramnath.T,119,THIRUMAYAM,32,IND,No,Graduate Professional,,,1,0 ~,0,,,,1,0 ~,0,,Y,0
2355,http://myneta.info/TamilNadu2026/candidate.php?candidate_id=2355,Ramsingh.Sk,119,THIRUMAYAM,42,Tamizhaga Vaazhvurimai Katchi,Yes 1,Post Graduate,,,1,"25,00,000 ~ 25 Lacs+",2500000,,,,1,"15,50,000 ~ 15 Lacs+",1550000,,Y,2
1260,http://myneta.info/TamilNadu2026/candidate.php?candidate_id=1260,Regupathy.S,119,THIRUMAYAM,75,DMK,No,Graduate Professional,,,1,"13,01,06,000 ~ 13 Crore+",130106000,,,,1,"14,39,753 ~ 14 Lacs+",1439753,,Y,0
2358,http://myneta.info/TamilNadu2026/candidate.php?candidate_id=2358,Sathishkumar.M,119,THIRUMAYAM,32,IND,Yes 1,Others,,,1,0 ~,0,,,,1,0 ~,0,,Y,0
2353,http://myneta.info/TamilNadu2026/candidate.php?candidate_id=2353,Subbiah.A,119,THIRUMAYAM,55,Puthiya Tamilagam,No,12th Pass,,,1,"30,00,000 ~ 30 Lacs+",3000000,,,,1,"2,77,000 ~ 2 Lacs+",277000,,Y,0
2360,http://myneta.info/TamilNadu2026/candidate.php?candidate_id=2360,Subramanian.P,119,THIRUMAYAM,58,IND,No,Graduate,,,1,0 ~,0,,,,1,"9,60,000 ~ 9 Lacs+",960000,,Y,0
1259,http://myneta.info/TamilNadu2026/candidate.php?candidate_id=1259,Vairamuthu.Pk,119,THIRUMAYAM,71,AIADMK,Yes 1,12th Pass,,,1,"6,70,00,000 ~ 6 Crore+",67000000,,,,1,"5,92,77,631 ~ 5 Crore+",59277631,,Y,1
1520,http://myneta.info/TamilNadu2026/candidate.php?candidate_id=1520,B.Selvam,120,ALANGUDI,32,IND,No,Graduate,,,1,0 ~,0,,,,1,0 ~,0,,N,0
1516,http://myneta.info/TamilNadu2026/candidate.php?candidate_id=1516,D.Pushparaj,120,ALANGUDI,48,All India Puratchi Thalaivar Makkal Munnettra Kazhagam,Yes 1,10th Pass,,,1,"14,00,000 ~ 14 Lacs+",1400000,,,,1,"1,80,557 ~ 1 Lacs+",180557,,Y,0
1414,http://myneta.info/TamilNadu2026/candidate.php?candidate_id=1414,Dhana Vimal,120,ALANGUDI,44,AIADMK,Yes 1,Graduate Professional,,,1,"61,60,500 ~ 61 Lacs+",6160500,,,,1,0 ~,0,,Y,1
1523,http://myneta.info/TamilNadu2026/candidate.php?candidate_id=1523,K.Murugesan,120,ALANGUDI,45,IND,No,Illiterate,,,1,0 ~,0,,,,1,0 ~,0,,N,0
1412,http://myneta.info/TamilNadu2026/candidate.php?candidate_id=1412,Kandasamy,120,ALANGUDI,44,Tamilaga Vettri Kazhagam,No,Graduate Professional,,,1,"65,000 ~ 65 Thou+",65000,,,,1,0 ~,0,,Y,0
1522,http://myneta.info/TamilNadu2026/candidate.php?candidate_id=1522,M.Nagarajan,120,ALANGUDI,73,IND,No,5th Pass,,,1,"2,00,000 ~ 2 Lacs+",200000,,,,1,"1,00,000 ~ 1 Lacs+",100000,,N,0
2,http://myneta.info/TamilNadu2026/candidate.php?candidate_id=2,R.Rajaram,120,ALANGUDI,46,Naam Tamilar Katchi,Yes 2,Graduate Professional,,,1,"50,00,000 ~ 50 Lacs+",5000000,,,,1,"26,36,000 ~ 26 Lacs+",2636000,,Y,0
1515,http://myneta.info/TamilNadu2026/candidate.php?candidate_id=1515,R.Suresh,120,ALANGUDI,28,Party for the Rights of Other backward Classes,No,12th Pass,,,1,0 ~,0,,,,1,"20,000 ~ 20 Thou+",20000,,Y,0
1517,http://myneta.info/TamilNadu2026/candidate.php?candidate_id=1517,S Malaiyandi,120,ALANGUDI,33,Akila Inthiya Makkal Marumalarchi Kazhakam,No,8th Pass,,,1,0 ~,0,,,,1,0 ~,0,,Y,0
1524,http://myneta.info/TamilNadu2026/candidate.php?candidate_id=1524,S.Vanmeganadhan,120,ALANGUDI,37,IND,No,12th Pass,,,1,"3,00,000 ~ 3 Lacs+",300000,,,,1,"75,000 ~ 75 Thou+",75000,,Y,0
1519,http://myneta.info/TamilNadu2026/candidate.php?candidate_id=1519,Sasikumar.P,120,ALANGUDI,45,IND,No,Graduate Professional,,,1,"18,00,000 ~ 18 Lacs+",1800000,,,,1,"7,38,763 ~ 7 Lacs+",738763,,Y,0
1413,http://myneta.info/TamilNadu2026/candidate.php?candidate_id=1413,Siva.V.Meyyanathan,120,ALANGUDI,57,DMK,No,Post Graduate,,,1,"2,10,00,000 ~ 2 Crore+",21000000,,,,1,"81,06,237 ~ 81 Lacs+",8106237,,Y,0
1521,http://myneta.info/TamilNadu2026/candidate.php?candidate_id=1521,T.Thirumaran,120,ALANGUDI,42,IND,No,Post Graduate,,,1,0 ~,0,,,,1,0 ~,0,,N,0
1518,http://myneta.info/TamilNadu2026/candidate.php?candidate_id=1518,V.Kannadassan,120,ALANGUDI,35,IND,No,10th Pass,,,1,"7,00,000 ~ 7 Lacs+",700000,,,,1,"50,000 ~ 50 Thou+",50000,,Y,0
1574,http://myneta.info/TamilNadu2026/candidate.php?candidate_id=1574,Abdul Jaffar. S,121,ARANTHANGI,37,IND,No,10th Pass,,,1,"20,00,000 ~ 20 Lacs+",2000000,,,,1,"12,00,000 ~ 12 Lacs+",1200000,,Y,0
1575,http://myneta.info/TamilNadu2026/candidate.php?candidate_id=1575,Aiyappan,121,ARANTHANGI,46,IND,Yes 1,12th Pass,,,1,"1,00,000 ~ 1 Lacs+",100000,,,,1,0 ~,0,,Y,0
1576,http://myneta.info/TamilNadu2026/candidate.php?candidate_id=1576,Arunagiri . M,121,ARANTHANGI,58,IND,No,10th Pass,,,1,0 ~,0,,,,1,0 ~,0,,Y,0
1582,http://myneta.info/TamilNadu2026/candidate.php?candidate_id=1582,Dhetchna Moorthy. Doctor. S,121,ARANTHANGI,46,IND,No,Graduate Professional,,,1,0 ~,0,,,,1,0 ~,0,,Y,0
1579,http://myneta.info/TamilNadu2026/candidate.php?candidate_id=1579,Kalimuthu. P,121,ARANTHANGI,45,IND,No,Post Graduate,,,1,"2,50,000 ~ 2 Lacs+",250000,,,,1,0 ~,0,,Y,0
1578,http://myneta.info/TamilNadu2026/candidate.php?candidate_id=1578,Karthikeyan. N,121,ARANTHANGI,35,IND,No,Post Graduate,,,1,0 ~,0,,,,1,"93,032 ~ 93 Thou+",93032,,Y,0
1146,http://myneta.info/TamilNadu2026/candidate.php?candidate_id=1146,Kavitha Srikanth,121,ARANTHANGI,48,BJP,Yes 11,Post Graduate,,,1,"76,11,800 ~ 76 Lacs+",7611800,,,,1,"20,56,480 ~ 20 Lacs+",2056480,,Y,1
979,http://myneta.info/TamilNadu2026/candidate.php?candidate_id=979,Mohamed Farvas. J,121,ARANTHANGI,31,Tamilaga Vettri Kazhagam,Yes 1,Graduate Professional,,,1,"8,15,00,000 ~ 8 Crore+",81500000,,,,1,"52,30,301 ~ 52 Lacs+",5230301,,Y,0
1583,http://myneta.info/TamilNadu2026/candidate.php?candidate_id=1583,Murugarethinam. T,121,ARANTHANGI,26,IND,No,12th Pass,,,1,0 ~,0,,,,1,"3,00,000 ~ 3 Lacs+",300000,,Y,0
10,http://myneta.info/TamilNadu2026/candidate.php?candidate_id=10,Muthulakshmi. S,121,ARANTHANGI,34,Naam Tamilar Katchi,Yes 1,Graduate Professional,,,1,"22,00,000 ~ 22 Lacs+",2200000,,,,1,"19,75,000 ~ 19 Lacs+",1975000,,Y,0
1573,http://myneta.info/TamilNadu2026/candidate.php?candidate_id=1573,Nazim Khan. M,121,ARANTHANGI,25,Tamizhaga Vaazhvurimai Katchi,No,Graduate Professional,,,1,"20,00,000 ~ 20 Lacs+",2000000,,,,1,"19,91,256 ~ 19 Lacs+",1991256,,Y,0
1405,http://myneta.info/TamilNadu2026/candidate.php?candidate_id=1405,Ramachandran . T,121,ARANTHANGI,45,INC,No,Graduate,,,1,"8,98,26,000 ~ 8 Crore+",89826000,,,,1,"1,19,35,255 ~ 1 Crore+",11935255,,Y,0
1580,http://myneta.info/TamilNadu2026/candidate.php?candidate_id=1580,Shahul Hameed . N,121,ARANTHANGI,58,IND,Yes 1,12th Pass,,,1,"25,00,000 ~ 25 Lacs+",2500000,,,,1,0 ~,0,,Y,0
1581,http://myneta.info/TamilNadu2026/candidate.php?candidate_id=1581,Sundar . A,121,ARANTHANGI,47,IND,No,Graduate,,,1,"61,812 ~ 61 Thou+",61812,,,,1,"4,00,000 ~ 4 Lacs+",400000,,Y,0
1577,http://myneta.info/TamilNadu2026/candidate.php?candidate_id=1577,Udaiyappan. M,121,ARANTHANGI,36,IND,No,8th Pass,,,1,0 ~,0,,,,1,0 ~,0,,Y,0
737,http://myneta.info/TamilNadu2026/candidate.php?candidate_id=737,Advocate. Kathiravan. K.K,122,PARAMAKUDI (SC),40,DMK,Yes 1,Graduate Professional,,,1,"1,14,75,000 ~ 1 Crore+",11475000,,,,1,"20,63,484 ~ 20 Lacs+",2063484,,Y,0
2363,http://myneta.info/TamilNadu2026/candidate.php?candidate_id=2363,Amirtha. M,122,PARAMAKUDI (SC),42,All India Puratchi Thalaivar Makkal Munnettra Kazhagam,Yes 1,Graduate,,,1,"2,00,000 ~ 2 Lacs+",200000,,,,1,"38,60,298 ~ 38 Lacs+",3860298,,Y,0
757,http://myneta.info/TamilNadu2026/candidate.php?candidate_id=757,Dr. Muthiah. S,122,PARAMAKUDI (SC),69,AIADMK,Yes 3,Post Graduate,,,1,"4,53,62,300 ~ 4 Crore+",45362300,,,,1,"1,40,00,000 ~ 1 Crore+",14000000,,Y,0
120,http://myneta.info/TamilNadu2026/candidate.php?candidate_id=120,Ezhil Elavarasi. R,122,PARAMAKUDI (SC),38,Naam Tamilar Katchi,No,Graduate Professional,,,1,0 ~,0,,,,1,"20,97,000 ~ 20 Lacs+",2097000,,Y,0
983,http://myneta.info/TamilNadu2026/candidate.php?candidate_id=983,Gopirajan. G,122,PARAMAKUDI (SC),48,Tamilaga Vettri Kazhagam,No,Post Graduate,,,1,"1,84,51,000 ~ 1 Crore+",18451000,,,,1,"1,17,86,760 ~ 1 Crore+",11786760,,Y,0
2366,http://myneta.info/TamilNadu2026/candidate.php?candidate_id=2366,Karthik Vani. B,122,PARAMAKUDI (SC),35,IND,No,12th Pass,,,1,0 ~,0,,,,1,0 ~,0,,Y,0
2365,http://myneta.info/TamilNadu2026/candidate.php?candidate_id=2365,Kathiravan. R,122,PARAMAKUDI (SC),32,IND,No,Graduate Professional,,,1,0 ~,0,,,,1,0 ~,0,,Y,0
2367,http://myneta.info/TamilNadu2026/candidate.php?candidate_id=2367,Muththiah. M,122,PARAMAKUDI (SC),69,IND,No,Literate,,,1,0 ~,0,,,,1,0 ~,0,,Y,0
2368,http://myneta.info/TamilNadu2026/candidate.php?candidate_id=2368,Radha Krishnan. G,122,PARAMAKUDI (SC),29,IND,No,Graduate Professional,,,1,0 ~,0,,,,1,0 ~,0,,Y,0
2370,http://myneta.info/TamilNadu2026/candidate.php?candidate_id=2370,Raja. M,122,PARAMAKUDI (SC),45,IND,No,Post Graduate,,,1,0 ~,0,,,,1,0 ~,0,,Y,0
2369,http://myneta.info/TamilNadu2026/candidate.php?candidate_id=2369,Raju. A,122,PARAMAKUDI (SC),37,IND,No,Others,,,1,"10,00,000 ~ 10 Lacs+",1000000,,,,1,"30,10,000 ~ 30 Lacs+",3010000,,Y,0
2364,http://myneta.info/TamilNadu2026/candidate.php?candidate_id=2364,Rathina Prakash. K,122,PARAMAKUDI (SC),46,Puthiya Tamilagam,Yes 1,Graduate Professional,,,1,"51,00,000 ~ 51 Lacs+",5100000,,,,1,"5,00,000 ~ 5 Lacs+",500000,,Y,0
3969,http://myneta.info/TamilNadu2026/candidate.php?candidate_id=3969,A Dinesh Kumar,123,TIRUVADANAI,32,IND,No,Graduate,,,1,0 ~,0,,,,1,0 ~,0,,Y,0
575,http://myneta.info/TamilNadu2026/candidate.php?candidate_id=575,A Mani,123,TIRUVADANAI,81,IND,No,5th Pass,,,1,0 ~,0,,,,1,0 ~,0,,N,0
573,http://myneta.info/TamilNadu2026/candidate.php?candidate_id=573,A Muthusamy,123,TIRUVADANAI,61,BSP,No,Graduate,,,1,"6,00,000 ~ 6 Lacs+",600000,,,,1,0 ~,0,,Y,0
3967,http://myneta.info/TamilNadu2026/candidate.php?candidate_id=3967,A Segu Ali Uduman,123,TIRUVADANAI,59,IND,No,8th Pass,,,1,0 ~,0,,,,1,0 ~,0,,Y,0
3965,http://myneta.info/TamilNadu2026/candidate.php?candidate_id=3965,Alagarsamy Pandian,123,TIRUVADANAI,47,IND,Yes 2,10th Pass,,,1,"3,50,000 ~ 3 Lacs+",350000,,,,1,"3,90,000 ~ 3 Lacs+",390000,,Y,0
3964,http://myneta.info/TamilNadu2026/candidate.php?candidate_id=3964,Alla Pichai,123,TIRUVADANAI,81,IND,No,Graduate,,,1,"6,50,000 ~ 6 Lacs+",650000,,,,1,0 ~,0,,Y,0
3966,http://myneta.info/TamilNadu2026/candidate.php?candidate_id=3966,B Sikkandar,123,TIRUVADANAI,39,IND,No,Post Graduate,,,1,0 ~,0,,,,1,0 ~,0,,Y,0
572,http://myneta.info/TamilNadu2026/candidate.php?candidate_id=572,Devasitham,123,TIRUVADANAI,39,IND,No,Graduate Professional,,,1,0 ~,0,,,,1,"34,58,245 ~ 34 Lacs+",3458245,,Y,0
986,http://myneta.info/TamilNadu2026/candidate.php?candidate_id=986,K Kaleeswaran,123,TIRUVADANAI,40,Tamizhaga Vaazhvurimai Katchi,No,8th Pass,,,1,"10,00,000 ~ 10 Lacs+",1000000,,,,1,"3,00,000 ~ 3 Lacs+",300000,,Y,0
1291,http://myneta.info/TamilNadu2026/candidate.php?candidate_id=1291,M.Keerthika,123,TIRUVADANAI,49,AIADMK,Yes 2,Post Graduate,,,1,"9,06,65,000 ~ 9 Crore+",90665000,,,,1,"3,44,03,789 ~ 3 Crore+",34403789,,Y,2
3970,http://myneta.info/TamilNadu2026/candidate.php?candidate_id=3970,M.Vijay,123,TIRUVADANAI,30,IND,No,Graduate Professional,,,1,"2,80,000 ~ 2 Lacs+",280000,,,,1,0 ~,0,,Y,0
3963,http://myneta.info/TamilNadu2026/candidate.php?candidate_id=3963,Ms Abdul Bakki,123,TIRUVADANAI,42,IND,Yes 2,5th Pass,,,1,"3,00,000 ~ 3 Lacs+",300000,,,,1,0 ~,0,,Y,0
576,http://myneta.info/TamilNadu2026/candidate.php?candidate_id=576,N Anbu Bagurudeen,123,TIRUVADANAI,70,IND,No,5th Pass,,,1,"13,00,000 ~ 13 Lacs+",1300000,,,,1,0 ~,0,,Y,0
199,http://myneta.info/TamilNadu2026/candidate.php?candidate_id=199,N Premnath,123,TIRUVADANAI,32,Naam Tamilar Katchi,Yes 1,Graduate Professional,,,1,"5,00,000 ~ 5 Lacs+",500000,,,,1,0 ~,0,,Y,0
3960,http://myneta.info/TamilNadu2026/candidate.php?candidate_id=3960,R Ilaiyaraja,123,TIRUVADANAI,37,Indhu Dravida Makkal Katchi,Yes 5,Literate,,,1,0 ~,0,,,,1,"1,40,000 ~ 1 Lacs+",140000,,Y,2
3968,http://myneta.info/TamilNadu2026/candidate.php?candidate_id=3968,R Thilageswaran,123,TIRUVADANAI,32,IND,Yes 1,Graduate Professional,,,1,0 ~,0,,,,1,"70,000 ~ 70 Thou+",70000,,Y,0
985,http://myneta.info/TamilNadu2026/candidate.php?candidate_id=985,Rajeev,123,TIRUVADANAI,33,Tamilaga Vettri Kazhagam,No,Graduate Professional,,,1,"38,85,555 ~ 38 Lacs+",3885555,,,,1,"57,46,518 ~ 57 Lacs+",5746518,,Y,0
1292,http://myneta.info/TamilNadu2026/candidate.php?candidate_id=1292,Rm. Karumanickam,123,TIRUVADANAI,40,INC,No,Graduate Professional,,,1,"2,51,55,000 ~ 2 Crore+",25155000,,,,1,0 ~,0,,Y,0
3961,http://myneta.info/TamilNadu2026/candidate.php?candidate_id=3961,S Suresh Kasini Venthan,123,TIRUVADANAI,49,All India Forward Bloc,Yes 5,10th Pass,,,1,"37,30,000 ~ 37 Lacs+",3730000,,,,1,"29,82,340 ~ 29 Lacs+",2982340,,Y,2
3962,http://myneta.info/TamilNadu2026/candidate.php?candidate_id=3962,S.Balusamy,123,TIRUVADANAI,66,Puthiya Tamilagam,No,10th Pass,,,1,"25,84,000 ~ 25 Lacs+",2584000,,,,1,"7,00,000 ~ 7 Lacs+",700000,,Y,0
574,http://myneta.info/TamilNadu2026/candidate.php?candidate_id=574,Sakthik Kumar,123,TIRUVADANAI,45,IND,No,12th Pass,,,1,"3,70,000 ~ 3 Lacs+",370000,,,,1,0 ~,0,,N,0
3813,http://myneta.info/TamilNadu2026/candidate.php?candidate_id=3813,A. Chinna Raja,124,RAMANATHAPURAM,38,IND,No,8th Pass,,,1,"52,54,000 ~ 52 Lacs+",5254000,,,,1,"39,16,000 ~ 39 Lacs+",3916000,,Y,0
3814,http://myneta.info/TamilNadu2026/candidate.php?candidate_id=3814,Balakrishnan,124,RAMANATHAPURAM,65,IND,No,8th Pass,,,1,0 ~,0,,,,1,0 ~,0,,N,0
578,http://myneta.info/TamilNadu2026/candidate.php?candidate_id=578,C. Parirajan,124,RAMANATHAPURAM,36,Veerath Thiyagi Viswanathadoss Thozhilalarkal Katchi,Yes 2,5th Pass,,,1,0 ~,0,,,,1,0 ~,0,,Y,1
3811,http://myneta.info/TamilNadu2026/candidate.php?candidate_id=3811,Dr.J. Abubakkar Sithick,124,RAMANATHAPURAM,51,Anna Puratchi Thalaivar Amma Dravida Munnetra Kazhagam,No,Graduate,,,1,"85,63,300 ~ 85 Lacs+",8563300,,,,1,"8,90,000 ~ 8 Lacs+",890000,,Y,0
1119,http://myneta.info/TamilNadu2026/candidate.php?candidate_id=1119,Gbs K.Nagendran,124,RAMANATHAPURAM,57,BJP,Yes 2,Graduate,,,1,"10,84,99,164 ~ 10 Crore+",108499164,,,,1,"22,00,000 ~ 22 Lacs+",2200000,,Y,0
3816,http://myneta.info/TamilNadu2026/candidate.php?candidate_id=3816,K. Maleswaran,124,RAMANATHAPURAM,40,IND,No,12th Pass,,,1,"6,00,000 ~ 6 Lacs+",600000,,,,1,"9,30,000 ~ 9 Lacs+",930000,,Y,0
579,http://myneta.info/TamilNadu2026/candidate.php?candidate_id=579,Kan Ilango,124,RAMANATHAPURAM,55,IND,Yes 2,Graduate Professional,,,1,"1,15,67,918 ~ 1 Crore+",11567918,,,,1,"44,60,000 ~ 44 Lacs+",4460000,,Y,1
3812,http://myneta.info/TamilNadu2026/candidate.php?candidate_id=3812,Karthigai Pandi,124,RAMANATHAPURAM,41,IND,No,10th Pass,,,1,0 ~,0,,,,1,0 ~,0,,N,0
728,http://myneta.info/TamilNadu2026/candidate.php?candidate_id=728,Katharbatcha Muthuramalingam,124,RAMANATHAPURAM,54,DMK,Yes 2,12th Pass,,,1,"80,52,143 ~ 80 Lacs+",8052143,,,,1,0 ~,0,,Y,0
3815,http://myneta.info/TamilNadu2026/candidate.php?candidate_id=3815,Pullani,124,RAMANATHAPURAM,43,IND,Yes 2,5th Pass,,,1,"3,00,000 ~ 3 Lacs+",300000,,,,1,"5,02,810 ~ 5 Lacs+",502810,,Y,0
580,http://myneta.info/TamilNadu2026/candidate.php?candidate_id=580,S. Murugaboopathy,124,RAMANATHAPURAM,56,CPI(ML)(L),No,Graduate Professional,,,1,"70,00,000 ~ 70 Lacs+",7000000,,,,1,"14,00,000 ~ 14 Lacs+",1400000,,Y,0
136,http://myneta.info/TamilNadu2026/candidate.php?candidate_id=136,S.M. Muthu Kesavan,124,RAMANATHAPURAM,32,Naam Tamilar Katchi,No,Graduate,,,1,"40,00,000 ~ 40 Lacs+",4000000,,,,1,0 ~,0,,Y,0
984,http://myneta.info/TamilNadu2026/candidate.php?candidate_id=984,Shahul Hameed,124,RAMANATHAPURAM,57,Tamilaga Vettri Kazhagam,No,Post Graduate,,,1,"2,80,60,300 ~ 2 Crore+",28060300,,,,1,0 ~,0,,Y,0
584,http://myneta.info/TamilNadu2026/candidate.php?candidate_id=584,A. Saravanakumar,125,MUDUKULATHUR,45,Naam Indiar Party,No,8th Pass,,,1,"8,00,000 ~ 8 Lacs+",800000,,,,1,0 ~,0,,Y,0
3686,http://myneta.info/TamilNadu2026/candidate.php?candidate_id=3686,C.Kengusamy,125,MUDUKULATHUR,25,IND,No,8th Pass,,,1,0 ~,0,,,,1,0 ~,0,,Y,0
3683,http://myneta.info/TamilNadu2026/candidate.php?candidate_id=3683,C.Malaiselvam,125,MUDUKULATHUR,47,Puthiya Tamilagam,No,10th Pass,,,1,"2,75,000 ~ 2 Lacs+",275000,,,,1,0 ~,0,,Y,0
98,http://myneta.info/TamilNadu2026/candidate.php?candidate_id=98,Chandra Prabha Jeyapal,125,MUDUKULATHUR,56,Naam Tamilar Katchi,No,Post Graduate,,,1,"3,00,000 ~ 3 Lacs+",300000,,,,1,0 ~,0,,Y,0
3684,http://myneta.info/TamilNadu2026/candidate.php?candidate_id=3684,Dr.R.Ramkumar,125,MUDUKULATHUR,35,All India Puratchi Thalaivar Makkal Munnettra Kazhagam,Yes 5,Graduate Professional,,,1,"2,37,76,000 ~ 2 Crore+",23776000,,,,1,"1,31,32,861 ~ 1 Crore+",13132861,,Y,0
581,http://myneta.info/TamilNadu2026/candidate.php?candidate_id=581,G. Selvaraj,125,MUDUKULATHUR,40,Puthiya Makkal Tamil Desam Katchi,No,12th Pass,,,1,"10,00,000 ~ 10 Lacs+",1000000,,,,1,"1,03,44,859 ~ 1 Crore+",10344859,,Y,0
3685,http://myneta.info/TamilNadu2026/candidate.php?candidate_id=3685,K.Gangai Amaran,125,MUDUKULATHUR,34,IND,No,Graduate,,,1,"1,60,000 ~ 1 Lacs+",160000,,,,1,0 ~,0,,Y,0
3689,http://myneta.info/TamilNadu2026/candidate.php?candidate_id=3689,K.Murugan,125,MUDUKULATHUR,44,IND,No,10th Pass,,,1,0 ~,0,,,,1,"4,00,000 ~ 4 Lacs+",400000,,Y,0
3692,http://myneta.info/TamilNadu2026/candidate.php?candidate_id=3692,K.Rajakumar,125,MUDUKULATHUR,43,IND,No,Graduate,,,1,"2,50,000 ~ 2 Lacs+",250000,,,,1,"12,59,000 ~ 12 Lacs+",1259000,,Y,0
3682,http://myneta.info/TamilNadu2026/candidate.php?candidate_id=3682,K.Senthil Mallar,125,MUDUKULATHUR,48,Tamizhaga Vaazhvurimai Katchi,Yes 4,Post Graduate,,,1,"14,50,000 ~ 14 Lacs+",1450000,,,,1,0 ~,0,,Y,2
582,http://myneta.info/TamilNadu2026/candidate.php?candidate_id=582,M. Irulandi,125,MUDUKULATHUR,39,Namadhu Makkal Katchi,No,5th Pass,,,1,0 ~,0,,,,1,0 ~,0,,Y,0
3688,http://myneta.info/TamilNadu2026/candidate.php?candidate_id=3688,M.Boominathan Alias M.K.Vaiyavan,125,MUDUKULATHUR,43,IND,No,Graduate Professional,,,1,0 ~,0,,,,1,"3,88,000 ~ 3 Lacs+",388000,,Y,0
583,http://myneta.info/TamilNadu2026/candidate.php?candidate_id=583,M.Karuppa Samy,125,MUDUKULATHUR,26,IND,No,12th Pass,,,1,0 ~,0,,,,1,0 ~,0,,Y,0
982,http://myneta.info/TamilNadu2026/candidate.php?candidate_id=982,Malarvizhi. B,125,MUDUKULATHUR,48,Tamilaga Vettri Kazhagam,Yes 5,8th Pass,,,1,"33,00,000 ~ 33 Lacs+",3300000,,,,1,"18,94,293 ~ 18 Lacs+",1894293,,Y,0
3690,http://myneta.info/TamilNadu2026/candidate.php?candidate_id=3690,R.Moovendran,125,MUDUKULATHUR,36,IND,Yes 1,Post Graduate,,,1,"5,80,000 ~ 5 Lacs+",580000,,,,1,"8,58,000 ~ 8 Lacs+",858000,,Y,0
1198,http://myneta.info/TamilNadu2026/candidate.php?candidate_id=1198,R.S.Rajakannappan,125,MUDUKULATHUR,77,DMK,No,Graduate Professional,,,1,"88,95,000 ~ 88 Lacs+",8895000,,,,1,0 ~,0,,Y,0
3691,http://myneta.info/TamilNadu2026/candidate.php?candidate_id=3691,Ravi Govinthan,125,MUDUKULATHUR,55,IND,No,Illiterate,,,1,"51,00,000 ~ 51 Lacs+",5100000,,,,1,0 ~,0,,Y,0
939,http://myneta.info/TamilNadu2026/candidate.php?candidate_id=939,S.Pandi,125,MUDUKULATHUR,79,AIADMK,No,8th Pass,,,1,"22,72,15,000 ~ 22 Crore+",227215000,,,,1,0 ~,0,,Y,0
3687,http://myneta.info/TamilNadu2026/candidate.php?candidate_id=3687,Sathiyam C.Saravanan,125,MUDUKULATHUR,40,IND,No,Post Graduate,,,1,"4,00,000 ~ 4 Lacs+",400000,,,,1,0 ~,0,,Y,0
719,http://myneta.info/TamilNadu2026/candidate.php?candidate_id=719,V.Pandi,125,MUDUKULATHUR,61,IND,No,8th Pass,,,1,"38,00,000 ~ 38 Lacs+",3800000,,,,1,"17,00,000 ~ 17 Lacs+",1700000,,Y,0
267,http://myneta.info/TamilNadu2026/candidate.php?candidate_id=267,Ezhil Caroline,126,ARAKKONAM (SC),56,Viduthalai Chiruthaigal Katchi,No,Post Graduate,,,1,"11,25,00,000 ~ 11 Crore+",112500000,,,,1,"1,12,92,514 ~ 1 Crore+",11292514,,Y,0
3404,http://myneta.info/TamilNadu2026/candidate.php?candidate_id=3404,G. Mohan,126,ARAKKONAM (SC),65,IND,No,10th Pass,,,1,"50,00,000 ~ 50 Lacs+",5000000,,,,1,0 ~,0,,Y,0
9,http://myneta.info/TamilNadu2026/candidate.php?candidate_id=9,K. Rajkumar,126,ARAKKONAM (SC),29,Naam Tamilar Katchi,No,10th Pass,,,1,"37,00,000 ~ 37 Lacs+",3700000,,,,1,0 ~,0,,Y,0
3402,http://myneta.info/TamilNadu2026/candidate.php?candidate_id=3402,M. Manikandan,126,ARAKKONAM (SC),33,IND,No,Graduate Professional,,,1,"10,00,000 ~ 10 Lacs+",1000000,,,,1,0 ~,0,,Y,0
3401,http://myneta.info/TamilNadu2026/candidate.php?candidate_id=3401,M. Santhanam,126,ARAKKONAM (SC),38,IND,No,10th Pass,,,1,"2,75,000 ~ 2 Lacs+",275000,,,,1,"1,14,700 ~ 1 Lacs+",114700,,Y,0
3400,http://myneta.info/TamilNadu2026/candidate.php?candidate_id=3400,N. Lakshmipathy,126,ARAKKONAM (SC),54,Tamizhaga Vaazhvurimai Katchi,No,Graduate Professional,,,1,0 ~,0,,,,1,0 ~,0,,Y,0
778,http://myneta.info/TamilNadu2026/candidate.php?candidate_id=778,N. Praveenkumar,126,ARAKKONAM (SC),29,IND,No,Graduate,,,1,"15,00,000 ~ 15 Lacs+",1500000,,,,1,0 ~,0,,Y,0
777,http://myneta.info/TamilNadu2026/candidate.php?candidate_id=777,P. Govindaraj,126,ARAKKONAM (SC),49,IND,No,12th Pass,,,1,0 ~,0,,,,1,0 ~,0,,Y,0
3399,http://myneta.info/TamilNadu2026/candidate.php?candidate_id=3399,P. Sudhakar,126,ARAKKONAM (SC),47,BSP,No,12th Pass,,,1,"5,00,000 ~ 5 Lacs+",500000,,,,1,0 ~,0,,Y,0
8,http://myneta.info/TamilNadu2026/candidate.php?candidate_id=8,S. Ravi,126,ARAKKONAM (SC),62,AIADMK,Yes 3,Graduate Professional,,,1,"49,13,000 ~ 49 Lacs+",4913000,,,,1,"69,70,202 ~ 69 Lacs+",6970202,,Y,0
3403,http://myneta.info/TamilNadu2026/candidate.php?candidate_id=3403,T. Muralidharan,126,ARAKKONAM (SC),44,IND,No,12th Pass,,,1,"19,80,000 ~ 19 Lacs+",1980000,,,,1,0 ~,0,,Y,0
987,http://myneta.info/TamilNadu2026/candidate.php?candidate_id=987,V. Gandhiraj,126,ARAKKONAM (SC),52,Tamilaga Vettri Kazhagam,Yes 2,12th Pass,,,1,"3,20,70,600 ~ 3 Crore+",32070600,,,,1,0 ~,0,,Y,0
988,http://myneta.info/TamilNadu2026/candidate.php?candidate_id=988,Vetrivel. M,126,ARAKKONAM (SC),52,Aanaithinthiya Jananayaka Pathukappu Kazhagam,No,Graduate Professional,,,1,"60,000 ~ 60 Thou+",60000,,,,1,0 ~,0,,Y,0
3349,http://myneta.info/TamilNadu2026/candidate.php?candidate_id=3349,A.Anandan,127,SHOLINGHUR,36,IND,No,Graduate Professional,,,1,0 ~,0,,,,1,"3,00,000 ~ 3 Lacs+",300000,,Y,0
150,http://myneta.info/TamilNadu2026/candidate.php?candidate_id=150,A.Ashok Kumar,127,SHOLINGHUR,36,Naam Tamilar Katchi,No,Graduate Professional,,,1,"4,00,000 ~ 4 Lacs+",400000,,,,1,0 ~,0,,Y,0
1243,http://myneta.info/TamilNadu2026/candidate.php?candidate_id=1243,A.M.Munirathinam,127,SHOLINGHUR,70,INC,Yes 1,10th Pass,,,1,"26,07,00,000 ~ 26 Crore+",260700000,,,,1,"57,19,12,635 ~ 57 Crore+",571912635,,Y,0
3356,http://myneta.info/TamilNadu2026/candidate.php?candidate_id=3356,A.Palani,127,SHOLINGHUR,43,IND,No,10th Pass,,,1,0 ~,0,,,,1,"4,40,900 ~ 4 Lacs+",440900,,Y,0
492,http://myneta.info/TamilNadu2026/candidate.php?candidate_id=492,G.Kapil,127,SHOLINGHUR,32,Tamilaga Vettri Kazhagam,No,Graduate Professional,,,1,"14,77,550 ~ 14 Lacs+",1477550,,,,1,"3,12,93,078 ~ 3 Crore+",31293078,,Y,0
3358,http://myneta.info/TamilNadu2026/candidate.php?candidate_id=3358,K.Munisamy,127,SHOLINGHUR,49,IND,No,10th Pass,,,1,0 ~,0,,,,1,0 ~,0,,Y,0
1242,http://myneta.info/TamilNadu2026/candidate.php?candidate_id=1242,K.Saravanan,127,SHOLINGHUR,51,Pattali Makkal Katchi,Yes 7,Graduate Professional,,,1,"4,77,60,000 ~ 4 Crore+",47760000,,,,1,"1,52,45,542 ~ 1 Crore+",15245542,,Y,2
494,http://myneta.info/TamilNadu2026/candidate.php?candidate_id=494,Kaviyarasan.Subiramani,127,SHOLINGHUR,33,IND,No,Graduate Professional,,,1,"8,00,000 ~ 8 Lacs+",800000,,,,1,"3,00,000 ~ 3 Lacs+",300000,,Y,0
3355,http://myneta.info/TamilNadu2026/candidate.php?candidate_id=3355,M.Dinesh,127,SHOLINGHUR,33,IND,No,10th Pass,,,1,0 ~,0,,,,1,0 ~,0,,Y,0
3346,http://myneta.info/TamilNadu2026/candidate.php?candidate_id=3346,M.Giridharan,127,SHOLINGHUR,40,BSP,No,Others,,,1,0 ~,0,,,,1,0 ~,0,,Y,0
3361,http://myneta.info/TamilNadu2026/candidate.php?candidate_id=3361,M.Vijayan,127,SHOLINGHUR,42,IND,No,5th Pass,,,1,"5,34,000 ~ 5 Lacs+",534000,,,,1,0 ~,0,,Y,0
3351,http://myneta.info/TamilNadu2026/candidate.php?candidate_id=3351,N.Gopalakrishnan,127,SHOLINGHUR,50,IND,No,12th Pass,,,1,"11,14,416 ~ 11 Lacs+",1114416,,,,1,"11,69,000 ~ 11 Lacs+",1169000,,Y,0
3357,http://myneta.info/TamilNadu2026/candidate.php?candidate_id=3357,N.Mani,127,SHOLINGHUR,48,IND,No,10th Pass,,,1,0 ~,0,,,,1,0 ~,0,,Y,0
3354,http://myneta.info/TamilNadu2026/candidate.php?candidate_id=3354,R.Sethupathi,127,SHOLINGHUR,33,IND,No,12th Pass,,,1,0 ~,0,,,,1,0 ~,0,,Y,0
493,http://myneta.info/TamilNadu2026/candidate.php?candidate_id=493,R.Vinoth,127,SHOLINGHUR,33,Veerath Thiyagi Viswanathadoss Thozhilalarkal Katchi,No,10th Pass,,,1,"1,00,000 ~ 1 Lacs+",100000,,,,1,"4,40,900 ~ 4 Lacs+",440900,,Y,0
3350,http://myneta.info/TamilNadu2026/candidate.php?candidate_id=3350,S.Ilayaraja,127,SHOLINGHUR,41,IND,No,Graduate,,,1,0 ~,0,,,,1,"9,80,000 ~ 9 Lacs+",980000,,Y,0
3348,http://myneta.info/TamilNadu2026/candidate.php?candidate_id=3348,S.Senthilkumar,127,SHOLINGHUR,55,Vanchit Bahujan Aaghadi,No,12th Pass,,,1,"25,00,000 ~ 25 Lacs+",2500000,,,,1,0 ~,0,,Y,0
3353,http://myneta.info/TamilNadu2026/candidate.php?candidate_id=3353,Santhanam.R,127,SHOLINGHUR,44,IND,No,5th Pass,,,1,"3,52,000 ~ 3 Lacs+",352000,,,,1,0 ~,0,,Y,0
3347,http://myneta.info/TamilNadu2026/candidate.php?candidate_id=3347,Sudhakar.K,127,SHOLINGHUR,47,Tamizhaga Vaazhvurimai Katchi,Yes 1,Graduate Professional,,,1,"10,00,000 ~ 10 Lacs+",1000000,,,,1,"11,56,099 ~ 11 Lacs+",1156099,,Y,0
3360,http://myneta.info/TamilNadu2026/candidate.php?candidate_id=3360,T.Rajendran,127,SHOLINGHUR,54,IND,No,10th Pass,,,1,0 ~,0,,,,1,0 ~,0,,Y,0
3362,http://myneta.info/TamilNadu2026/candidate.php?candidate_id=3362,V.Hemachandiran,127,SHOLINGHUR,34,IND,No,Others,,,1,0 ~,0,,,,1,"5,00,000 ~ 5 Lacs+",500000,,Y,0
3359,http://myneta.info/TamilNadu2026/candidate.php?candidate_id=3359,V.Munirathinam,127,SHOLINGHUR,56,IND,No,10th Pass,,,1,0 ~,0,,,,1,0 ~,0,,Y,0
3352,http://myneta.info/TamilNadu2026/candidate.php?candidate_id=3352,V.Sadhasivam,127,SHOLINGHUR,50,IND,No,Graduate,,,1,"10,10,000 ~ 10 Lacs+",1010000,,,,1,"11,20,000 ~ 11 Lacs+",1120000,,Y,0
3822,http://myneta.info/TamilNadu2026/candidate.php?candidate_id=3822,A. Nareshkumar,128,RANIPET,42,IND,Yes 10,8th Pass,,,1,"53,00,000 ~ 53 Lacs+",5300000,,,,1,"11,95,000 ~ 11 Lacs+",1195000,,Y,4
3818,http://myneta.info/TamilNadu2026/candidate.php?candidate_id=3818,J. Hassain,128,RANIPET,82,IND,No,Graduate Professional,,,1,"80,00,000 ~ 80 Lacs+",8000000,,,,1,0 ~,0,,Y,0
3823,http://myneta.info/TamilNadu2026/candidate.php?candidate_id=3823,J. Mohan,128,RANIPET,39,IND,No,12th Pass,,,1,0 ~,0,,,,1,0 ~,0,,Y,0
992,http://myneta.info/TamilNadu2026/candidate.php?candidate_id=992,J.Jeniferjanet,128,RANIPET,28,BSP,No,Post Graduate,,,1,0 ~,0,,,,1,"20,51,965 ~ 20 Lacs+",2051965,,Y,0
3819,http://myneta.info/TamilNadu2026/candidate.php?candidate_id=3819,K. Sakthivel Nathan,128,RANIPET,53,IND,No,12th Pass,,,1,0 ~,0,,,,1,0 ~,0,,Y,0
3820,http://myneta.info/TamilNadu2026/candidate.php?candidate_id=3820,N. Sugumar,128,RANIPET,42,IND,No,8th Pass,,,1,0 ~,0,,,,1,0 ~,0,,Y,0
3817,http://myneta.info/TamilNadu2026/candidate.php?candidate_id=3817,N.Viswanathan,128,RANIPET,43,Tamizhaga Vaazhvurimai Katchi,Yes 2,8th Pass,,,1,"43,00,000 ~ 43 Lacs+",4300000,,,,1,0 ~,0,,Y,0
1344,http://myneta.info/TamilNadu2026/candidate.php?candidate_id=1344,R. Gandhi,128,RANIPET,80,DMK,Yes 1,10th Pass,,,1,"53,22,50,661 ~ 53 Crore+",532250661,,,,1,"35,15,06,319 ~ 35 Crore+",351506319,,Y,0
993,http://myneta.info/TamilNadu2026/candidate.php?candidate_id=993,S.Jayaprakash,128,RANIPET,70,IND,No,8th Pass,,,1,"75,00,000 ~ 75 Lacs+",7500000,,,,1,0 ~,0,,Y,0
991,http://myneta.info/TamilNadu2026/candidate.php?candidate_id=991,S.Munisamy,128,RANIPET,46,Anti Corruption Dynamic Party,No,Graduate,,,1,0 ~,0,,,,1,0 ~,0,,Y,0
293,http://myneta.info/TamilNadu2026/candidate.php?candidate_id=293,Thaarikha Salman,128,RANIPET,27,Naam Tamilar Katchi,No,Graduate,,,1,"8,00,000 ~ 8 Lacs+",800000,,,,1,0 ~,0,,Y,0
994,http://myneta.info/TamilNadu2026/candidate.php?candidate_id=994,Thahira,128,RANIPET,40,Tamilaga Vettri Kazhagam,No,10th Pass,,,1,0 ~,0,,,,1,0 ~,0,,Y,0
490,http://myneta.info/TamilNadu2026/candidate.php?candidate_id=490,V. Dharmendiran,128,RANIPET,49,IND,Yes 3,Graduate,,,1,"39,48,000 ~ 39 Lacs+",3948000,,,,1,0 ~,0,,Y,0
3821,http://myneta.info/TamilNadu2026/candidate.php?candidate_id=3821,V. Suresh,128,RANIPET,47,IND,No,5th Pass,,,1,"14,00,000 ~ 14 Lacs+",1400000,,,,1,0 ~,0,,Y,0
1343,http://myneta.info/TamilNadu2026/candidate.php?candidate_id=1343,V.M. Karthikeyan,128,RANIPET,55,BJP,No,12th Pass,,,1,"2,40,29,995 ~ 2 Crore+",24029995,,,,1,"1,07,24,137 ~ 1 Crore+",10724137,,Y,0
3370,http://myneta.info/TamilNadu2026/candidate.php?candidate_id=3370,A.Vijay,129,ARCOT,30,IND,No,Others,,,1,0 ~,0,,,,1,0 ~,0,,Y,0
12,http://myneta.info/TamilNadu2026/candidate.php?candidate_id=12,Archana Narasimman,129,ARCOT,32,Naam Tamilar Katchi,No,Post Graduate,,,1,"60,20,000 ~ 60 Lacs+",6020000,,,,1,"39,70,000 ~ 39 Lacs+",3970000,,Y,0
3367,http://myneta.info/TamilNadu2026/candidate.php?candidate_id=3367,Eswarappan.M,129,ARCOT,44,IND,No,Illiterate,,,1,"15,00,000 ~ 15 Lacs+",1500000,,,,1,0 ~,0,,Y,0
321,http://myneta.info/TamilNadu2026/candidate.php?candidate_id=321,G.Vijay Mohan,129,ARCOT,41,Tamilaga Vettri Kazhagam,No,5th Pass,,,1,0 ~,0,,,,1,"25,21,000 ~ 25 Lacs+",2521000,,Y,0
1402,http://myneta.info/TamilNadu2026/candidate.php?candidate_id=1402,J.L.Eswarappan,129,ARCOT,47,DMK,No,Graduate Professional,,,1,"3,49,15,000 ~ 3 Crore+",34915000,,,,1,"1,25,00,000 ~ 1 Crore+",12500000,,Y,0
3369,http://myneta.info/TamilNadu2026/candidate.php?candidate_id=3369,K.Manikandan,129,ARCOT,47,IND,No,8th Pass,,,1,0 ~,0,,,,1,0 ~,0,,Y,0
3363,http://myneta.info/TamilNadu2026/candidate.php?candidate_id=3363,M.Vasanthakumar,129,ARCOT,33,BSP,No,Graduate,,,1,0 ~,0,,,,1,0 ~,0,,Y,0
3366,http://myneta.info/TamilNadu2026/candidate.php?candidate_id=3366,P.Venkatesan,129,ARCOT,54,Tamizhaga Vaazhvurimai Katchi,No,5th Pass,,,1,"87,50,000 ~ 87 Lacs+",8750000,,,,1,"14,95,000 ~ 14 Lacs+",1495000,,Y,0
652,http://myneta.info/TamilNadu2026/candidate.php?candidate_id=652,R.Indhumathi,129,ARCOT,44,IND,No,12th Pass,,,1,"50,00,000 ~ 50 Lacs+",5000000,,,,1,0 ~,0,,Y,0
989,http://myneta.info/TamilNadu2026/candidate.php?candidate_id=989,S.M.Sukumar,129,ARCOT,65,AIADMK,Yes 1,10th Pass,,,1,"17,54,38,720 ~ 17 Crore+",175438720,,,,1,0 ~,0,,Y,0
3365,http://myneta.info/TamilNadu2026/candidate.php?candidate_id=3365,S.P.Shanmugam,129,ARCOT,56,Aanaithinthiya Jananayaka Pathukappu Kazhagam,No,Graduate,,,1,"51,75,000 ~ 51 Lacs+",5175000,,,,1,"2,07,000 ~ 2 Lacs+",207000,,Y,0
3364,http://myneta.info/TamilNadu2026/candidate.php?candidate_id=3364,V.Gandhi,129,ARCOT,54,Vanchit Bahujan Aaghadi,No,10th Pass,,,1,"38,50,000 ~ 38 Lacs+",3850000,,,,1,0 ~,0,,Y,0
990,http://myneta.info/TamilNadu2026/candidate.php?candidate_id=990,V.Seetharaman,129,ARCOT,42,Anti Corruption Dynamic Party,No,8th Pass,,,1,"9,75,000 ~ 9 Lacs+",975000,,,,1,0 ~,0,,Y,0
3368,http://myneta.info/TamilNadu2026/candidate.php?candidate_id=3368,V.Shanthi,129,ARCOT,62,IND,No,8th Pass,,,1,"50,00,000 ~ 50 Lacs+",5000000,,,,1,0 ~,0,,Y,0
43,http://myneta.info/TamilNadu2026/candidate.php?candidate_id=43,Abirami. A,130,GANGAVALLI (SC),31,Naam Tamilar Katchi,No,10th Pass,,,1,0 ~,0,,,,1,"17,04,144 ~ 17 Lacs+",1704144,,Y,0
2741,http://myneta.info/TamilNadu2026/candidate.php?candidate_id=2741,Anbazhagan. S,130,GANGAVALLI (SC),59,Anna Makkal Katchi,No,Graduate Professional,,,1,0 ~,0,,,,1,"1,65,000 ~ 1 Lacs+",165000,,Y,0
707,http://myneta.info/TamilNadu2026/candidate.php?candidate_id=707,Balakrishnan. P,130,GANGAVALLI (SC),37,BSP,No,12th Pass,,,1,0 ~,0,,,,1,0 ~,0,,Y,0
1372,http://myneta.info/TamilNadu2026/candidate.php?candidate_id=1372,Chinnadurai. K,130,GANGAVALLI (SC),59,DMK,No,Graduate Professional,,,1,"1,80,47,500 ~ 1 Crore+",18047500,,,,1,"57,53,500 ~ 57 Lacs+",5753500,,Y,0
2747,http://myneta.info/TamilNadu2026/candidate.php?candidate_id=2747,Dhanapal. S,130,GANGAVALLI (SC),49,IND,No,10th Pass,,,1,0 ~,0,,,,1,"1,91,000 ~ 1 Lacs+",191000,,Y,0
2745,http://myneta.info/TamilNadu2026/candidate.php?candidate_id=2745,Gunaprakash. D,130,GANGAVALLI (SC),26,IND,No,Graduate,,,1,0 ~,0,,,,1,0 ~,0,,Y,0
2744,http://myneta.info/TamilNadu2026/candidate.php?candidate_id=2744,Kannan. S,130,GANGAVALLI (SC),54,IND,No,8th Pass,,,1,"10,00,000 ~ 10 Lacs+",1000000,,,,1,0 ~,0,,Y,0
2742,http://myneta.info/TamilNadu2026/candidate.php?candidate_id=2742,Kaviarasan. T.T,130,GANGAVALLI (SC),33,Tamizhaga Vaazhvurimai Katchi,Yes 6,12th Pass,,,1,"3,00,000 ~ 3 Lacs+",300000,,,,1,"90,000 ~ 90 Thou+",90000,,Y,2
2743,http://myneta.info/TamilNadu2026/candidate.php?candidate_id=2743,Marimuthu. S,130,GANGAVALLI (SC),45,Puthiya Tamilagam,No,8th Pass,,,1,0 ~,0,,,,1,0 ~,0,,Y,0
296,http://myneta.info/TamilNadu2026/candidate.php?candidate_id=296,Nallathambi. A,130,GANGAVALLI (SC),61,AIADMK,Yes 3,5th Pass,,,1,"32,50,000 ~ 32 Lacs+",3250000,,,,1,"10,89,825 ~ 10 Lacs+",1089825,,Y,0
2748,http://myneta.info/TamilNadu2026/candidate.php?candidate_id=2748,Ramesh. S,130,GANGAVALLI (SC),37,IND,No,Others,,,1,0 ~,0,,,,1,"72,087 ~ 72 Thou+",72087,,Y,0
996,http://myneta.info/TamilNadu2026/candidate.php?candidate_id=996,Sujatha. V,130,GANGAVALLI (SC),53,Tamilaga Vettri Kazhagam,No,Doctorate,,,1,"4,50,90,000 ~ 4 Crore+",45090000,,,,1,"14,32,73,866 ~ 14 Crore+",143273866,,Y,0
2746,http://myneta.info/TamilNadu2026/candidate.php?candidate_id=2746,Tamilarasan. T,130,GANGAVALLI (SC),40,IND,No,10th Pass,,,1,0 ~,0,,,,1,0 ~,0,,Y,0
1399,http://myneta.info/TamilNadu2026/candidate.php?candidate_id=1399,Arthanari. S.K.,131,ATTUR (SC),49,INC,No,Post Graduate,,,1,"44,00,000 ~ 44 Lacs+",4400000,,,,1,"18,50,000 ~ 18 Lacs+",1850000,,Y,0
658,http://myneta.info/TamilNadu2026/candidate.php?candidate_id=658,Jagan. T.,131,ATTUR (SC),35,IND,No,10th Pass,,,1,0 ~,0,,,,1,0 ~,0,,Y,0
758,http://myneta.info/TamilNadu2026/candidate.php?candidate_id=758,Jayasankaran. A.P.,131,ATTUR (SC),55,AIADMK,Yes 3,12th Pass,,,1,"5,10,00,000 ~ 5 Crore+",51000000,,,,1,"6,48,449 ~ 6 Lacs+",648449,,Y,0
1570,http://myneta.info/TamilNadu2026/candidate.php?candidate_id=1570,Manickam. K.,131,ATTUR (SC),68,IND,No,Doctorate,,,1,"1,00,00,000 ~ 1 Crore+",10000000,,,,1,"2,80,000 ~ 2 Lacs+",280000,,Y,0
1568,http://myneta.info/TamilNadu2026/candidate.php?candidate_id=1568,Manikandan. M.,131,ATTUR (SC),43,IND,No,Graduate,,,1,0 ~,0,,,,1,0 ~,0,,Y,0
1569,http://myneta.info/TamilNadu2026/candidate.php?candidate_id=1569,Manimaran. A.,131,ATTUR (SC),47,IND,No,8th Pass,,,1,0 ~,0,,,,1,"2,21,820 ~ 2 Lacs+",221820,,Y,0
16,http://myneta.info/TamilNadu2026/candidate.php?candidate_id=16,Monisha Chinnadurai,131,ATTUR (SC),36,Naam Tamilar Katchi,No,Graduate Professional,,,1,"1,24,86,000 ~ 1 Crore+",12486000,,,,1,0 ~,0,,Y,0
1564,http://myneta.info/TamilNadu2026/candidate.php?candidate_id=1564,Palaniyammal. S.,131,ATTUR (SC),50,Desiya Makkal Sakthi Katchi,No,8th Pass,,,1,0 ~,0,,,,1,0 ~,0,,Y,0
1567,http://myneta.info/TamilNadu2026/candidate.php?candidate_id=1567,Poomalai. C.,131,ATTUR (SC),46,IND,No,Graduate Professional,,,1,"3,02,000 ~ 3 Lacs+",302000,,,,1,0 ~,0,,Y,0
1571,http://myneta.info/TamilNadu2026/candidate.php?candidate_id=1571,Rajeshkannan. K.,131,ATTUR (SC),34,IND,No,8th Pass,,,1,0 ~,0,,,,1,"11,35,650 ~ 11 Lacs+",1135650,,Y,0
1565,http://myneta.info/TamilNadu2026/candidate.php?candidate_id=1565,Ramesh. G.,131,ATTUR (SC),50,Tamizhaga Vaazhvurimai Katchi,Yes 1,10th Pass,,,1,0 ~,0,,,,1,"1,70,000 ~ 1 Lacs+",170000,,Y,0
1563,http://myneta.info/TamilNadu2026/candidate.php?candidate_id=1563,Sellammal. V.M.,131,ATTUR (SC),52,BSP,No,8th Pass,,,1,"10,00,000 ~ 10 Lacs+",1000000,,,,1,0 ~,0,,Y,0
995,http://myneta.info/TamilNadu2026/candidate.php?candidate_id=995,Selvabharathi. R.,131,ATTUR (SC),38,Tamilaga Vettri Kazhagam,Yes 2,Post Graduate,,,1,0 ~,0,,,,1,"29,85,870 ~ 29 Lacs+",2985870,,Y,3
1566,http://myneta.info/TamilNadu2026/candidate.php?candidate_id=1566,Selvakannan. L.,131,ATTUR (SC),47,IND,No,8th Pass,,,1,"5,00,000 ~ 5 Lacs+",500000,,,,1,0 ~,0,,Y,0
1572,http://myneta.info/TamilNadu2026/candidate.php?candidate_id=1572,Varatharaj. G.,131,ATTUR (SC),53,IND,No,5th Pass,,,1,0 ~,0,,,,1,0 ~,0,,Y,0
1901,http://myneta.info/TamilNadu2026/candidate.php?candidate_id=1901,A.Kaliyappan,132,YERCAUD (ST),52,IND,No,5th Pass,,,1,"60,00,000 ~ 60 Lacs+",6000000,,,,1,"7,86,000 ~ 7 Lacs+",786000,,Y,0
371,http://myneta.info/TamilNadu2026/candidate.php?candidate_id=371,Gopi. C,132,YERCAUD (ST),35,CPI(ML)(L),No,8th Pass,,,1,"44,00,000 ~ 44 Lacs+",4400000,,,,1,"95,000 ~ 95 Thou+",95000,,Y,0
1898,http://myneta.info/TamilNadu2026/candidate.php?candidate_id=1898,K.Palanisamy,132,YERCAUD (ST),54,BSP,No,10th Pass,,,1,0 ~,0,,,,1,0 ~,0,,Y,0
328,http://myneta.info/TamilNadu2026/candidate.php?candidate_id=328,Lakshmi Janarthanan. J,132,YERCAUD (ST),30,Tamilaga Vettri Kazhagam,No,10th Pass,,,1,"4,00,000 ~ 4 Lacs+",400000,,,,1,"10,31,888 ~ 10 Lacs+",1031888,,Y,0
1900,http://myneta.info/TamilNadu2026/candidate.php?candidate_id=1900,N.Karthik,132,YERCAUD (ST),42,IND,No,5th Pass,,,1,0 ~,0,,,,1,"3,00,000 ~ 3 Lacs+",300000,,Y,0
1904,http://myneta.info/TamilNadu2026/candidate.php?candidate_id=1904,N.Vijayakumar,132,YERCAUD (ST),27,IND,No,10th Pass,,,1,"6,50,000 ~ 6 Lacs+",650000,,,,1,0 ~,0,,Y,0
1334,http://myneta.info/TamilNadu2026/candidate.php?candidate_id=1334,P.Usharani,132,YERCAUD (ST),54,AIADMK,No,8th Pass,,,1,"13,75,00,000 ~ 13 Crore+",137500000,,,,1,"1,75,15,115 ~ 1 Crore+",17515115,,Y,0
227,http://myneta.info/TamilNadu2026/candidate.php?candidate_id=227,Palanisamy. M,132,YERCAUD (ST),26,Naam Tamilar Katchi,No,Graduate,,,1,0 ~,0,,,,1,"74,800 ~ 74 Thou+",74800,,Y,0
1903,http://myneta.info/TamilNadu2026/candidate.php?candidate_id=1903,Pazhanivel. K,132,YERCAUD (ST),45,IND,No,5th Pass,,,1,"60,00,000 ~ 60 Lacs+",6000000,,,,1,"2,74,000 ~ 2 Lacs+",274000,,Y,0
1905,http://myneta.info/TamilNadu2026/candidate.php?candidate_id=1905,S.Venkatesan,132,YERCAUD (ST),31,IND,No,Graduate,,,1,"1,00,000 ~ 1 Lacs+",100000,,,,1,0 ~,0,,Y,0
1333,http://myneta.info/TamilNadu2026/candidate.php?candidate_id=1333,T.M.Revathi,132,YERCAUD (ST),44,DMK,No,Graduate Professional,,,1,"51,00,000 ~ 51 Lacs+",5100000,,,,1,"21,78,061 ~ 21 Lacs+",2178061,,Y,0
1899,http://myneta.info/TamilNadu2026/candidate.php?candidate_id=1899,T.Vengateshsan,132,YERCAUD (ST),48,Tamizhaga Vaazhvurimai Katchi,No,5th Pass,,,1,"20,85,000 ~ 20 Lacs+",2085000,,,,1,"8,00,000 ~ 8 Lacs+",800000,,Y,0
1902,http://myneta.info/TamilNadu2026/candidate.php?candidate_id=1902,Thangadurai.N,132,YERCAUD (ST),49,IND,No,8th Pass,,,1,0 ~,0,,,,1,"7,42,400 ~ 7 Lacs+",742400,,Y,0
998,http://myneta.info/TamilNadu2026/candidate.php?candidate_id=998,Adhiyamaan. R.V,133,OMALUR,29,Tamilaga Vettri Kazhagam,No,Graduate Professional,,,1,"67,10,000 ~ 67 Lacs+",6710000,,,,1,"12,90,000 ~ 12 Lacs+",1290000,,Y,0
2750,http://myneta.info/TamilNadu2026/candidate.php?candidate_id=2750,Arul Prakash. T,133,OMALUR,33,IND,No,Others,,,1,0 ~,0,,,,1,"5,37,000 ~ 5 Lacs+",537000,,Y,0
751,http://myneta.info/TamilNadu2026/candidate.php?candidate_id=751,Elangovan. A.R,133,OMALUR,59,Desiya Murpokku Dravida Kazhagam,No,8th Pass,,,1,"2,27,25,000 ~ 2 Crore+",22725000,,,,1,"31,71,238 ~ 31 Lacs+",3171238,,Y,0
2751,http://myneta.info/TamilNadu2026/candidate.php?candidate_id=2751,Gobinathan. R,133,OMALUR,35,IND,No,Graduate Professional,,,1,0 ~,0,,,,1,"4,77,811 ~ 4 Lacs+",477811,,Y,0
2758,http://myneta.info/TamilNadu2026/candidate.php?candidate_id=2758,Jeganathan. A,133,OMALUR,42,IND,No,5th Pass,,,1,"40,00,000 ~ 40 Lacs+",4000000,,,,1,0 ~,0,,Y,0
999,http://myneta.info/TamilNadu2026/candidate.php?candidate_id=999,Krishnamoorthy. D,133,OMALUR,44,Tamizhaga Vaazhvurimai Katchi,No,Post Graduate,,,1,"13,00,000 ~ 13 Lacs+",1300000,,,,1,"54,70,288 ~ 54 Lacs+",5470288,,Y,0
1099,http://myneta.info/TamilNadu2026/candidate.php?candidate_id=1099,Mani. R,133,OMALUR,48,AIADMK,Yes 3,Graduate Professional,,,1,"2,75,00,000 ~ 2 Crore+",27500000,,,,1,"12,39,708 ~ 12 Lacs+",1239708,,Y,0
2754,http://myneta.info/TamilNadu2026/candidate.php?candidate_id=2754,Mani. V,133,OMALUR,45,IND,No,5th Pass,,,1,0 ~,0,,,,1,0 ~,0,,Y,0
2755,http://myneta.info/TamilNadu2026/candidate.php?candidate_id=2755,Manokaran. A,133,OMALUR,36,IND,No,10th Pass,,,1,0 ~,0,,,,1,"13,93,000 ~ 13 Lacs+",1393000,,Y,0
2756,http://myneta.info/TamilNadu2026/candidate.php?candidate_id=2756,Mayakkannan. R,133,OMALUR,33,IND,No,10th Pass,,,1,0 ~,0,,,,1,0 ~,0,,Y,0
2757,http://myneta.info/TamilNadu2026/candidate.php?candidate_id=2757,Mohanraj. P.M,133,OMALUR,47,IND,No,12th Pass,,,1,"1,22,00,000 ~ 1 Crore+",12200000,,,,1,0 ~,0,,Y,0
2753,http://myneta.info/TamilNadu2026/candidate.php?candidate_id=2753,Perumal. S,133,OMALUR,75,IND,No,Graduate,,,1,"10,50,000 ~ 10 Lacs+",1050000,,,,1,0 ~,0,,Y,0
2752,http://myneta.info/TamilNadu2026/candidate.php?candidate_id=2752,Santhalingam. C,133,OMALUR,32,IND,No,Graduate Professional,,,1,0 ~,0,,,,1,"1,85,000 ~ 1 Lacs+",185000,,Y,0
1153,http://myneta.info/TamilNadu2026/candidate.php?candidate_id=1153,Sivasakthi. M,133,OMALUR,27,Naam Tamilar Katchi,No,Post Graduate,,,1,"10,00,000 ~ 10 Lacs+",1000000,,,,1,"32,43,972 ~ 32 Lacs+",3243972,,Y,0
2749,http://myneta.info/TamilNadu2026/candidate.php?candidate_id=2749,Sureshkumar. S,133,OMALUR,47,Aanaithinthiya Jananayaka Pathukappu Kazhagam,No,Others,,,1,"77,99,246 ~ 77 Lacs+",7799246,,,,1,"7,00,000 ~ 7 Lacs+",700000,,Y,0
2765,http://myneta.info/TamilNadu2026/candidate.php?candidate_id=2765,Chidambaram. A,134,METTUR,42,IND,No,Others,,,1,"20,00,000 ~ 20 Lacs+",2000000,,,,1,0 ~,0,,Y,0
997,http://myneta.info/TamilNadu2026/candidate.php?candidate_id=997,Dr.Padmarajan. K,134,METTUR,65,IND,No,Post Graduate,,,1,"14,00,000 ~ 14 Lacs+",1400000,,,,1,0 ~,0,,Y,0
2766,http://myneta.info/TamilNadu2026/candidate.php?candidate_id=2766,Durairaj. V,134,METTUR,46,IND,Yes 1,Post Graduate,,,1,"1,41,00,000 ~ 1 Crore+",14100000,,,,1,"50,95,000 ~ 50 Lacs+",5095000,,Y,0
2771,http://myneta.info/TamilNadu2026/candidate.php?candidate_id=2771,Jaganathan. A,134,METTUR,71,IND,No,Post Graduate,,,1,"60,00,000 ~ 60 Lacs+",6000000,,,,1,0 ~,0,,Y,0
2761,http://myneta.info/TamilNadu2026/candidate.php?candidate_id=2761,Kannan. M,134,METTUR,40,IND,No,Others,,,1,0 ~,0,,,,1,0 ~,0,,Y,0
2762,http://myneta.info/TamilNadu2026/candidate.php?candidate_id=2762,Kannan. R,134,METTUR,45,IND,No,10th Pass,,,1,"10,00,000 ~ 10 Lacs+",1000000,,,,1,"3,70,000 ~ 3 Lacs+",370000,,Y,0
2763,http://myneta.info/TamilNadu2026/candidate.php?candidate_id=2763,Krishnamoorthy. P,134,METTUR,35,IND,No,Others,,,1,0 ~,0,,,,1,"2,57,800 ~ 2 Lacs+",257800,,Y,0
1098,http://myneta.info/TamilNadu2026/candidate.php?candidate_id=1098,Midhun Chakravarthy. M,134,METTUR,35,DMK,No,Graduate Professional,,,1,"8,61,42,000 ~ 8 Crore+",86142000,,,,1,"1,85,204 ~ 1 Lacs+",185204,,Y,0
2768,http://myneta.info/TamilNadu2026/candidate.php?candidate_id=2768,Murugan. P,134,METTUR,36,IND,No,12th Pass,,,1,0 ~,0,,,,1,0 ~,0,,Y,0
2759,http://myneta.info/TamilNadu2026/candidate.php?candidate_id=2759,Periyaponnu. O,134,METTUR,62,Tamizhaga Vaazhvurimai Katchi,No,Others,,,1,"30,00,000 ~ 30 Lacs+",3000000,,,,1,"23,10,000 ~ 23 Lacs+",2310000,,Y,0
2767,http://myneta.info/TamilNadu2026/candidate.php?candidate_id=2767,Prabakaran. S,134,METTUR,34,IND,No,Post Graduate,,,1,0 ~,0,,,,1,"7,000 ~ 7 Thou+",7000,,Y,0
2769,http://myneta.info/TamilNadu2026/candidate.php?candidate_id=2769,Ramkumar. D.M,134,METTUR,34,IND,No,Others,,,1,"5,00,000 ~ 5 Lacs+",500000,,,,1,"1,14,300 ~ 1 Lacs+",114300,,Y,0
2764,http://myneta.info/TamilNadu2026/candidate.php?candidate_id=2764,Saravanakumar. M,134,METTUR,47,IND,No,12th Pass,,,1,0 ~,0,,,,1,0 ~,0,,Y,0
1197,http://myneta.info/TamilNadu2026/candidate.php?candidate_id=1197,Selvam. K,134,METTUR,42,Tamilaga Vettri Kazhagam,No,8th Pass,,,1,"18,00,000 ~ 18 Lacs+",1800000,,,,1,"22,90,282 ~ 22 Lacs+",2290282,,Y,0
2760,http://myneta.info/TamilNadu2026/candidate.php?candidate_id=2760,Velu. A,134,METTUR,40,Vada Tamil Nadu Munnetra Katchi,No,8th Pass,,,1,"1,50,000 ~ 1 Lacs+",150000,,,,1,0 ~,0,,Y,0
1196,http://myneta.info/TamilNadu2026/candidate.php?candidate_id=1196,Venkatachalam. G,134,METTUR,61,AIADMK,Yes 5,8th Pass,,,1,"1,64,50,000 ~ 1 Crore+",16450000,,,,1,"29,93,059 ~ 29 Lacs+",2993059,,Y,1
2770,http://myneta.info/TamilNadu2026/candidate.php?candidate_id=2770,Venkatasalam. G,134,METTUR,39,IND,No,Graduate Professional,,,1,"5,00,000 ~ 5 Lacs+",500000,,,,1,"12,00,000 ~ 12 Lacs+",1200000,,Y,0
96,http://myneta.info/TamilNadu2026/candidate.php?candidate_id=96,Vidhya Veerappan,134,METTUR,35,Naam Tamilar Katchi,No,12th Pass,,,1,0 ~,0,,,,1,"3,50,000 ~ 3 Lacs+",350000,,Y,0
1118,http://myneta.info/TamilNadu2026/candidate.php?candidate_id=1118,Edappadi Palaniswami. K,135,EDAPPADI,72,AIADMK,Yes 5,12th Pass,,,1,"5,83,00,000 ~ 5 Crore+",58300000,,,,1,"17,00,000 ~ 17 Lacs+",1700000,,Y,0
3453,http://myneta.info/TamilNadu2026/candidate.php?candidate_id=3453,Elumalai. P,135,EDAPPADI,45,IND,Yes 1,8th Pass,,,1,"10,60,000 ~ 10 Lacs+",1060000,,,,1,"8,25,317 ~ 8 Lacs+",825317,,Y,1
3451,http://myneta.info/TamilNadu2026/candidate.php?candidate_id=3451,Govindaraj.V,135,EDAPPADI,36,Tamizhaga Vaazhvurimai Katchi,No,Graduate,,,1,"32,00,000 ~ 32 Lacs+",3200000,,,,1,0 ~,0,,Y,0
3454,http://myneta.info/TamilNadu2026/candidate.php?candidate_id=3454,Iyyappan Perumal. P,135,EDAPPADI,41,IND,No,Graduate,,,1,"4,50,000 ~ 4 Lacs+",450000,,,,1,"4,57,000 ~ 4 Lacs+",457000,,Y,0
1379,http://myneta.info/TamilNadu2026/candidate.php?candidate_id=1379,Kasi. C,135,EDAPPADI,66,DMK,No,Illiterate,,,1,"2,20,36,000 ~ 2 Crore+",22036000,,,,1,"2,47,89,489 ~ 2 Crore+",24789489,,Y,0
694,http://myneta.info/TamilNadu2026/candidate.php?candidate_id=694,Kumaresan. M,135,EDAPPADI,70,IND,No,Others,,,1,"80,00,000 ~ 80 Lacs+",8000000,,,,1,0 ~,0,,Y,0
3458,http://myneta.info/TamilNadu2026/candidate.php?candidate_id=3458,Murugan. C,135,EDAPPADI,47,IND,No,Illiterate,,,1,0 ~,0,,,,1,0 ~,0,,Y,0
3459,http://myneta.info/TamilNadu2026/candidate.php?candidate_id=3459,Murugan. M,135,EDAPPADI,37,IND,No,Graduate,,,1,0 ~,0,,,,1,0 ~,0,,Y,0
3457,http://myneta.info/TamilNadu2026/candidate.php?candidate_id=3457,Premkumar. K,135,EDAPPADI,43,IND,No,5th Pass,,,1,"15,00,000 ~ 15 Lacs+",1500000,,,,1,0 ~,0,,Y,0
38,http://myneta.info/TamilNadu2026/candidate.php?candidate_id=38,Priyadharshini. A,135,EDAPPADI,37,Naam Tamilar Katchi,No,Post Graduate,,,1,0 ~,0,,,,1,"5,26,236 ~ 5 Lacs+",526236,,Y,0
696,http://myneta.info/TamilNadu2026/candidate.php?candidate_id=696,Raja. K,135,EDAPPADI,65,IND,No,Graduate Professional,,,1,"50,00,000 ~ 50 Lacs+",5000000,,,,1,0 ~,0,,Y,0
695,http://myneta.info/TamilNadu2026/candidate.php?candidate_id=695,Sakthivel. S,135,EDAPPADI,57,IND,No,8th Pass,,,1,"27,00,000 ~ 27 Lacs+",2700000,,,,1,0 ~,0,,Y,0
3455,http://myneta.info/TamilNadu2026/candidate.php?candidate_id=3455,Subramani. P,135,EDAPPADI,42,IND,No,10th Pass,,,1,0 ~,0,,,,1,0 ~,0,,Y,0
3452,http://myneta.info/TamilNadu2026/candidate.php?candidate_id=3452,Suresh. L,135,EDAPPADI,54,All India Puratchi Thalaivar Makkal Munnettra Kazhagam,Yes 1,10th Pass,,,1,"28,48,100 ~ 28 Lacs+",2848100,,,,1,0 ~,0,,Y,0
3456,http://myneta.info/TamilNadu2026/candidate.php?candidate_id=3456,Thulasimani. P,135,EDAPPADI,38,IND,No,Illiterate,,,1,"8,00,000 ~ 8 Lacs+",800000,,,,1,0 ~,0,,Y,0
2123,http://myneta.info/TamilNadu2026/candidate.php?candidate_id=2123,Dr. Gurunathan. S,136,SANKARI,55,Indhu Dravida Makkal Katchi,No,Doctorate,,,1,"3,80,000 ~ 3 Lacs+",380000,,,,1,"7,96,000 ~ 7 Lacs+",796000,,Y,0
2128,http://myneta.info/TamilNadu2026/candidate.php?candidate_id=2128,Durairaj. C,136,SANKARI,69,IND,No,10th Pass,,,1,"50,00,000 ~ 50 Lacs+",5000000,,,,1,0 ~,0,,Y,0
2131,http://myneta.info/TamilNadu2026/candidate.php?candidate_id=2131,Manikandan. D,136,SANKARI,32,IND,No,Graduate,,,1,0 ~,0,,,,1,"17,000 ~ 17 Thou+",17000,,Y,0
1341,http://myneta.info/TamilNadu2026/candidate.php?candidate_id=1341,Manikandan. M,136,SANKARI,37,DMK,No,8th Pass,,,1,"55,60,000 ~ 55 Lacs+",5560000,,,,1,"4,04,00,792 ~ 4 Crore+",40400792,,Y,0
2132,http://myneta.info/TamilNadu2026/candidate.php?candidate_id=2132,Manikandan. P,136,SANKARI,30,IND,No,8th Pass,,,1,0 ~,0,,,,1,0 ~,0,,Y,0
2133,http://myneta.info/TamilNadu2026/candidate.php?candidate_id=2133,Mayilkumar. M,136,SANKARI,45,IND,No,Post Graduate,,,1,"12,00,000 ~ 12 Lacs+",1200000,,,,1,"2,15,000 ~ 2 Lacs+",215000,,Y,0
147,http://myneta.info/TamilNadu2026/candidate.php?candidate_id=147,Nithya. A,136,SANKARI,36,Naam Tamilar Katchi,No,Post Graduate,,,1,"85,00,000 ~ 85 Lacs+",8500000,,,,1,"1,24,00,000 ~ 1 Crore+",12400000,,Y,0
2129,http://myneta.info/TamilNadu2026/candidate.php?candidate_id=2129,Paramasivam. R,136,SANKARI,40,IND,No,5th Pass,,,1,0 ~,0,,,,1,0 ~,0,,Y,0
2130,http://myneta.info/TamilNadu2026/candidate.php?candidate_id=2130,Poovarasan. S,136,SANKARI,29,IND,No,Graduate Professional,,,1,"17,75,000 ~ 17 Lacs+",1775000,,,,1,"2,10,000 ~ 2 Lacs+",210000,,Y,0
2135,http://myneta.info/TamilNadu2026/candidate.php?candidate_id=2135,Rameshkumar. V,136,SANKARI,43,IND,No,5th Pass,,,1,0 ~,0,,,,1,0 ~,0,,Y,0
2134,http://myneta.info/TamilNadu2026/candidate.php?candidate_id=2134,Ranjith Kumar. V,136,SANKARI,33,IND,No,5th Pass,,,1,0 ~,0,,,,1,0 ~,0,,Y,0
2126,http://myneta.info/TamilNadu2026/candidate.php?candidate_id=2126,Sakthivel. D,136,SANKARI,33,IND,No,Graduate Professional,,,1,0 ~,0,,,,1,"50,000 ~ 50 Thou+",50000,,Y,0
2125,http://myneta.info/TamilNadu2026/candidate.php?candidate_id=2125,Sakthivel. G,136,SANKARI,42,IND,No,Others,,,1,"70,30,000 ~ 70 Lacs+",7030000,,,,1,"22,36,249 ~ 22 Lacs+",2236249,,Y,0
2127,http://myneta.info/TamilNadu2026/candidate.php?candidate_id=2127,Salman. E,136,SANKARI,32,IND,No,Others,,,1,0 ~,0,,,,1,"5,53,000 ~ 5 Lacs+",553000,,Y,0
1340,http://myneta.info/TamilNadu2026/candidate.php?candidate_id=1340,Senthilkumar. K,136,SANKARI,44,Tamilaga Vettri Kazhagam,Yes 3,8th Pass,,,1,"3,27,16,000 ~ 3 Crore+",32716000,,,,1,"7,23,20,328 ~ 7 Crore+",72320328,,Y,0
2124,http://myneta.info/TamilNadu2026/candidate.php?candidate_id=2124,Senthilkumar. R.S.,136,SANKARI,49,Tamizhaga Vaazhvurimai Katchi,Yes 4,Post Graduate,,,1,"70,05,000 ~ 70 Lacs+",7005000,,,,1,"16,35,419 ~ 16 Lacs+",1635419,,Y,0
2122,http://myneta.info/TamilNadu2026/candidate.php?candidate_id=2122,Settumuthu. V,136,SANKARI,54,BSP,No,Graduate Professional,,,1,"1,50,000 ~ 1 Lacs+",150000,,,,1,0 ~,0,,Y,0
1236,http://myneta.info/TamilNadu2026/candidate.php?candidate_id=1236,Vetrivel. S,136,SANKARI,54,AIADMK,Yes 2,Graduate,,,1,"6,51,01,582 ~ 6 Crore+",65101582,,,,1,"22,71,775 ~ 22 Lacs+",2271775,,Y,0
2136,http://myneta.info/TamilNadu2026/candidate.php?candidate_id=2136,Vignesh. A,136,SANKARI,36,IND,No,Others,,,1,0 ~,0,,,,1,0 ~,0,,Y,0
2137,http://myneta.info/TamilNadu2026/candidate.php?candidate_id=2137,Vijayakumar. M,136,SANKARI,45,IND,No,10th Pass,,,1,0 ~,0,,,,1,0 ~,0,,Y,0
747,http://myneta.info/TamilNadu2026/candidate.php?candidate_id=747,Alagaapuram. R. Mohanraj,137,SALEM (WEST),72,Desiya Murpokku Dravida Kazhagam,Yes 1,Graduate,,,1,"8,91,60,000 ~ 8 Crore+",89160000,,,,1,0 ~,0,,Y,0
2194,http://myneta.info/TamilNadu2026/candidate.php?candidate_id=2194,Amirthalingam.N,137,SALEM (WEST),40,IND,Yes 1,Illiterate,,,1,"10,00,000 ~ 10 Lacs+",1000000,,,,1,0 ~,0,,Y,1
2195,http://myneta.info/TamilNadu2026/candidate.php?candidate_id=2195,Arul .S,137,SALEM (WEST),31,IND,No,12th Pass,,,1,0 ~,0,,,,1,0 ~,0,,Y,0
2191,http://myneta.info/TamilNadu2026/candidate.php?candidate_id=2191,Arul Ramadas,137,SALEM (WEST),54,Aanaithinthiya Jananayaka Pathukappu Kazhagam,Yes 7,Graduate,,,1,"3,63,70,000 ~ 3 Crore+",36370000,,,,1,"96,64,134 ~ 96 Lacs+",9664134,,Y,0
2196,http://myneta.info/TamilNadu2026/candidate.php?candidate_id=2196,Arul. T,137,SALEM (WEST),27,IND,No,Graduate,,,1,0 ~,0,,,,1,0 ~,0,,Y,0
2197,http://myneta.info/TamilNadu2026/candidate.php?candidate_id=2197,Arul.D,137,SALEM (WEST),46,IND,No,Others,,,1,"29,00,000 ~ 29 Lacs+",2900000,,,,1,"68,45,795 ~ 68 Lacs+",6845795,,Y,0
2198,http://myneta.info/TamilNadu2026/candidate.php?candidate_id=2198,Arul.P,137,SALEM (WEST),41,IND,No,Graduate,,,1,0 ~,0,,,,1,"89,500 ~ 89 Thou+",89500,,Y,0
2207,http://myneta.info/TamilNadu2026/candidate.php?candidate_id=2207,Bharanitharan.D.K,137,SALEM (WEST),43,IND,No,Graduate Professional,,,1,0 ~,0,,,,1,0 ~,0,,Y,0
2206,http://myneta.info/TamilNadu2026/candidate.php?candidate_id=2206,Bharath.S,137,SALEM (WEST),28,IND,No,Graduate,,,1,0 ~,0,,,,1,0 ~,0,,Y,0
2202,http://myneta.info/TamilNadu2026/candidate.php?candidate_id=2202,Chandrasekaran.G,137,SALEM (WEST),43,IND,No,10th Pass,,,1,0 ~,0,,,,1,0 ~,0,,Y,0
2204,http://myneta.info/TamilNadu2026/candidate.php?candidate_id=2204,Dhanapal,137,SALEM (WEST),76,IND,No,8th Pass,,,1,0 ~,0,,,,1,0 ~,0,,Y,0
2208,http://myneta.info/TamilNadu2026/candidate.php?candidate_id=2208,Er.Prabakaran.S,137,SALEM (WEST),56,IND,No,Graduate Professional,,,1,0 ~,0,,,,1,"6,00,000 ~ 6 Lacs+",600000,,Y,0
2190,http://myneta.info/TamilNadu2026/candidate.php?candidate_id=2190,Gunasekaran .R,137,SALEM (WEST),30,BSP,No,8th Pass,,,1,0 ~,0,,,,1,0 ~,0,,Y,0
1232,http://myneta.info/TamilNadu2026/candidate.php?candidate_id=1232,Karthe.M,137,SALEM (WEST),58,Pattali Makkal Katchi,No,Graduate,,,1,"65,15,26,400 ~ 65 Crore+",651526400,,,,1,"13,93,27,743 ~ 13 Crore+",139327743,,Y,0
2199,http://myneta.info/TamilNadu2026/candidate.php?candidate_id=2199,Karthick.M,137,SALEM (WEST),27,IND,No,10th Pass,,,1,0 ~,0,,,,1,0 ~,0,,Y,0
2200,http://myneta.info/TamilNadu2026/candidate.php?candidate_id=2200,Karthick.R,137,SALEM (WEST),26,IND,No,Graduate,,,1,"35,55,000 ~ 35 Lacs+",3555000,,,,1,"31,07,355 ~ 31 Lacs+",3107355,,Y,0
2201,http://myneta.info/TamilNadu2026/candidate.php?candidate_id=2201,Kumar.A.P,137,SALEM (WEST),51,IND,No,Illiterate,,,1,0 ~,0,,,,1,0 ~,0,,Y,0
771,http://myneta.info/TamilNadu2026/candidate.php?candidate_id=771,Lakshmanan.S,137,SALEM (WEST),58,Tamilaga Vettri Kazhagam,Yes 1,Graduate,,,1,"11,73,55,000 ~ 11 Crore+",117355000,,,,1,"63,25,000 ~ 63 Lacs+",6325000,,Y,0
2211,http://myneta.info/TamilNadu2026/candidate.php?candidate_id=2211,Manohar.C,137,SALEM (WEST),52,IND,No,10th Pass,,,1,"91,00,000 ~ 91 Lacs+",9100000,,,,1,0 ~,0,,Y,0
2212,http://myneta.info/TamilNadu2026/candidate.php?candidate_id=2212,Mohan Raj. R,137,SALEM (WEST),30,IND,No,Others,,,1,"1,13,82,000 ~ 1 Crore+",11382000,,,,1,0 ~,0,,Y,0
2210,http://myneta.info/TamilNadu2026/candidate.php?candidate_id=2210,Panneerselvam.P,137,SALEM (WEST),44,IND,No,12th Pass,,,1,0 ~,0,,,,1,"3,47,000 ~ 3 Lacs+",347000,,Y,0
2209,http://myneta.info/TamilNadu2026/candidate.php?candidate_id=2209,Perumal. A,137,SALEM (WEST),73,IND,No,12th Pass,,,1,"83,83,875 ~ 83 Lacs+",8383875,,,,1,0 ~,0,,Y,0
2192,http://myneta.info/TamilNadu2026/candidate.php?candidate_id=2192,Prabu .K,137,SALEM (WEST),44,Vishwa Tamil Kazhagam,No,5th Pass,,,1,0 ~,0,,,,1,0 ~,0,,Y,0
2213,http://myneta.info/TamilNadu2026/candidate.php?candidate_id=2213,Radhakrishnan. R,137,SALEM (WEST),63,IND,No,8th Pass,,,1,"19,00,000 ~ 19 Lacs+",1900000,,,,1,0 ~,0,,Y,0
2193,http://myneta.info/TamilNadu2026/candidate.php?candidate_id=2193,Raj Kumar .G,137,SALEM (WEST),44,Tamizhaga Vaazhvurimai Katchi,No,8th Pass,,,1,"3,15,00,000 ~ 3 Crore+",31500000,,,,1,"19,06,649 ~ 19 Lacs+",1906649,,Y,0
2203,http://myneta.info/TamilNadu2026/candidate.php?candidate_id=2203,Selvam.R,137,SALEM (WEST),56,IND,No,12th Pass,,,1,0 ~,0,,,,1,0 ~,0,,Y,0
2216,http://myneta.info/TamilNadu2026/candidate.php?candidate_id=2216,Srisabarinathan,137,SALEM (WEST),43,IND,No,8th Pass,,,1,0 ~,0,,,,1,0 ~,0,,Y,0
144,http://myneta.info/TamilNadu2026/candidate.php?candidate_id=144,Suresh Kumar.R,137,SALEM (WEST),40,Naam Tamilar Katchi,No,Post Graduate,,,1,"38,00,000 ~ 38 Lacs+",3800000,,,,1,"27,32,390 ~ 27 Lacs+",2732390,,Y,0
2205,http://myneta.info/TamilNadu2026/candidate.php?candidate_id=2205,Thiyagarajan.M,137,SALEM (WEST),42,IND,No,12th Pass,,,1,0 ~,0,,,,1,"3,39,871 ~ 3 Lacs+",339871,,Y,0
2215,http://myneta.info/TamilNadu2026/candidate.php?candidate_id=2215,Velmanikandan. S,137,SALEM (WEST),40,IND,No,12th Pass,,,1,0 ~,0,,,,1,0 ~,0,,Y,0
2214,http://myneta.info/TamilNadu2026/candidate.php?candidate_id=2214,Vijayakumar. S,137,SALEM (WEST),32,IND,No,Graduate,,,1,0 ~,0,,,,1,0 ~,0,,Y,0
142,http://myneta.info/TamilNadu2026/candidate.php?candidate_id=142,Gunaseela. M,138,SALEM (NORTH),39,Naam Tamilar Katchi,No,Post Graduate,,,1,"75,00,000 ~ 75 Lacs+",7500000,,,,1,"1,01,11,011 ~ 1 Crore+",10111011,,Y,0
2372,http://myneta.info/TamilNadu2026/candidate.php?candidate_id=2372,Jothilakshmi. R.S,138,SALEM (NORTH),40,Vishwa Tamil Kazhagam,No,10th Pass,,,1,"45,00,000 ~ 45 Lacs+",4500000,,,,1,"26,00,000 ~ 26 Lacs+",2600000,,Y,0
2377,http://myneta.info/TamilNadu2026/candidate.php?candidate_id=2377,Mahabub John. K,138,SALEM (NORTH),49,IND,No,10th Pass,,,1,0 ~,0,,,,1,"11,70,000 ~ 11 Lacs+",1170000,,Y,0
2376,http://myneta.info/TamilNadu2026/candidate.php?candidate_id=2376,Manivannan. S,138,SALEM (NORTH),37,IND,No,Others,,,1,0 ~,0,,,,1,"6,42,000 ~ 6 Lacs+",642000,,Y,0
2371,http://myneta.info/TamilNadu2026/candidate.php?candidate_id=2371,Mohanraj. S,138,SALEM (NORTH),36,Tamizhaga Vaazhvurimai Katchi,No,10th Pass,,,1,"21,40,000 ~ 21 Lacs+",2140000,,,,1,"10,64,000 ~ 10 Lacs+",1064000,,Y,0
2374,http://myneta.info/TamilNadu2026/candidate.php?candidate_id=2374,Palanisamy. R,138,SALEM (NORTH),55,IND,No,10th Pass,,,1,0 ~,0,,,,1,0 ~,0,,Y,0
2375,http://myneta.info/TamilNadu2026/candidate.php?candidate_id=2375,Pravina. G,138,SALEM (NORTH),52,IND,No,Graduate Professional,,,1,"11,00,00,000 ~ 11 Crore+",110000000,,,,1,0 ~,0,,Y,0
2379,http://myneta.info/TamilNadu2026/candidate.php?candidate_id=2379,Raja. A,138,SALEM (NORTH),58,IND,No,8th Pass,,,1,"67,00,000 ~ 67 Lacs+",6700000,,,,1,0 ~,0,,Y,0
2378,http://myneta.info/TamilNadu2026/candidate.php?candidate_id=2378,Rajasekar. S,138,SALEM (NORTH),58,IND,No,Illiterate,,,1,"21,87,500 ~ 21 Lacs+",2187500,,,,1,0 ~,0,,Y,0
2380,http://myneta.info/TamilNadu2026/candidate.php?candidate_id=2380,Rajendran. A,138,SALEM (NORTH),66,IND,No,8th Pass,,,1,"20,00,000 ~ 20 Lacs+",2000000,,,,1,0 ~,0,,Y,0
1230,http://myneta.info/TamilNadu2026/candidate.php?candidate_id=1230,Rajendran. R,138,SALEM (NORTH),66,DMK,No,Graduate Professional,,,1,"1,40,00,000 ~ 1 Crore+",14000000,,,,1,0 ~,0,,Y,0
2373,http://myneta.info/TamilNadu2026/candidate.php?candidate_id=2373,Sabareesan. D,138,SALEM (NORTH),32,IND,No,Graduate,,,1,0 ~,0,,,,1,0 ~,0,,Y,0
1229,http://myneta.info/TamilNadu2026/candidate.php?candidate_id=1229,Sadhasivam. S,138,SALEM (NORTH),59,Pattali Makkal Katchi,Yes 7,Post Graduate,,,1,"4,05,00,000 ~ 4 Crore+",40500000,,,,1,"2,43,93,570 ~ 2 Crore+",24393570,,Y,5
768,http://myneta.info/TamilNadu2026/candidate.php?candidate_id=768,Sivakumar. K,138,SALEM (NORTH),52,Tamilaga Vettri Kazhagam,No,Post Graduate,,,1,"8,01,00,000 ~ 8 Crore+",80100000,,,,1,"1,47,00,000 ~ 1 Crore+",14700000,,Y,0
1647,http://myneta.info/TamilNadu2026/candidate.php?candidate_id=1647,Ambedkar. C,139,SALEM (SOUTH),47,IND,No,8th Pass,,,1,0 ~,0,,,,1,0 ~,0,,Y,0
1646,http://myneta.info/TamilNadu2026/candidate.php?candidate_id=1646,Bas Madheswaran,139,SALEM (SOUTH),46,Tamizhaga Vaazhvurimai Katchi,Yes 8,5th Pass,,,1,0 ~,0,,,,1,0 ~,0,,Y,14
1660,http://myneta.info/TamilNadu2026/candidate.php?candidate_id=1660,Jayaraj. S,139,SALEM (SOUTH),48,IND,No,8th Pass,,,1,"7,50,000 ~ 7 Lacs+",750000,,,,1,0 ~,0,,Y,0
1231,http://myneta.info/TamilNadu2026/candidate.php?candidate_id=1231,Loganathan. M,139,SALEM (SOUTH),69,DMK,No,10th Pass,,,1,"3,40,60,680 ~ 3 Crore+",34060680,,,,1,"1,25,91,931 ~ 1 Crore+",12591931,,Y,0
1657,http://myneta.info/TamilNadu2026/candidate.php?candidate_id=1657,Loganathan. M S/O Mani,139,SALEM (SOUTH),33,IND,No,Post Graduate,,,1,0 ~,0,,,,1,"5,27,844 ~ 5 Lacs+",527844,,Y,0
1658,http://myneta.info/TamilNadu2026/candidate.php?candidate_id=1658,Loganathan. M S/O Mayavutharan,139,SALEM (SOUTH),43,IND,No,Graduate,,,1,"65,00,000 ~ 65 Lacs+",6500000,,,,1,"23,048 ~ 23 Thou+",23048,,Y,0
1656,http://myneta.info/TamilNadu2026/candidate.php?candidate_id=1656,Mayakannan. N,139,SALEM (SOUTH),45,IND,No,10th Pass,,,1,"5,00,000 ~ 5 Lacs+",500000,,,,1,0 ~,0,,Y,0
1651,http://myneta.info/TamilNadu2026/candidate.php?candidate_id=1651,Padmanapan. M,139,SALEM (SOUTH),67,IND,No,5th Pass,,,1,0 ~,0,,,,1,"1,47,000 ~ 1 Lacs+",147000,,Y,0
1652,http://myneta.info/TamilNadu2026/candidate.php?candidate_id=1652,Palaniappan. M,139,SALEM (SOUTH),62,IND,No,Illiterate,,,1,0 ~,0,,,,1,0 ~,0,,Y,0
1653,http://myneta.info/TamilNadu2026/candidate.php?candidate_id=1653,Parthiban. A,139,SALEM (SOUTH),31,IND,No,10th Pass,,,1,0 ~,0,,,,1,0 ~,0,,Y,0
1654,http://myneta.info/TamilNadu2026/candidate.php?candidate_id=1654,Parthiban. V,139,SALEM (SOUTH),26,IND,No,Others,,,1,0 ~,0,,,,1,"7,36,000 ~ 7 Lacs+",736000,,Y,0
1655,http://myneta.info/TamilNadu2026/candidate.php?candidate_id=1655,Praveen Kumar. M,139,SALEM (SOUTH),30,IND,No,Graduate Professional,,,1,0 ~,0,,,,1,0 ~,0,,Y,0
1648,http://myneta.info/TamilNadu2026/candidate.php?candidate_id=1648,Santhosh. S,139,SALEM (SOUTH),36,IND,No,10th Pass,,,1,0 ~,0,,,,1,0 ~,0,,Y,0
143,http://myneta.info/TamilNadu2026/candidate.php?candidate_id=143,Sofia. S,139,SALEM (SOUTH),33,Naam Tamilar Katchi,No,Post Graduate,,,1,"1,35,00,000 ~ 1 Crore+",13500000,,,,1,"45,40,386 ~ 45 Lacs+",4540386,,Y,0
1650,http://myneta.info/TamilNadu2026/candidate.php?candidate_id=1650,Sumathi. P,139,SALEM (SOUTH),33,IND,No,Graduate,,,1,"6,00,000 ~ 6 Lacs+",600000,,,,1,"5,38,000 ~ 5 Lacs+",538000,,Y,0
1649,http://myneta.info/TamilNadu2026/candidate.php?candidate_id=1649,Sundaram. R,139,SALEM (SOUTH),62,IND,No,5th Pass,,,1,"6,75,000 ~ 6 Lacs+",675000,,,,1,0 ~,0,,Y,0
1659,http://myneta.info/TamilNadu2026/candidate.php?candidate_id=1659,Varatharajan. S.P,139,SALEM (SOUTH),51,IND,No,8th Pass,,,1,0 ~,0,,,,1,"71,970 ~ 71 Thou+",71970,,Y,0
770,http://myneta.info/TamilNadu2026/candidate.php?candidate_id=770,Vijay Tamilan Parthiban. A,139,SALEM (SOUTH),50,Tamilaga Vettri Kazhagam,Yes 1,12th Pass,,,1,"5,03,53,700 ~ 5 Crore+",50353700,,,,1,"2,71,29,152 ~ 2 Crore+",27129152,,Y,0
769,http://myneta.info/TamilNadu2026/candidate.php?candidate_id=769,Vinoth. J,139,SALEM (SOUTH),44,AIADMK,No,10th Pass,,,1,"3,38,05,000 ~ 3 Crore+",33805000,,,,1,"73,84,700 ~ 73 Lacs+",7384700,,Y,0
1002,http://myneta.info/TamilNadu2026/candidate.php?candidate_id=1002,Anbazhagan. P,140,VEERAPANDI,58,CPI(ML)(L),Yes 1,10th Pass,,,1,"40,00,000 ~ 40 Lacs+",4000000,,,,1,"20,00,000 ~ 20 Lacs+",2000000,,Y,0
2781,http://myneta.info/TamilNadu2026/candidate.php?candidate_id=2781,Devendhiraprabu. M,140,VEERAPANDI,25,IND,No,Graduate,,,1,0 ~,0,,,,1,0 ~,0,,Y,0
2777,http://myneta.info/TamilNadu2026/candidate.php?candidate_id=2777,Gopi. R,140,VEERAPANDI,29,IND,No,8th Pass,,,1,"75,00,000 ~ 75 Lacs+",7500000,,,,1,"8,74,000 ~ 8 Lacs+",874000,,Y,0
2778,http://myneta.info/TamilNadu2026/candidate.php?candidate_id=2778,Gopinath. B,140,VEERAPANDI,33,IND,No,Graduate Professional,,,1,"2,00,000 ~ 2 Lacs+",200000,,,,1,"2,50,000 ~ 2 Lacs+",250000,,Y,0
2774,http://myneta.info/TamilNadu2026/candidate.php?candidate_id=2774,Indrajith Guptha. G,140,VEERAPANDI,35,IND,No,Doctorate,,,1,0 ~,0,,,,1,0 ~,0,,Y,0
2786,http://myneta.info/TamilNadu2026/candidate.php?candidate_id=2786,Jayavel. M,140,VEERAPANDI,50,IND,No,12th Pass,,,1,0 ~,0,,,,1,0 ~,0,,Y,0
2776,http://myneta.info/TamilNadu2026/candidate.php?candidate_id=2776,Karthi. R,140,VEERAPANDI,28,IND,No,Graduate,,,1,"10,00,000 ~ 10 Lacs+",1000000,,,,1,"7,12,397 ~ 7 Lacs+",712397,,Y,0
2775,http://myneta.info/TamilNadu2026/candidate.php?candidate_id=2775,Kavitha. M.P,140,VEERAPANDI,46,IND,No,12th Pass,,,1,"20,02,80,950 ~ 20 Crore+",200280950,,,,1,"9,23,08,229 ~ 9 Crore+",92308229,,Y,0
2782,http://myneta.info/TamilNadu2026/candidate.php?candidate_id=2782,Palanisamy. P,140,VEERAPANDI,42,IND,Yes 1,Post Graduate,,,1,"5,50,000 ~ 5 Lacs+",550000,,,,1,0 ~,0,,Y,0
1000,http://myneta.info/TamilNadu2026/candidate.php?candidate_id=1000,Palanivel. M.S,140,VEERAPANDI,57,Tamilaga Vettri Kazhagam,Yes 1,12th Pass,,,1,"20,02,80,950 ~ 20 Crore+",200280950,,,,1,"9,23,08,229 ~ 9 Crore+",92308229,,Y,0
2783,http://myneta.info/TamilNadu2026/candidate.php?candidate_id=2783,Prabhu. V,140,VEERAPANDI,31,IND,No,Others,,,1,"1,50,000 ~ 1 Lacs+",150000,,,,1,"7,69,000 ~ 7 Lacs+",769000,,Y,0
213,http://myneta.info/TamilNadu2026/candidate.php?candidate_id=213,Rajeshkumar. S,140,VEERAPANDI,32,Naam Tamilar Katchi,Yes 3,10th Pass,,,1,0 ~,0,,,,1,"8,40,200 ~ 8 Lacs+",840200,,Y,0
2784,http://myneta.info/TamilNadu2026/candidate.php?candidate_id=2784,Ranganathan. D,140,VEERAPANDI,37,IND,No,10th Pass,,,1,0 ~,0,,,,1,0 ~,0,,Y,0
2772,http://myneta.info/TamilNadu2026/candidate.php?candidate_id=2772,Sakthivel. M,140,VEERAPANDI,41,Naadaalum Makkal Katchi,No,10th Pass,,,1,"25,00,000 ~ 25 Lacs+",2500000,,,,1,"2,72,442 ~ 2 Lacs+",272442,,Y,0
2779,http://myneta.info/TamilNadu2026/candidate.php?candidate_id=2779,Senthilkumar. M,140,VEERAPANDI,47,IND,No,Graduate,,,1,"5,15,000 ~ 5 Lacs+",515000,,,,1,0 ~,0,,Y,0
1312,http://myneta.info/TamilNadu2026/candidate.php?candidate_id=1312,Sri Balaji Sugumar. S,140,VEERAPANDI,31,AIADMK,No,Graduate Professional,,,1,"5,50,00,000 ~ 5 Crore+",55000000,,,,1,"7,91,89,299 ~ 7 Crore+",79189299,,Y,0
2780,http://myneta.info/TamilNadu2026/candidate.php?candidate_id=2780,Tamilarasan. D,140,VEERAPANDI,39,IND,No,10th Pass,,,1,"2,00,000 ~ 2 Lacs+",200000,,,,1,"4,95,000 ~ 4 Lacs+",495000,,Y,0
1115,http://myneta.info/TamilNadu2026/candidate.php?candidate_id=1115,Tharun. A.K,140,VEERAPANDI,45,DMK,No,Post Graduate,,,1,"9,08,86,500 ~ 9 Crore+",90886500,,,,1,"44,08,883 ~ 44 Lacs+",4408883,,Y,0
2785,http://myneta.info/TamilNadu2026/candidate.php?candidate_id=2785,Vaidesswara Prasad. N,140,VEERAPANDI,46,IND,No,Graduate Professional,,,1,"10,00,000 ~ 10 Lacs+",1000000,,,,1,"3,24,000 ~ 3 Lacs+",324000,,Y,0
1784,http://myneta.info/TamilNadu2026/candidate.php?candidate_id=1784,Aziz Abdul Rahman. J,142,KARAIKUDI,38,Samaniya Makkal Nala Katchi,No,Graduate,,,1,0 ~,0,,,,1,"8,52,000 ~ 8 Lacs+",852000,,Y,0
797,http://myneta.info/TamilNadu2026/candidate.php?candidate_id=797,Dherpoki V.Pandi,142,KARAIKUDI,50,Amma Makkal Munnettra Kazagam,Yes 8,Others,,,1,"26,77,40,500 ~ 26 Crore+",267740500,,,,1,"8,90,59,996 ~ 8 Crore+",89059996,,Y,3
1793,http://myneta.info/TamilNadu2026/candidate.php?candidate_id=1793,Dinesh. K,142,KARAIKUDI,31,IND,No,Others,,,1,0 ~,0,,,,1,"28,000 ~ 28 Thou+",28000,,Y,0
58,http://myneta.info/TamilNadu2026/candidate.php?candidate_id=58,Dr.Prabhu. Tk,142,KARAIKUDI,41,Tamilaga Vettri Kazhagam,No,Post Graduate,,,1,"6,12,50,000 ~ 6 Crore+",61250000,,,,1,"3,26,89,343 ~ 3 Crore+",32689343,,Y,0
1802,http://myneta.info/TamilNadu2026/candidate.php?candidate_id=1802,Jeevitha. A,142,KARAIKUDI,40,IND,No,Others,,,1,0 ~,0,,,,1,"70,000 ~ 70 Thou+",70000,,Y,0
1789,http://myneta.info/TamilNadu2026/candidate.php?candidate_id=1789,Kalidass. R,142,KARAIKUDI,49,IND,No,5th Pass,,,1,0 ~,0,,,,1,0 ~,0,,N,0
1785,http://myneta.info/TamilNadu2026/candidate.php?candidate_id=1785,Kalimuthu. A,142,KARAIKUDI,41,All India Puratchi Thalaivar Makkal Munnettra Kazhagam,Yes 1,Graduate Professional,,,1,"8,31,000 ~ 8 Lacs+",831000,,,,1,"30,94,000 ~ 30 Lacs+",3094000,,Y,2
798,http://myneta.info/TamilNadu2026/candidate.php?candidate_id=798,Karuppiah. K,142,KARAIKUDI,70,Republican Party of India (Athawale),No,Post Graduate,,,1,"83,00,000 ~ 83 Lacs+",8300000,,,,1,"8,01,000 ~ 8 Lacs+",801000,,Y,0
1799,http://myneta.info/TamilNadu2026/candidate.php?candidate_id=1799,Lakshmanan. R,142,KARAIKUDI,35,IND,No,Graduate Professional,,,1,"5,00,000 ~ 5 Lacs+",500000,,,,1,0 ~,0,,Y,0
1363,http://myneta.info/TamilNadu2026/candidate.php?candidate_id=1363,Mangudi. S,142,KARAIKUDI,62,INC,Yes 1,Graduate,,,1,"5,86,38,000 ~ 5 Crore+",58638000,,,,1,"3,33,03,465 ~ 3 Crore+",33303465,,Y,0
1796,http://myneta.info/TamilNadu2026/candidate.php?candidate_id=1796,Manimaran. R,142,KARAIKUDI,37,IND,No,8th Pass,,,1,0 ~,0,,,,1,"3,66,066 ~ 3 Lacs+",366066,,Y,0
1797,http://myneta.info/TamilNadu2026/candidate.php?candidate_id=1797,Muthukumar. K,142,KARAIKUDI,32,IND,No,Graduate Professional,,,1,0 ~,0,,,,1,0 ~,0,,Y,0
1786,http://myneta.info/TamilNadu2026/candidate.php?candidate_id=1786,Newton Babu. C,142,KARAIKUDI,42,Puthiya Tamilagam,No,12th Pass,,,1,0 ~,0,,,,1,0 ~,0,,Y,0
1794,http://myneta.info/TamilNadu2026/candidate.php?candidate_id=1794,Pandi. S,142,KARAIKUDI,41,IND,No,Illiterate,,,1,"5,60,000 ~ 5 Lacs+",560000,,,,1,0 ~,0,,N,0
1795,http://myneta.info/TamilNadu2026/candidate.php?candidate_id=1795,Prabu. G,142,KARAIKUDI,38,IND,No,Post Graduate,,,1,"5,00,000 ~ 5 Lacs+",500000,,,,1,"2,77,000 ~ 2 Lacs+",277000,,Y,0
1798,http://myneta.info/TamilNadu2026/candidate.php?candidate_id=1798,Ramanathan. S.V,142,KARAIKUDI,34,IND,No,Graduate Professional,,,1,0 ~,0,,,,1,0 ~,0,,Y,0
1787,http://myneta.info/TamilNadu2026/candidate.php?candidate_id=1787,Ramu. M,142,KARAIKUDI,45,IND,No,8th Pass,,,1,"19,00,000 ~ 19 Lacs+",1900000,,,,1,"59,00,000 ~ 59 Lacs+",5900000,,Y,0
1783,http://myneta.info/TamilNadu2026/candidate.php?candidate_id=1783,Ranjithkumar Balusamy,142,KARAIKUDI,30,BSP,No,Graduate Professional,,,1,0 ~,0,,,,1,0 ~,0,,Y,0
57,http://myneta.info/TamilNadu2026/candidate.php?candidate_id=57,Seeman,142,KARAIKUDI,60,Naam Tamilar Katchi,Yes 24,Graduate,,,1,"87,00,000 ~ 87 Lacs+",8700000,,,,1,"23,50,000 ~ 23 Lacs+",2350000,,Y,6
1792,http://myneta.info/TamilNadu2026/candidate.php?candidate_id=1792,Selvi. K,142,KARAIKUDI,37,IND,No,8th Pass,,,1,0 ~,0,,,,1,0 ~,0,,Y,0
1790,http://myneta.info/TamilNadu2026/candidate.php?candidate_id=1790,Shanthi. B,142,KARAIKUDI,46,IND,No,12th Pass,,,1,0 ~,0,,,,1,0 ~,0,,Y,0
1791,http://myneta.info/TamilNadu2026/candidate.php?candidate_id=1791,Suresh. V,142,KARAIKUDI,32,IND,No,10th Pass,,,1,0 ~,0,,,,1,0 ~,0,,Y,0
1788,http://myneta.info/TamilNadu2026/candidate.php?candidate_id=1788,Udhuman Ali. M.S,142,KARAIKUDI,60,IND,No,12th Pass,,,1,0 ~,0,,,,1,0 ~,0,,Y,0
1800,http://myneta.info/TamilNadu2026/candidate.php?candidate_id=1800,Veeramanikandan. V,142,KARAIKUDI,25,IND,No,8th Pass,,,1,0 ~,0,,,,1,0 ~,0,,Y,0
1801,http://myneta.info/TamilNadu2026/candidate.php?candidate_id=1801,Velu. K,142,KARAIKUDI,45,IND,No,8th Pass,,,1,0 ~,0,,,,1,0 ~,0,,Y,0
4033,http://myneta.info/TamilNadu2026/candidate.php?candidate_id=4033,Bakiyalakshmi. M,143,TIRUPPATHUR,39,IND,No,8th Pass,,,1,0 ~,0,,,,1,0 ~,0,,N,0
4038,http://myneta.info/TamilNadu2026/candidate.php?candidate_id=4038,Dr.Vinayaga Meyyarasu. T,143,TIRUPPATHUR,41,IND,No,Graduate Professional,,,1,"1,15,30,000 ~ 1 Crore+",11530000,,,,1,"57,00,000 ~ 57 Lacs+",5700000,,Y,0
4035,http://myneta.info/TamilNadu2026/candidate.php?candidate_id=4035,Mallika. A,143,TIRUPPATHUR,64,IND,No,5th Pass,,,1,0 ~,0,,,,1,0 ~,0,,N,0
4036,http://myneta.info/TamilNadu2026/candidate.php?candidate_id=4036,Marimuthu. S,143,TIRUPPATHUR,43,IND,No,5th Pass,,,1,0 ~,0,,,,1,0 ~,0,,Y,0
4032,http://myneta.info/TamilNadu2026/candidate.php?candidate_id=4032,Panchavarnam. M,143,TIRUPPATHUR,42,IND,No,8th Pass,,,1,0 ~,0,,,,1,0 ~,0,,N,0
1286,http://myneta.info/TamilNadu2026/candidate.php?candidate_id=1286,Periakaruppan. Kr,143,TIRUPPATHUR,66,DMK,No,Graduate,,,1,"5,77,09,362 ~ 5 Crore+",57709362,,,,1,"6,56,83,486 ~ 6 Crore+",65683486,,Y,0
4034,http://myneta.info/TamilNadu2026/candidate.php?candidate_id=4034,Piraman. P,143,TIRUPPATHUR,56,IND,No,5th Pass,,,1,0 ~,0,,,,1,0 ~,0,,N,0
4037,http://myneta.info/TamilNadu2026/candidate.php?candidate_id=4037,Raja. K.P.M,143,TIRUPPATHUR,49,IND,Yes 1,10th Pass,,,1,"1,49,19,000 ~ 1 Crore+",14919000,,,,1,"41,67,000 ~ 41 Lacs+",4167000,,Y,1
194,http://myneta.info/TamilNadu2026/candidate.php?candidate_id=194,Ramya Mohan,143,TIRUPPATHUR,33,Naam Tamilar Katchi,Yes 1,Post Graduate,,,1,0 ~,0,,,,1,"17,53,000 ~ 17 Lacs+",1753000,,N,0
1008,http://myneta.info/TamilNadu2026/candidate.php?candidate_id=1008,Seenivasa Sethupathy. R,143,TIRUPPATHUR,38,Tamilaga Vettri Kazhagam,No,Post Graduate,,,1,"70,00,000 ~ 70 Lacs+",7000000,,,,1,"1,54,21,182 ~ 1 Crore+",15421182,,Y,0
4031,http://myneta.info/TamilNadu2026/candidate.php?candidate_id=4031,Sethu. P,143,TIRUPPATHUR,71,IND,No,5th Pass,,,1,0 ~,0,,,,1,0 ~,0,,N,0
4030,http://myneta.info/TamilNadu2026/candidate.php?candidate_id=4030,Shanmugam. M,143,TIRUPPATHUR,67,IND,No,8th Pass,,,1,0 ~,0,,,,1,0 ~,0,,N,0
1285,http://myneta.info/TamilNadu2026/candidate.php?candidate_id=1285,Thirumaran. K.C,143,TIRUPPATHUR,52,BJP,Yes 10,Graduate,,,1,"25,00,000 ~ 25 Lacs+",2500000,,,,1,"35,44,762 ~ 35 Lacs+",3544762,,Y,4
4029,http://myneta.info/TamilNadu2026/candidate.php?candidate_id=4029,Umadevi. S,143,TIRUPPATHUR,42,All India Puratchi Thalaivar Makkal Munnettra Kazhagam,No,Graduate,,,1,"32,00,000 ~ 32 Lacs+",3200000,,,,1,"18,75,000 ~ 18 Lacs+",1875000,,Y,0
4039,http://myneta.info/TamilNadu2026/candidate.php?candidate_id=4039,Vishwanathan. S,143,TIRUPPATHUR,49,IND,No,8th Pass,,,1,0 ~,0,,,,1,0 ~,0,,N,0
154,http://myneta.info/TamilNadu2026/candidate.php?candidate_id=154,Indhuja R,144,SIVAGANGA,35,Naam Tamilar Katchi,No,Others,,,1,0 ~,0,,,,1,"14,97,704 ~ 14 Lacs+",1497704,,Y,0
3183,http://myneta.info/TamilNadu2026/candidate.php?candidate_id=3183,Irudayaraj V,144,SIVAGANGA,63,IND,No,Post Graduate,,,1,"25,50,000 ~ 25 Lacs+",2550000,,,,1,"1,81,582 ~ 1 Lacs+",181582,,Y,0
3185,http://myneta.info/TamilNadu2026/candidate.php?candidate_id=3185,Kaleeswaran M,144,SIVAGANGA,45,IND,Yes 1,10th Pass,,,1,0 ~,0,,,,1,"6,90,000 ~ 6 Lacs+",690000,,Y,1
3184,http://myneta.info/TamilNadu2026/candidate.php?candidate_id=3184,Karthik M,144,SIVAGANGA,42,IND,No,Others,,,1,0 ~,0,,,,1,"2,25,000 ~ 2 Lacs+",225000,,Y,0
1245,http://myneta.info/TamilNadu2026/candidate.php?candidate_id=1245,Karunaas S,144,SIVAGANGA,56,DMK,Yes 6,12th Pass,,,1,"4,59,58,161 ~ 4 Crore+",45958161,,,,1,"92,35,158 ~ 92 Lacs+",9235158,,Y,1
1005,http://myneta.info/TamilNadu2026/candidate.php?candidate_id=1005,Kulanthai Rani A,144,SIVAGANGA,55,Tamilaga Vettri Kazhagam,No,Graduate,,,1,"1,37,50,000 ~ 1 Crore+",13750000,,,,1,0 ~,0,,Y,0
3180,http://myneta.info/TamilNadu2026/candidate.php?candidate_id=3180,Marimuthu K,144,SIVAGANGA,55,BSP,No,12th Pass,,,1,0 ~,0,,,,1,0 ~,0,,Y,0
3181,http://myneta.info/TamilNadu2026/candidate.php?candidate_id=3181,Muruganantham Guru,144,SIVAGANGA,44,All India Puratchi Thalaivar Makkal Munnettra Kazhagam,No,Graduate,,,1,"51,50,000 ~ 51 Lacs+",5150000,,,,1,"58,74,608 ~ 58 Lacs+",5874608,,Y,0
3187,http://myneta.info/TamilNadu2026/candidate.php?candidate_id=3187,Nagaprabu,144,SIVAGANGA,40,IND,No,10th Pass,,,1,0 ~,0,,,,1,0 ~,0,,N,0
3188,http://myneta.info/TamilNadu2026/candidate.php?candidate_id=3188,Paulsamy,144,SIVAGANGA,64,IND,No,5th Pass,,,1,0 ~,0,,,,1,0 ~,0,,Y,0
3189,http://myneta.info/TamilNadu2026/candidate.php?candidate_id=3189,Prabakaran S.T,144,SIVAGANGA,63,IND,No,10th Pass,,,1,0 ~,0,,,,1,"10,00,000 ~ 10 Lacs+",1000000,,Y,0
1007,http://myneta.info/TamilNadu2026/candidate.php?candidate_id=1007,Rajamanickam M,144,SIVAGANGA,68,Desiya Makkal Sakthi Katchi,No,Others,,,1,"12,50,000 ~ 12 Lacs+",1250000,,,,1,0 ~,0,,Y,0
1006,http://myneta.info/TamilNadu2026/candidate.php?candidate_id=1006,Rajesh X,144,SIVAGANGA,31,Tamizhaga Vaazhvurimai Katchi,No,Others,,,1,"8,81,000 ~ 8 Lacs+",881000,,,,1,"3,00,885 ~ 3 Lacs+",300885,,Y,0
3182,http://myneta.info/TamilNadu2026/candidate.php?candidate_id=3182,Rajkumar C,144,SIVAGANGA,46,Party for the Rights of Other backward Classes,Yes 1,Others,,,1,0 ~,0,,,,1,"2,94,821 ~ 2 Lacs+",294821,,Y,0
3190,http://myneta.info/TamilNadu2026/candidate.php?candidate_id=3190,Ramesh K,144,SIVAGANGA,53,IND,No,10th Pass,,,1,0 ~,0,,,,1,0 ~,0,,Y,0
3186,http://myneta.info/TamilNadu2026/candidate.php?candidate_id=3186,Santhanam,144,SIVAGANGA,59,IND,No,8th Pass,,,1,0 ~,0,,,,1,0 ~,0,,Y,0
1004,http://myneta.info/TamilNadu2026/candidate.php?candidate_id=1004,Senthilnathan Pr,144,SIVAGANGA,58,AIADMK,Yes 15,Graduate Professional,,,1,"5,88,85,000 ~ 5 Crore+",58885000,,,,1,"6,08,00,929 ~ 6 Crore+",60800929,,Y,3
2382,http://myneta.info/TamilNadu2026/candidate.php?candidate_id=2382,Arumugam.V,145,MANAMADURAI (SC),58,Republican Party of India,No,Graduate,,,1,"30,00,000 ~ 30 Lacs+",3000000,,,,1,"6,50,000 ~ 6 Lacs+",650000,,Y,0
2381,http://myneta.info/TamilNadu2026/candidate.php?candidate_id=2381,Arunpandian.A,145,MANAMADURAI (SC),32,Tamizhaga Vaazhvurimai Katchi,No,Graduate,,,1,0 ~,0,,,,1,"4,27,000 ~ 4 Lacs+",427000,,Y,0
1354,http://myneta.info/TamilNadu2026/candidate.php?candidate_id=1354,Balaganapathy.V,145,MANAMADURAI (SC),48,BJP,Yes 4,Graduate Professional,,,1,"1,48,90,500 ~ 1 Crore+",14890500,,,,1,"59,65,205 ~ 59 Lacs+",5965205,,Y,0
2388,http://myneta.info/TamilNadu2026/candidate.php?candidate_id=2388,Bharathidasan.S,145,MANAMADURAI (SC),35,IND,No,Graduate Professional,,,1,0 ~,0,,,,1,"1,50,000 ~ 1 Lacs+",150000,,Y,0
1003,http://myneta.info/TamilNadu2026/candidate.php?candidate_id=1003,Elangovan.D,145,MANAMADURAI (SC),44,Tamilaga Vettri Kazhagam,No,Graduate,,,1,0 ~,0,,,,1,"14,48,000 ~ 14 Lacs+",1448000,,Y,0
2385,http://myneta.info/TamilNadu2026/candidate.php?candidate_id=2385,Karuppusami.V,145,MANAMADURAI (SC),52,IND,No,Graduate,,,1,"19,00,000 ~ 19 Lacs+",1900000,,,,1,"12,75,000 ~ 12 Lacs+",1275000,,Y,0
2384,http://myneta.info/TamilNadu2026/candidate.php?candidate_id=2384,Rajamanikkam.A,145,MANAMADURAI (SC),28,Puthiya Tamilagam,Yes 3,Graduate Professional,,,1,0 ~,0,,,,1,"12,36,000 ~ 12 Lacs+",1236000,,Y,0
2389,http://myneta.info/TamilNadu2026/candidate.php?candidate_id=2389,Raju.J.M,145,MANAMADURAI (SC),61,IND,No,Post Graduate,,,1,"5,00,000 ~ 5 Lacs+",500000,,,,1,"5,00,000 ~ 5 Lacs+",500000,,Y,0
2387,http://myneta.info/TamilNadu2026/candidate.php?candidate_id=2387,Sathish.T,145,MANAMADURAI (SC),27,IND,No,Graduate Professional,,,1,0 ~,0,,,,1,0 ~,0,,Y,0
2386,http://myneta.info/TamilNadu2026/candidate.php?candidate_id=2386,Shankarganesan.S,145,MANAMADURAI (SC),48,IND,Yes 1,10th Pass,,,1,"15,73,780 ~ 15 Lacs+",1573780,,,,1,"2,50,000 ~ 2 Lacs+",250000,,Y,1
90,http://myneta.info/TamilNadu2026/candidate.php?candidate_id=90,Shanmugapriya.M,145,MANAMADURAI (SC),33,Naam Tamilar Katchi,No,12th Pass,,,1,"50,00,000 ~ 50 Lacs+",5000000,,,,1,"5,50,000 ~ 5 Lacs+",550000,,Y,0
1353,http://myneta.info/TamilNadu2026/candidate.php?candidate_id=1353,Tamilarasi.A,145,MANAMADURAI (SC),50,DMK,Yes 6,Graduate,,,1,"2,95,50,000 ~ 2 Crore+",29550000,,,,1,"1,41,43,945 ~ 1 Crore+",14143945,,Y,1
2383,http://myneta.info/TamilNadu2026/candidate.php?candidate_id=2383,Thilagaraj.K,145,MANAMADURAI (SC),33,All India Puratchi Thalaivar Makkal Munnettra Kazhagam,Yes 2,Post Graduate,,,1,0 ~,0,,,,1,"32,49,100 ~ 32 Lacs+",3249100,,Y,1
2390,http://myneta.info/TamilNadu2026/candidate.php?candidate_id=2390,Veerapandi.V,145,MANAMADURAI (SC),40,IND,No,8th Pass,,,1,0 ~,0,,,,1,"3,40,000 ~ 3 Lacs+",340000,,Y,0
307,http://myneta.info/TamilNadu2026/candidate.php?candidate_id=307,A Subash Chandra Bose,146,ALANGULAM,27,Thakkam Katchi,No,Others,,,1,0 ~,0,,,,1,0 ~,0,,Y,0
1418,http://myneta.info/TamilNadu2026/candidate.php?candidate_id=1418,A Udhayakumar,146,ALANGULAM,33,Puthiya Tamilagam,No,Post Graduate,,,1,0 ~,0,,,,1,"4,58,417 ~ 4 Lacs+",458417,,Y,0
1424,http://myneta.info/TamilNadu2026/candidate.php?candidate_id=1424,Jeyanthi,146,ALANGULAM,35,IND,Yes 3,Post Graduate,,,1,"10,00,000 ~ 10 Lacs+",1000000,,,,1,"14,00,000 ~ 14 Lacs+",1400000,,Y,1
1421,http://myneta.info/TamilNadu2026/candidate.php?candidate_id=1421,K Arunkumar,146,ALANGULAM,35,IND,No,Graduate Professional,,,1,"29,47,464 ~ 29 Lacs+",2947464,,,,1,"18,00,000 ~ 18 Lacs+",1800000,,Y,0
1126,http://myneta.info/TamilNadu2026/candidate.php?candidate_id=1126,K R P Prabakaran,146,ALANGULAM,45,AIADMK,Yes 2,Graduate Professional,,,1,"2,46,45,000 ~ 2 Crore+",24645000,,,,1,"2,43,21,580 ~ 2 Crore+",24321580,,Y,1
1419,http://myneta.info/TamilNadu2026/candidate.php?candidate_id=1419,Madasamy,146,ALANGULAM,47,All India Puratchi Thalaivar Makkal Munnettra Kazhagam,No,10th Pass,,,1,"17,44,000 ~ 17 Lacs+",1744000,,,,1,"49,88,203 ~ 49 Lacs+",4988203,,Y,0
1141,http://myneta.info/TamilNadu2026/candidate.php?candidate_id=1141,Paul Manoj Pandian,146,ALANGULAM,54,DMK,Yes 8,Doctorate,,,1,"22,21,80,570 ~ 22 Crore+",222180570,,,,1,"3,63,14,351 ~ 3 Crore+",36314351,,Y,5
1422,http://myneta.info/TamilNadu2026/candidate.php?candidate_id=1422,R Kotherimohideen,146,ALANGULAM,34,IND,Yes 1,Graduate,,,1,"10,00,000 ~ 10 Lacs+",1000000,,,,1,"22,88,600 ~ 22 Lacs+",2288600,,Y,3
3,http://myneta.info/TamilNadu2026/candidate.php?candidate_id=3,R Paulraj,146,ALANGULAM,38,Naam Tamilar Katchi,Yes 4,Graduate Professional,,,1,"78,50,000 ~ 78 Lacs+",7850000,,,,1,"7,35,000 ~ 7 Lacs+",735000,,Y,0
1423,http://myneta.info/TamilNadu2026/candidate.php?candidate_id=1423,T Marikumar,146,ALANGULAM,30,IND,Yes 1,8th Pass,,,1,0 ~,0,,,,1,0 ~,0,,Y,1
1420,http://myneta.info/TamilNadu2026/candidate.php?candidate_id=1420,U Aravind,146,ALANGULAM,41,IND,Yes 2,Graduate,,,1,"47,40,000 ~ 47 Lacs+",4740000,,,,1,"23,14,318 ~ 23 Lacs+",2314318,,Y,1
246,http://myneta.info/TamilNadu2026/candidate.php?candidate_id=246,Vibin Chakkaravarthy,146,ALANGULAM,28,Tamilaga Vettri Kazhagam,No,Graduate,,,1,"5,00,00,000 ~ 5 Crore+",50000000,,,,1,"3,34,68,103 ~ 3 Crore+",33468103,,Y,0
641,http://myneta.info/TamilNadu2026/candidate.php?candidate_id=641,W Jayson,146,ALANGULAM,30,IND,No,Graduate Professional,,,1,0 ~,0,,,,1,"40,48,826 ~ 40 Lacs+",4048826,,Y,0
791,http://myneta.info/TamilNadu2026/candidate.php?candidate_id=791,Abdul Jaleel. R. K,147,KADAYANALLUR,45,Tamilaga Vettri Kazhagam,Yes 2,8th Pass,,,1,"40,80,000 ~ 40 Lacs+",4080000,,,,1,"19,05,02,020 ~ 19 Crore+",190502020,,Y,4
52,http://myneta.info/TamilNadu2026/candidate.php?candidate_id=52,Abubacker Siddheeq,147,KADAYANALLUR,27,Naam Tamilar Katchi,No,Graduate Professional,,,1,0 ~,0,,,,1,0 ~,0,,Y,0
2946,http://myneta.info/TamilNadu2026/candidate.php?candidate_id=2946,Barisha Banu. M,147,KADAYANALLUR,29,IND,No,Graduate Professional,,,1,0 ~,0,,,,1,0 ~,0,,Y,0
790,http://myneta.info/TamilNadu2026/candidate.php?candidate_id=790,C. Krishnamurali,147,KADAYANALLUR,44,AIADMK,Yes 2,Graduate,,,1,"5,93,18,000 ~ 5 Crore+",59318000,,,,1,"58,45,063 ~ 58 Lacs+",5845063,,Y,0
2941,http://myneta.info/TamilNadu2026/candidate.php?candidate_id=2941,Esakki Pandi. K,147,KADAYANALLUR,42,IND,No,Post Graduate,,,1,0 ~,0,,,,1,0 ~,0,,Y,0
2940,http://myneta.info/TamilNadu2026/candidate.php?candidate_id=2940,Esakki. K,147,KADAYANALLUR,35,IND,No,Graduate Professional,,,1,"21,00,000 ~ 21 Lacs+",2100000,,,,1,"40,88,616 ~ 40 Lacs+",4088616,,Y,0
2942,http://myneta.info/TamilNadu2026/candidate.php?candidate_id=2942,Ganesan. M,147,KADAYANALLUR,33,IND,No,10th Pass,,,1,0 ~,0,,,,1,0 ~,0,,Y,0
2934,http://myneta.info/TamilNadu2026/candidate.php?candidate_id=2934,Kavitha. R,147,KADAYANALLUR,39,Puthiya Tamilagam,No,10th Pass,,,1,0 ~,0,,,,1,0 ~,0,,Y,0
2938,http://myneta.info/TamilNadu2026/candidate.php?candidate_id=2938,Lakshmi. A,147,KADAYANALLUR,35,Samata Party,No,Literate,,,1,0 ~,0,,,,1,"2,19,000 ~ 2 Lacs+",219000,,Y,0
2939,http://myneta.info/TamilNadu2026/candidate.php?candidate_id=2939,M. Arumugasamy,147,KADAYANALLUR,67,IND,No,Graduate,,,1,"50,00,000 ~ 50 Lacs+",5000000,,,,1,"4,00,000 ~ 4 Lacs+",400000,,Y,0
2947,http://myneta.info/TamilNadu2026/candidate.php?candidate_id=2947,Murugan. P,147,KADAYANALLUR,46,IND,No,8th Pass,,,1,"11,00,000 ~ 11 Lacs+",1100000,,,,1,0 ~,0,,Y,0
2944,http://myneta.info/TamilNadu2026/candidate.php?candidate_id=2944,Nagarajan. L,147,KADAYANALLUR,29,IND,No,Graduate Professional,,,1,"62,70,000 ~ 62 Lacs+",6270000,,,,1,"64,22,886 ~ 64 Lacs+",6422886,,Y,0
2945,http://myneta.info/TamilNadu2026/candidate.php?candidate_id=2945,Parthipan. V,147,KADAYANALLUR,35,IND,No,Graduate Professional,,,1,"3,50,000 ~ 3 Lacs+",350000,,,,1,"1,78,020 ~ 1 Lacs+",178020,,Y,0
2949,http://myneta.info/TamilNadu2026/candidate.php?candidate_id=2949,Rajamaravan. S,147,KADAYANALLUR,42,IND,Yes 1,Graduate Professional,,,1,"90,00,000 ~ 90 Lacs+",9000000,,,,1,"5,62,500 ~ 5 Lacs+",562500,,Y,2
2937,http://myneta.info/TamilNadu2026/candidate.php?candidate_id=2937,Rajan. B. S,147,KADAYANALLUR,55,Aanaithinthiya Jananayaka Pathukappu Kazhagam,No,5th Pass,,,1,"3,00,000 ~ 3 Lacs+",300000,,,,1,0 ~,0,,Y,0
1165,http://myneta.info/TamilNadu2026/candidate.php?candidate_id=1165,Rajendran. T. M,147,KADAYANALLUR,61,DMK,Yes 1,Post Graduate,,,1,"1,76,51,890 ~ 1 Crore+",17651890,,,,1,"37,74,000 ~ 37 Lacs+",3774000,,Y,0
2948,http://myneta.info/TamilNadu2026/candidate.php?candidate_id=2948,S. Muruganantham,147,KADAYANALLUR,68,IND,No,10th Pass,,,1,"80,00,000 ~ 80 Lacs+",8000000,,,,1,0 ~,0,,Y,0
2943,http://myneta.info/TamilNadu2026/candidate.php?candidate_id=2943,Seenivasan. S,147,KADAYANALLUR,38,IND,No,12th Pass,,,1,"80,00,000 ~ 80 Lacs+",8000000,,,,1,"7,00,000 ~ 7 Lacs+",700000,,Y,0
2935,http://myneta.info/TamilNadu2026/candidate.php?candidate_id=2935,Shahin Fathima. A,147,KADAYANALLUR,31,Tamizhaga Vaazhvurimai Katchi,No,Graduate,,,1,"35,00,000 ~ 35 Lacs+",3500000,,,,1,"22,00,000 ~ 22 Lacs+",2200000,,Y,0
2936,http://myneta.info/TamilNadu2026/candidate.php?candidate_id=2936,Sureshkumar. S,147,KADAYANALLUR,52,Naam Indiar Party,No,8th Pass,,,1,0 ~,0,,,,1,0 ~,0,,Y,0
792,http://myneta.info/TamilNadu2026/candidate.php?candidate_id=792,T. Maheshkumar,147,KADAYANALLUR,35,BSP,No,Graduate,,,1,0 ~,0,,,,1,0 ~,0,,Y,0
2950,http://myneta.info/TamilNadu2026/candidate.php?candidate_id=2950,Venkatesh. P,147,KADAYANALLUR,33,IND,No,Graduate Professional,,,1,0 ~,0,,,,1,0 ~,0,,Y,0
3830,http://myneta.info/TamilNadu2026/candidate.php?candidate_id=3830,Anand,148,SANKARANKOVIL (SC),35,IND,No,Graduate Professional,,,1,0 ~,0,,,,1,0 ~,0,,Y,0
772,http://myneta.info/TamilNadu2026/candidate.php?candidate_id=772,C. Ramarajan,148,SANKARANKOVIL (SC),41,Tamilaga Vettri Kazhagam,No,Post Graduate,,,1,"41,00,000 ~ 41 Lacs+",4100000,,,,1,"62,00,000 ~ 62 Lacs+",6200000,,Y,0
489,http://myneta.info/TamilNadu2026/candidate.php?candidate_id=489,C. Ravi,148,SANKARANKOVIL (SC),51,Tamilaga Makkal Nala Katchi,No,10th Pass,,,1,"75,00,000 ~ 75 Lacs+",7500000,,,,1,0 ~,0,,Y,0
745,http://myneta.info/TamilNadu2026/candidate.php?candidate_id=745,Dr. Dhilipan Jaishankar,148,SANKARANKOVIL (SC),29,AIADMK,No,Graduate Professional,,,1,"26,84,372 ~ 26 Lacs+",2684372,,,,1,"2,57,48,601 ~ 2 Crore+",25748601,,Y,0
3826,http://myneta.info/TamilNadu2026/candidate.php?candidate_id=3826,J. Pandi,148,SANKARANKOVIL (SC),41,Bharatha Makkal Katchi,No,8th Pass,,,1,0 ~,0,,,,1,"2,50,000 ~ 2 Lacs+",250000,,Y,0
3834,http://myneta.info/TamilNadu2026/candidate.php?candidate_id=3834,K. Ravikumar,148,SANKARANKOVIL (SC),36,IND,No,10th Pass,,,1,"2,47,000 ~ 2 Lacs+",247000,,,,1,"9,00,000 ~ 9 Lacs+",900000,,Y,0
3831,http://myneta.info/TamilNadu2026/candidate.php?candidate_id=3831,K. Subburaj,148,SANKARANKOVIL (SC),42,IND,No,12th Pass,,,1,"3,50,000 ~ 3 Lacs+",350000,,,,1,0 ~,0,,Y,0
3825,http://myneta.info/TamilNadu2026/candidate.php?candidate_id=3825,K. Thangavel,148,SANKARANKOVIL (SC),65,Puthiya Makkal Tamil Desam Katchi,No,5th Pass,,,1,"2,50,000 ~ 2 Lacs+",250000,,,,1,0 ~,0,,Y,0
486,http://myneta.info/TamilNadu2026/candidate.php?candidate_id=486,K.Suresh,148,SANKARANKOVIL (SC),43,IND,No,Others,,,1,0 ~,0,,,,1,0 ~,0,,Y,0
145,http://myneta.info/TamilNadu2026/candidate.php?candidate_id=145,M. Kavitha,148,SANKARANKOVIL (SC),41,Naam Tamilar Katchi,No,Graduate,,,1,0 ~,0,,,,1,"1,20,000 ~ 1 Lacs+",120000,,Y,0
3835,http://myneta.info/TamilNadu2026/candidate.php?candidate_id=3835,M. Raj,148,SANKARANKOVIL (SC),42,IND,No,Graduate Professional,,,1,0 ~,0,,,,1,0 ~,0,,Y,0
487,http://myneta.info/TamilNadu2026/candidate.php?candidate_id=487,N.Selvam,148,SANKARANKOVIL (SC),60,Naam Indiar Party,No,Post Graduate,,,1,"52,00,000 ~ 52 Lacs+",5200000,,,,1,"1,60,000 ~ 1 Lacs+",160000,,Y,0
3827,http://myneta.info/TamilNadu2026/candidate.php?candidate_id=3827,Prabakaran,148,SANKARANKOVIL (SC),39,Puthiya Tamilagam,Yes 1,Post Graduate,,,1,0 ~,0,,,,1,0 ~,0,,Y,0
3824,http://myneta.info/TamilNadu2026/candidate.php?candidate_id=3824,S. Mariappan,148,SANKARANKOVIL (SC),31,BSP,No,8th Pass,,,1,0 ~,0,,,,1,0 ~,0,,Y,0
3833,http://myneta.info/TamilNadu2026/candidate.php?candidate_id=3833,S. Muthuselvan,148,SANKARANKOVIL (SC),49,IND,Yes 2,Graduate Professional,,,1,0 ~,0,,,,1,0 ~,0,,Y,2
488,http://myneta.info/TamilNadu2026/candidate.php?candidate_id=488,S.Arulraj,148,SANKARANKOVIL (SC),65,IND,No,Literate,,,1,0 ~,0,,,,1,0 ~,0,,Y,0
1233,http://myneta.info/TamilNadu2026/candidate.php?candidate_id=1233,Sangai. Ganesan,148,SANKARANKOVIL (SC),57,INC,Yes 1,Post Graduate,,,1,"72,40,000 ~ 72 Lacs+",7240000,,,,1,"31,80,000 ~ 31 Lacs+",3180000,,Y,0
3832,http://myneta.info/TamilNadu2026/candidate.php?candidate_id=3832,V. Paulpandian,148,SANKARANKOVIL (SC),54,IND,No,Graduate,,,1,"11,00,000 ~ 11 Lacs+",1100000,,,,1,"99,000 ~ 99 Thou+",99000,,Y,0
3828,http://myneta.info/TamilNadu2026/candidate.php?candidate_id=3828,Vasanthi Murugesan,148,SANKARANKOVIL (SC),63,All India Puratchi Thalaivar Makkal Munnettra Kazhagam,No,Post Graduate,,,1,"82,62,400 ~ 82 Lacs+",8262400,,,,1,"12,50,000 ~ 12 Lacs+",1250000,,Y,0
3829,http://myneta.info/TamilNadu2026/candidate.php?candidate_id=3829,Velraj .S,148,SANKARANKOVIL (SC),41,Tamizhaga Vaazhvurimai Katchi,No,8th Pass,,,1,0 ~,0,,,,1,"1,20,000 ~ 1 Lacs+",120000,,Y,0
1009,http://myneta.info/TamilNadu2026/candidate.php?candidate_id=1009,A. Rajaprakash,149,TENKASI,38,Tamilaga Vettri Kazhagam,No,5th Pass,,,1,"1,38,00,000 ~ 1 Crore+",13800000,,,,1,"3,84,14,689 ~ 3 Crore+",38414689,,Y,0
3909,http://myneta.info/TamilNadu2026/candidate.php?candidate_id=3909,A.Mariappan,149,TENKASI,41,IND,No,Graduate Professional,,,1,"10,10,000 ~ 10 Lacs+",1010000,,,,1,0 ~,0,,Y,0
1335,http://myneta.info/TamilNadu2026/candidate.php?candidate_id=1335,Dr.Kalai Kathiravan,149,TENKASI,38,DMK,No,Graduate Professional,,,1,"4,80,000 ~ 4 Lacs+",480000,,,,1,"73,36,341 ~ 73 Lacs+",7336341,,Y,0
434,http://myneta.info/TamilNadu2026/candidate.php?candidate_id=434,Durairaj,149,TENKASI,58,IND,No,5th Pass,,,1,"72,15,000 ~ 72 Lacs+",7215000,,,,1,"12,56,000 ~ 12 Lacs+",1256000,,Y,0
437,http://myneta.info/TamilNadu2026/candidate.php?candidate_id=437,G. Poorana Selvan,149,TENKASI,30,IND,Yes 3,Others,,,1,"9,00,000 ~ 9 Lacs+",900000,,,,1,"5,80,437 ~ 5 Lacs+",580437,,Y,2
3905,http://myneta.info/TamilNadu2026/candidate.php?candidate_id=3905,Ganeshan. S,149,TENKASI,64,IND,No,10th Pass,,,1,"1,00,000 ~ 1 Lacs+",100000,,,,1,"72,000 ~ 72 Thou+",72000,,Y,0
3900,http://myneta.info/TamilNadu2026/candidate.php?candidate_id=3900,Gomathi Sankar,149,TENKASI,26,Tamizhaga Vaazhvurimai Katchi,Yes 3,Others,,,1,"2,00,000 ~ 2 Lacs+",200000,,,,1,"2,50,000 ~ 2 Lacs+",250000,,Y,3
438,http://myneta.info/TamilNadu2026/candidate.php?candidate_id=438,Isaki Pandian,149,TENKASI,51,BSP,No,Illiterate,,,1,0 ~,0,,,,1,0 ~,0,,Y,0
435,http://myneta.info/TamilNadu2026/candidate.php?candidate_id=435,K.M.Kaliappan,149,TENKASI,52,IND,No,5th Pass,,,1,"70,00,000 ~ 70 Lacs+",7000000,,,,1,"3,80,000 ~ 3 Lacs+",380000,,Y,0
3910,http://myneta.info/TamilNadu2026/candidate.php?candidate_id=3910,K.Muthu,149,TENKASI,28,IND,No,8th Pass,,,1,0 ~,0,,,,1,0 ~,0,,Y,0
3908,http://myneta.info/TamilNadu2026/candidate.php?candidate_id=3908,M. Ponnudurai,149,TENKASI,46,IND,No,Graduate Professional,,,1,"8,00,000 ~ 8 Lacs+",800000,,,,1,0 ~,0,,Y,0
3903,http://myneta.info/TamilNadu2026/candidate.php?candidate_id=3903,M.Poosa Durai,149,TENKASI,38,All India Puratchi Thalaivar Makkal Munnettra Kazhagam,Yes 1,Graduate Professional,,,1,"71,00,000 ~ 71 Lacs+",7100000,,,,1,"17,19,719 ~ 17 Lacs+",1719719,,Y,0
3899,http://myneta.info/TamilNadu2026/candidate.php?candidate_id=3899,P. Pushpalatha,149,TENKASI,41,Naam Tamilar Katchi,No,Graduate Professional,,,1,"83,00,000 ~ 83 Lacs+",8300000,,,,1,"47,55,929 ~ 47 Lacs+",4755929,,Y,0
3907,http://myneta.info/TamilNadu2026/candidate.php?candidate_id=3907,P.Noble Krishna,149,TENKASI,28,IND,No,12th Pass,,,1,0 ~,0,,,,1,0 ~,0,,N,0
3911,http://myneta.info/TamilNadu2026/candidate.php?candidate_id=3911,R. Ramkumar,149,TENKASI,28,IND,Yes 1,10th Pass,,,1,"60,00,000 ~ 60 Lacs+",6000000,,,,1,0 ~,0,,Y,0
3901,http://myneta.info/TamilNadu2026/candidate.php?candidate_id=3901,R. Selvakumar,149,TENKASI,45,Naam Indiar Party,No,10th Pass,,,1,0 ~,0,,,,1,0 ~,0,,Y,0
440,http://myneta.info/TamilNadu2026/candidate.php?candidate_id=440,R.Krishnan,149,TENKASI,31,IND,Yes 6,Graduate,,,1,"32,00,000 ~ 32 Lacs+",3200000,,,,1,"31,05,000 ~ 31 Lacs+",3105000,,Y,2
436,http://myneta.info/TamilNadu2026/candidate.php?candidate_id=436,S. Thangapalam,149,TENKASI,58,IND,No,Post Graduate,,,1,"79,00,000 ~ 79 Lacs+",7900000,,,,1,0 ~,0,,Y,0
3904,http://myneta.info/TamilNadu2026/candidate.php?candidate_id=3904,S.Manogaran,149,TENKASI,69,Kamarajar Deseeya Congress,No,Literate,,,1,0 ~,0,,,,1,0 ~,0,,Y,0
1336,http://myneta.info/TamilNadu2026/candidate.php?candidate_id=1336,S.Selva Mohandas Pandian,149,TENKASI,56,AIADMK,Yes 4,Others,,,1,"7,75,00,000 ~ 7 Crore+",77500000,,,,1,"2,08,76,643 ~ 2 Crore+",20876643,,Y,4
3902,http://myneta.info/TamilNadu2026/candidate.php?candidate_id=3902,S.Thirumalai Kumar,149,TENKASI,33,Puthiya Tamilagam,Yes 2,12th Pass,,,1,0 ~,0,,,,1,"22,78,041 ~ 22 Lacs+",2278041,,Y,1
3906,http://myneta.info/TamilNadu2026/candidate.php?candidate_id=3906,Shahul Hameed,149,TENKASI,25,IND,No,10th Pass,,,1,0 ~,0,,,,1,"29,320 ~ 29 Thou+",29320,,Y,0
3979,http://myneta.info/TamilNadu2026/candidate.php?candidate_id=3979,A. Palanikumar,150,VASUDEVANALLUR (SC),52,IND,No,Graduate Professional,,,1,0 ~,0,,,,1,0 ~,0,,Y,0
3973,http://myneta.info/TamilNadu2026/candidate.php?candidate_id=3973,A. Ponnuthai,150,VASUDEVANALLUR (SC),38,All India Puratchi Thalaivar Makkal Munnettra Kazhagam,No,Post Graduate,,,1,0 ~,0,,,,1,"3,00,115 ~ 3 Lacs+",300115,,Y,0
1310,http://myneta.info/TamilNadu2026/candidate.php?candidate_id=1310,Ananthan Ayyasamy,150,VASUDEVANALLUR (SC),50,BJP,No,Post Graduate,,,1,"21,66,04,114 ~ 21 Crore+",216604114,,,,1,"10,35,97,327 ~ 10 Crore+",103597327,,Y,0
485,http://myneta.info/TamilNadu2026/candidate.php?candidate_id=485,B. Veeralakshmi,150,VASUDEVANALLUR (SC),39,Tamilaga Makkal Nala Katchi,No,10th Pass,,,1,"12,00,000 ~ 12 Lacs+",1200000,,,,1,"42,000 ~ 42 Thou+",42000,,Y,0
3971,http://myneta.info/TamilNadu2026/candidate.php?candidate_id=3971,E. Raja,150,VASUDEVANALLUR (SC),40,DMK,Yes 1,Post Graduate,,,1,"6,39,58,643 ~ 6 Crore+",63958643,,,,1,"1,35,83,668 ~ 1 Crore+",13583668,,Y,0
210,http://myneta.info/TamilNadu2026/candidate.php?candidate_id=210,Esai Mathivanan,150,VASUDEVANALLUR (SC),39,Naam Tamilar Katchi,Yes 5,12th Pass,,,1,"2,00,000 ~ 2 Lacs+",200000,,,,1,0 ~,0,,Y,2
3976,http://myneta.info/TamilNadu2026/candidate.php?candidate_id=3976,I. Saravanan,150,VASUDEVANALLUR (SC),28,IND,No,Others,,,1,0 ~,0,,,,1,0 ~,0,,Y,0
3978,http://myneta.info/TamilNadu2026/candidate.php?candidate_id=3978,K. Nagarajan,150,VASUDEVANALLUR (SC),38,IND,No,8th Pass,,,1,0 ~,0,,,,1,"5,48,650 ~ 5 Lacs+",548650,,Y,0
3972,http://myneta.info/TamilNadu2026/candidate.php?candidate_id=3972,K. Paulraj,150,VASUDEVANALLUR (SC),64,Puthiya Tamilagam,Yes 2,5th Pass,,,1,"43,00,000 ~ 43 Lacs+",4300000,,,,1,"6,00,000 ~ 6 Lacs+",600000,,Y,0
3974,http://myneta.info/TamilNadu2026/candidate.php?candidate_id=3974,K. Rajendran,150,VASUDEVANALLUR (SC),42,Puthiya Makkal Tamil Desam Katchi,No,10th Pass,,,1,"3,00,000 ~ 3 Lacs+",300000,,,,1,"1,25,000 ~ 1 Lacs+",125000,,Y,0
484,http://myneta.info/TamilNadu2026/candidate.php?candidate_id=484,K. Ramachandran,150,VASUDEVANALLUR (SC),37,IND,Yes 3,8th Pass,,,1,"6,30,000 ~ 6 Lacs+",630000,,,,1,0 ~,0,,Y,0
482,http://myneta.info/TamilNadu2026/candidate.php?candidate_id=482,M. Arumugasamy,150,VASUDEVANALLUR (SC),67,IND,No,Graduate,,,1,"50,00,000 ~ 50 Lacs+",5000000,,,,1,"4,00,000 ~ 4 Lacs+",400000,,Y,0
3975,http://myneta.info/TamilNadu2026/candidate.php?candidate_id=3975,P. Karpagavalli,150,VASUDEVANALLUR (SC),38,IND,No,10th Pass,,,1,0 ~,0,,,,1,0 ~,0,,Y,0
3980,http://myneta.info/TamilNadu2026/candidate.php?candidate_id=3980,Prabakaran .R,150,VASUDEVANALLUR (SC),25,IND,No,Others,,,1,"1,00,000 ~ 1 Lacs+",100000,,,,1,0 ~,0,,Y,0
1010,http://myneta.info/TamilNadu2026/candidate.php?candidate_id=1010,R. Amutharani,150,VASUDEVANALLUR (SC),50,Tamilaga Vettri Kazhagam,No,12th Pass,,,1,"56,95,000 ~ 56 Lacs+",5695000,,,,1,"56,57,382 ~ 56 Lacs+",5657382,,Y,0
1011,http://myneta.info/TamilNadu2026/candidate.php?candidate_id=1011,R. Rameshkumar,150,VASUDEVANALLUR (SC),47,BSP,No,8th Pass,,,1,0 ~,0,,,,1,0 ~,0,,Y,0
483,http://myneta.info/TamilNadu2026/candidate.php?candidate_id=483,Selvaraj .C,150,VASUDEVANALLUR (SC),66,IND,No,5th Pass,,,1,"15,00,000 ~ 15 Lacs+",1500000,,,,1,0 ~,0,,Y,0
3977,http://myneta.info/TamilNadu2026/candidate.php?candidate_id=3977,Senthilkumar,150,VASUDEVANALLUR (SC),51,IND,No,10th Pass,,,1,0 ~,0,,,,1,"1,00,000 ~ 1 Lacs+",100000,,Y,0
2393,http://myneta.info/TamilNadu2026/candidate.php?candidate_id=2393,A.Viswanathan,151,THIRUVIDAIMARUDUR (SC),38,Tamizhaga Vaazhvurimai Katchi,No,12th Pass,,,1,0 ~,0,,,,1,"2,50,000 ~ 2 Lacs+",250000,,Y,0
2394,http://myneta.info/TamilNadu2026/candidate.php?candidate_id=2394,Aravindaraj. R,151,THIRUVIDAIMARUDUR (SC),40,IND,No,Graduate,,,1,0 ~,0,,,,1,"60,000 ~ 60 Thou+",60000,,Y,0
2398,http://myneta.info/TamilNadu2026/candidate.php?candidate_id=2398,Dhanasekar,151,THIRUVIDAIMARUDUR (SC),41,IND,No,Graduate Professional,,,1,0 ~,0,,,,1,0 ~,0,,Y,0
1134,http://myneta.info/TamilNadu2026/candidate.php?candidate_id=1134,Elamathi Subramanian,151,THIRUVIDAIMARUDUR (SC),55,AIADMK,No,8th Pass,,,1,"2,90,00,000 ~ 2 Crore+",29000000,,,,1,"21,22,955 ~ 21 Lacs+",2122955,,Y,0
174,http://myneta.info/TamilNadu2026/candidate.php?candidate_id=174,Govi.Chezhiaan,151,THIRUVIDAIMARUDUR (SC),59,DMK,Yes 2,Doctorate,,,1,"16,00,000 ~ 16 Lacs+",1600000,,,,1,0 ~,0,,Y,4
2392,http://myneta.info/TamilNadu2026/candidate.php?candidate_id=2392,Kannaiyan. T,151,THIRUVIDAIMARUDUR (SC),64,CPI(ML)(L),Yes 13,8th Pass,,,1,"50,000 ~ 50 Thou+",50000,,,,1,"55,000 ~ 55 Thou+",55000,,Y,2
2395,http://myneta.info/TamilNadu2026/candidate.php?candidate_id=2395,Keerthiga. K,151,THIRUVIDAIMARUDUR (SC),27,IND,No,Post Graduate,,,1,0 ~,0,,,,1,0 ~,0,,Y,0
2399,http://myneta.info/TamilNadu2026/candidate.php?candidate_id=2399,L.Prabakaran,151,THIRUVIDAIMARUDUR (SC),30,IND,No,Others,,,1,0 ~,0,,,,1,0 ~,0,,Y,0
175,http://myneta.info/TamilNadu2026/candidate.php?candidate_id=175,M.Divya Bharathi,151,THIRUVIDAIMARUDUR (SC),30,Naam Tamilar Katchi,No,Graduate Professional,,,1,0 ~,0,,,,1,0 ~,0,,Y,0
2397,http://myneta.info/TamilNadu2026/candidate.php?candidate_id=2397,M.Tamilmaran,151,THIRUVIDAIMARUDUR (SC),34,IND,No,Post Graduate,,,1,0 ~,0,,,,1,0 ~,0,,Y,0
2400,http://myneta.info/TamilNadu2026/candidate.php?candidate_id=2400,P.Manikandan,151,THIRUVIDAIMARUDUR (SC),37,IND,No,Post Graduate,,,1,0 ~,0,,,,1,0 ~,0,,Y,0
1416,http://myneta.info/TamilNadu2026/candidate.php?candidate_id=1416,S.Prabakaran,151,THIRUVIDAIMARUDUR (SC),42,Tamilaga Vettri Kazhagam,Yes 4,10th Pass,,,1,"1,14,94,180 ~ 1 Crore+",11494180,,,,1,0 ~,0,,Y,0
2396,http://myneta.info/TamilNadu2026/candidate.php?candidate_id=2396,Selvarani. S,151,THIRUVIDAIMARUDUR (SC),41,IND,No,8th Pass,,,1,"18,00,000 ~ 18 Lacs+",1800000,,,,1,0 ~,0,,Y,0
2391,http://myneta.info/TamilNadu2026/candidate.php?candidate_id=2391,T.M.Puratchi Mani,151,THIRUVIDAIMARUDUR (SC),43,BSP,No,Doctorate,,,1,"10,00,000 ~ 10 Lacs+",1000000,,,,1,0 ~,0,,Y,0
75,http://myneta.info/TamilNadu2026/candidate.php?candidate_id=75,Anandh M,152,KUMBAKONAM,39,Naam Tamilar Katchi,Yes 7,Graduate Professional,,,1,"30,00,000 ~ 30 Lacs+",3000000,,,,1,"65,43,230 ~ 65 Lacs+",6543230,,Y,1
76,http://myneta.info/TamilNadu2026/candidate.php?candidate_id=76,Anbalagan G,152,KUMBAKONAM,77,DMK,No,10th Pass,,,1,"33,40,00,000 ~ 33 Crore+",334000000,,,,1,"17,03,79,559 ~ 17 Crore+",170379559,,Y,0
3630,http://myneta.info/TamilNadu2026/candidate.php?candidate_id=3630,Arivazhagan K,152,KUMBAKONAM,50,IND,No,Post Graduate,,,1,"1,04,00,000 ~ 1 Crore+",10400000,,,,1,"40,50,000 ~ 40 Lacs+",4050000,,Y,0
815,http://myneta.info/TamilNadu2026/candidate.php?candidate_id=815,Arokiyaraj V,152,KUMBAKONAM,41,Tamizhaga Vaazhvurimai Katchi,No,Illiterate,,,1,0 ~,0,,,,1,0 ~,0,,Y,0
730,http://myneta.info/TamilNadu2026/candidate.php?candidate_id=730,Ashokkumar R,152,KUMBAKONAM,42,BJP,No,10th Pass,,,1,"3,85,91,361 ~ 3 Crore+",38591361,,,,1,"3,16,45,025 ~ 3 Crore+",31645025,,Y,0
3631,http://myneta.info/TamilNadu2026/candidate.php?candidate_id=3631,Karthi G,152,KUMBAKONAM,28,IND,No,Post Graduate,,,1,0 ~,0,,,,1,0 ~,0,,Y,0
360,http://myneta.info/TamilNadu2026/candidate.php?candidate_id=360,Ramamoorthi R,152,KUMBAKONAM,76,IND,No,Others,,,1,0 ~,0,,,,1,0 ~,0,,Y,0
3632,http://myneta.info/TamilNadu2026/candidate.php?candidate_id=3632,Senthamilselvi S,152,KUMBAKONAM,50,IND,No,Graduate,,,1,"13,45,000 ~ 13 Lacs+",1345000,,,,1,"2,82,350 ~ 2 Lacs+",282350,,Y,0
361,http://myneta.info/TamilNadu2026/candidate.php?candidate_id=361,Srinivasan V,152,KUMBAKONAM,58,IND,No,12th Pass,,,1,"25,00,000 ~ 25 Lacs+",2500000,,,,1,"30,000 ~ 30 Thou+",30000,,Y,0
3633,http://myneta.info/TamilNadu2026/candidate.php?candidate_id=3633,Stalin Ma Ka,152,KUMBAKONAM,55,IND,Yes 24,Graduate,,,1,"13,45,000 ~ 13 Lacs+",1345000,,,,1,"2,82,350 ~ 2 Lacs+",282350,,Y,5
3629,http://myneta.info/TamilNadu2026/candidate.php?candidate_id=3629,Sundar G,152,KUMBAKONAM,39,Thamizh Desiya Munnetra Kazhagam,No,Graduate,,,1,0 ~,0,,,,1,"1,56,000 ~ 1 Lacs+",156000,,Y,0
359,http://myneta.info/TamilNadu2026/candidate.php?candidate_id=359,Vijayakumar C,152,KUMBAKONAM,73,IND,No,10th Pass,,,1,"50,00,000 ~ 50 Lacs+",5000000,,,,1,0 ~,0,,Y,0
816,http://myneta.info/TamilNadu2026/candidate.php?candidate_id=816,Vinoth,152,KUMBAKONAM,32,Tamilaga Vettri Kazhagam,Yes 8,12th Pass,,,1,"17,40,000 ~ 17 Lacs+",1740000,,,,1,0 ~,0,,Y,0
2406,http://myneta.info/TamilNadu2026/candidate.php?candidate_id=2406,A S Thangarasu,153,PAPANASAM,59,IND,No,5th Pass,,,1,"40,00,000 ~ 40 Lacs+",4000000,,,,1,0 ~,0,,Y,0
2404,http://myneta.info/TamilNadu2026/candidate.php?candidate_id=2404,A. Anis Fathima Abdul Rahim,153,PAPANASAM,30,IND,No,12th Pass,,,1,"60,00,000 ~ 60 Lacs+",6000000,,,,1,"27,00,000 ~ 27 Lacs+",2700000,,Y,0
776,http://myneta.info/TamilNadu2026/candidate.php?candidate_id=776,A.M. Shahjahan,153,PAPANASAM,57,Indian Union Muslim League,Yes 2,Graduate,,,1,"2,10,00,000 ~ 2 Crore+",21000000,,,,1,0 ~,0,,Y,1
119,http://myneta.info/TamilNadu2026/candidate.php?candidate_id=119,Anis Fathima,153,PAPANASAM,25,Naam Tamilar Katchi,No,Graduate Professional,,,1,0 ~,0,,,,1,"4,58,000 ~ 4 Lacs+",458000,,Y,0
300,http://myneta.info/TamilNadu2026/candidate.php?candidate_id=300,Azarudeen Uduman Ali,153,PAPANASAM,39,Tamilaga Vettri Kazhagam,No,10th Pass,,,1,"1,01,46,94,000 ~ 101 Crore+",1014694000,,,,1,"8,86,54,802 ~ 8 Crore+",88654802,,Y,0
2402,http://myneta.info/TamilNadu2026/candidate.php?candidate_id=2402,B. Dhamodharan,153,PAPANASAM,49,Tamizhaga Vaazhvurimai Katchi,Yes 2,12th Pass,,,1,"25,00,000 ~ 25 Lacs+",2500000,,,,1,"10,65,000 ~ 10 Lacs+",1065000,,Y,0
2401,http://myneta.info/TamilNadu2026/candidate.php?candidate_id=2401,C. Chandrasekaran,153,PAPANASAM,45,Thamizh Desiya Munnetra Kazhagam,Yes 3,Graduate Professional,,,1,"3,25,000 ~ 3 Lacs+",325000,,,,1,0 ~,0,,Y,3
1211,http://myneta.info/TamilNadu2026/candidate.php?candidate_id=1211,Dorai. Shanmuga Prabu,153,PAPANASAM,38,AIADMK,Yes 2,Graduate Professional,,,1,"4,46,85,500 ~ 4 Crore+",44685500,,,,1,"4,78,05,144 ~ 4 Crore+",47805144,,Y,1
2403,http://myneta.info/TamilNadu2026/candidate.php?candidate_id=2403,K. Masilamani,153,PAPANASAM,58,CPI(ML)(L),No,5th Pass,,,1,"3,00,000 ~ 3 Lacs+",300000,,,,1,0 ~,0,,Y,0
2409,http://myneta.info/TamilNadu2026/candidate.php?candidate_id=2409,K. Rajendran,153,PAPANASAM,47,IND,No,12th Pass,,,1,0 ~,0,,,,1,0 ~,0,,Y,0
2408,http://myneta.info/TamilNadu2026/candidate.php?candidate_id=2408,S. Natarajan,153,PAPANASAM,73,IND,No,12th Pass,,,1,"43,00,000 ~ 43 Lacs+",4300000,,,,1,0 ~,0,,Y,0
2405,http://myneta.info/TamilNadu2026/candidate.php?candidate_id=2405,V. Kulandhaivelu,153,PAPANASAM,62,IND,No,8th Pass,,,1,"1,00,000 ~ 1 Lacs+",100000,,,,1,"1,00,000 ~ 1 Lacs+",100000,,Y,0
2407,http://myneta.info/TamilNadu2026/candidate.php?candidate_id=2407,V. Thiyagarajan,153,PAPANASAM,39,IND,No,Graduate Professional,,,1,"1,96,800 ~ 1 Lacs+",196800,,,,1,"1,66,682 ~ 1 Lacs+",166682,,Y,0
2413,http://myneta.info/TamilNadu2026/candidate.php?candidate_id=2413,Abiman,154,THIRUVAIYARU,27,IND,No,Graduate Professional,,,1,0 ~,0,,,,1,"78,050 ~ 78 Thou+",78050,,Y,0
170,http://myneta.info/TamilNadu2026/candidate.php?candidate_id=170,Durai. Chandrasekaran,154,THIRUVAIYARU,66,DMK,Yes 1,Graduate Professional,,,1,"7,75,00,000 ~ 7 Crore+",77500000,,,,1,"2,51,20,514 ~ 2 Crore+",25120514,,Y,0
169,http://myneta.info/TamilNadu2026/candidate.php?candidate_id=169,Durai. Senthilnathan,154,THIRUVAIYARU,44,Naam Tamilar Katchi,No,Doctorate,,,1,"8,00,000 ~ 8 Lacs+",800000,,,,1,0 ~,0,,Y,0
2414,http://myneta.info/TamilNadu2026/candidate.php?candidate_id=2414,Er.S. Arjun,154,THIRUVAIYARU,33,IND,No,Graduate Professional,,,1,0 ~,0,,,,1,"13,00,000 ~ 13 Lacs+",1300000,,Y,0
2418,http://myneta.info/TamilNadu2026/candidate.php?candidate_id=2418,Jayaindhraeswaran,154,THIRUVAIYARU,31,IND,No,Post Graduate,,,1,0 ~,0,,,,1,0 ~,0,,Y,0
1016,http://myneta.info/TamilNadu2026/candidate.php?candidate_id=1016,Mathi. Manikandan,154,THIRUVAIYARU,28,Tamilaga Vettri Kazhagam,Yes 1,Graduate Professional,,,1,"5,20,00,000 ~ 5 Crore+",52000000,,,,1,"2,91,70,000 ~ 2 Crore+",29170000,,Y,0
2417,http://myneta.info/TamilNadu2026/candidate.php?candidate_id=2417,R. Rajkumar,154,THIRUVAIYARU,44,IND,No,Post Graduate,,,1,"20,00,000 ~ 20 Lacs+",2000000,,,,1,0 ~,0,,Y,0
2415,http://myneta.info/TamilNadu2026/candidate.php?candidate_id=2415,R. Sathiyanarayanan,154,THIRUVAIYARU,37,IND,No,10th Pass,,,1,0 ~,0,,,,1,0 ~,0,,Y,0
2416,http://myneta.info/TamilNadu2026/candidate.php?candidate_id=2416,Rajasekaran. S,154,THIRUVAIYARU,44,IND,No,12th Pass,,,1,0 ~,0,,,,1,0 ~,0,,Y,0
2410,http://myneta.info/TamilNadu2026/candidate.php?candidate_id=2410,S. Vijayakumar,154,THIRUVAIYARU,48,Anna Puratchi Thalaivar Amma Dravida Munnetra Kazhagam,No,10th Pass,,,1,0 ~,0,,,,1,"7,00,000 ~ 7 Lacs+",700000,,Y,0
2412,http://myneta.info/TamilNadu2026/candidate.php?candidate_id=2412,V. Venu,154,THIRUVAIYARU,60,Puthiya Tamilagam,Yes 1,10th Pass,,,1,"13,00,000 ~ 13 Lacs+",1300000,,,,1,"35,57,975 ~ 35 Lacs+",3557975,,Y,1
1264,http://myneta.info/TamilNadu2026/candidate.php?candidate_id=1264,Velu. Karthikeyan,154,THIRUVAIYARU,51,Amma Makkal Munnettra Kazagam,Yes 1,Post Graduate,,,1,"5,86,51,700 ~ 5 Crore+",58651700,,,,1,"33,13,060 ~ 33 Lacs+",3313060,,Y,2
2411,http://myneta.info/TamilNadu2026/candidate.php?candidate_id=2411,Vijaya Babu,154,THIRUVAIYARU,42,Tamizhaga Vaazhvurimai Katchi,No,12th Pass,,,1,"27,00,000 ~ 27 Lacs+",2700000,,,,1,"12,00,000 ~ 12 Lacs+",1200000,,Y,0
1698,http://myneta.info/TamilNadu2026/candidate.php?candidate_id=1698,D. Kumaran,155,THANJAVUR,34,IND,No,8th Pass,,,1,0 ~,0,,,,1,"20,000 ~ 20 Thou+",20000,,Y,0
1695,http://myneta.info/TamilNadu2026/candidate.php?candidate_id=1695,H. Mohamed Abdul Khadir,155,THANJAVUR,48,Tamizhaga Vaazhvurimai Katchi,No,10th Pass,,,1,0 ~,0,,,,1,0 ~,0,,Y,0
1257,http://myneta.info/TamilNadu2026/candidate.php?candidate_id=1257,Karuppu Muruganantham,155,THANJAVUR,52,BJP,Yes 20,8th Pass,,,1,"2,01,08,800 ~ 2 Crore+",20108800,,,,1,"98,16,463 ~ 98 Lacs+",9816463,,Y,9
1699,http://myneta.info/TamilNadu2026/candidate.php?candidate_id=1699,M. Santhosh,155,THANJAVUR,47,IND,No,Graduate,,,1,0 ~,0,,,,1,"10,00,000 ~ 10 Lacs+",1000000,,Y,0
162,http://myneta.info/TamilNadu2026/candidate.php?candidate_id=162,N. Krishnakumar,155,THANJAVUR,52,Naam Tamilar Katchi,Yes 8,12th Pass,,,1,"60,00,000 ~ 60 Lacs+",6000000,,,,1,"9,73,000 ~ 9 Lacs+",973000,,Y,1
1701,http://myneta.info/TamilNadu2026/candidate.php?candidate_id=1701,R. Muralidharan,155,THANJAVUR,51,IND,No,Graduate,,,1,"80,00,000 ~ 80 Lacs+",8000000,,,,1,"56,00,000 ~ 56 Lacs+",5600000,,Y,0
1700,http://myneta.info/TamilNadu2026/candidate.php?candidate_id=1700,R. Sabthagiri,155,THANJAVUR,35,IND,No,10th Pass,,,1,0 ~,0,,,,1,"99,500 ~ 99 Thou+",99500,,Y,0
1014,http://myneta.info/TamilNadu2026/candidate.php?candidate_id=1014,R. Vijaysaravanan,155,THANJAVUR,50,Tamilaga Vettri Kazhagam,Yes 1,10th Pass,,,1,0 ~,0,,,,1,"1,99,090 ~ 1 Lacs+",199090,,Y,0
1697,http://myneta.info/TamilNadu2026/candidate.php?candidate_id=1697,S. Karikala Cholan,155,THANJAVUR,42,IND,No,Graduate Professional,,,1,"35,00,000 ~ 35 Lacs+",3500000,,,,1,"2,50,000 ~ 2 Lacs+",250000,,Y,0
1696,http://myneta.info/TamilNadu2026/candidate.php?candidate_id=1696,S. Muthuvel,155,THANJAVUR,56,Bahujan Dravida Party,No,Graduate Professional,,,1,"40,00,000 ~ 40 Lacs+",4000000,,,,1,"24,00,000 ~ 24 Lacs+",2400000,,Y,0
1097,http://myneta.info/TamilNadu2026/candidate.php?candidate_id=1097,Shan. Ramanathan,155,THANJAVUR,49,DMK,Yes 1,12th Pass,,,1,"4,87,00,000 ~ 4 Crore+",48700000,,,,1,0 ~,0,,Y,0
409,http://myneta.info/TamilNadu2026/candidate.php?candidate_id=409,A. Ajeshkannan,156,ORATHANADU,45,IND,No,10th Pass,,,1,"39,90,570 ~ 39 Lacs+",3990570,,,,1,0 ~,0,,Y,0
3191,http://myneta.info/TamilNadu2026/candidate.php?candidate_id=3191,C. Gunasekaran,156,ORATHANADU,48,Thamizh Desiya Munnetra Kazhagam,No,Post Graduate,,,1,0 ~,0,,,,1,0 ~,0,,Y,0
252,http://myneta.info/TamilNadu2026/candidate.php?candidate_id=252,Dr. K. Arvind,156,ORATHANADU,31,Tamilaga Vettri Kazhagam,No,Others,,,1,0 ~,0,,,,1,0 ~,0,,Y,0
408,http://myneta.info/TamilNadu2026/candidate.php?candidate_id=408,M. Kanagaraj,156,ORATHANADU,53,IND,No,8th Pass,,,1,"15,00,000 ~ 15 Lacs+",1500000,,,,1,0 ~,0,,Y,0
1136,http://myneta.info/TamilNadu2026/candidate.php?candidate_id=1136,M. Sekar,156,ORATHANADU,63,AIADMK,Yes 1,10th Pass,,,1,"2,41,17,549 ~ 2 Crore+",24117549,,,,1,"3,21,57,465 ~ 3 Crore+",32157465,,Y,0
3192,http://myneta.info/TamilNadu2026/candidate.php?candidate_id=3192,M. Selvaraj,156,ORATHANADU,62,Party for the Rights of Other backward Classes,Yes 1,Others,,,1,"93,39,130 ~ 93 Lacs+",9339130,,,,1,"2,50,000 ~ 2 Lacs+",250000,,Y,0
1133,http://myneta.info/TamilNadu2026/candidate.php?candidate_id=1133,R. Vaithilingam,156,ORATHANADU,71,DMK,Yes 5,12th Pass,,,1,"2,13,82,983 ~ 2 Crore+",21382983,,,,1,"69,87,720 ~ 69 Lacs+",6987720,,Y,3
111,http://myneta.info/TamilNadu2026/candidate.php?candidate_id=111,S.Thirumurugan,156,ORATHANADU,46,Naam Tamilar Katchi,No,10th Pass,,,1,"1,75,00,000 ~ 1 Crore+",17500000,,,,1,"85,97,000 ~ 85 Lacs+",8597000,,Y,0
3193,http://myneta.info/TamilNadu2026/candidate.php?candidate_id=3193,T. Vijayakumar,156,ORATHANADU,45,IND,Yes 1,12th Pass,,,1,"33,00,000 ~ 33 Lacs+",3300000,,,,1,"33,61,355 ~ 33 Lacs+",3361355,,Y,1
1820,http://myneta.info/TamilNadu2026/candidate.php?candidate_id=1820,Annadurai C N,157,PATTUKKOTTAI,56,IND,Yes 1,Graduate,,,1,0 ~,0,,,,1,"1,76,050 ~ 1 Lacs+",176050,,Y,1
1124,http://myneta.info/TamilNadu2026/candidate.php?candidate_id=1124,Annadurai K,157,PATTUKKOTTAI,68,DMK,Yes 2,Graduate Professional,,,1,"69,03,850 ~ 69 Lacs+",6903850,,,,1,"2,53,747 ~ 2 Lacs+",253747,,Y,0
1819,http://myneta.info/TamilNadu2026/candidate.php?candidate_id=1819,Gurumoorthy M,157,PATTUKKOTTAI,59,Puthiya Tamilagam,No,10th Pass,,,1,"51,26,000 ~ 51 Lacs+",5126000,,,,1,"12,45,000 ~ 12 Lacs+",1245000,,Y,0
121,http://myneta.info/TamilNadu2026/candidate.php?candidate_id=121,Kannan S,157,PATTUKKOTTAI,53,Naam Tamilar Katchi,No,Others,,,1,"1,45,88,500 ~ 1 Crore+",14588500,,,,1,0 ~,0,,Y,0
1012,http://myneta.info/TamilNadu2026/candidate.php?candidate_id=1012,Mathan C,157,PATTUKKOTTAI,44,Tamilaga Vettri Kazhagam,No,10th Pass,,,1,"15,00,000 ~ 15 Lacs+",1500000,,,,1,"4,47,000 ~ 4 Lacs+",447000,,Y,0
1823,http://myneta.info/TamilNadu2026/candidate.php?candidate_id=1823,Mohamed Sharif M,157,PATTUKKOTTAI,46,IND,Yes 1,10th Pass,,,1,"60,00,000 ~ 60 Lacs+",6000000,,,,1,0 ~,0,,Y,0
1013,http://myneta.info/TamilNadu2026/candidate.php?candidate_id=1013,Muthukumar D,157,PATTUKKOTTAI,38,IND,No,Post Graduate,,,1,"7,92,929 ~ 7 Lacs+",792929,,,,1,"1,00,833 ~ 1 Lacs+",100833,,Y,0
1213,http://myneta.info/TamilNadu2026/candidate.php?candidate_id=1213,Sekar C V,157,PATTUKKOTTAI,63,AIADMK,Yes 2,Graduate Professional,,,1,"1,71,66,000 ~ 1 Crore+",17166000,,,,1,"1,19,63,634 ~ 1 Crore+",11963634,,Y,0
1821,http://myneta.info/TamilNadu2026/candidate.php?candidate_id=1821,Suresh M R,157,PATTUKKOTTAI,41,IND,Yes 1,10th Pass,,,1,"8,10,000 ~ 8 Lacs+",810000,,,,1,0 ~,0,,Y,0
1822,http://myneta.info/TamilNadu2026/candidate.php?candidate_id=1822,Suresh R,157,PATTUKKOTTAI,46,IND,No,8th Pass,,,1,0 ~,0,,,,1,0 ~,0,,Y,0
1824,http://myneta.info/TamilNadu2026/candidate.php?candidate_id=1824,Ziaudeen A J,157,PATTUKKOTTAI,47,IND,Yes 1,8th Pass,,,1,0 ~,0,,,,1,"11,51,547 ~ 11 Lacs+",1151547,,Y,2
1217,http://myneta.info/TamilNadu2026/candidate.php?candidate_id=1217,Ashokkumar. N,158,PERAVURANI,68,DMK,No,10th Pass,,,1,"3,51,50,000 ~ 3 Crore+",35150000,,,,1,"2,12,33,816 ~ 2 Crore+",21233816,,Y,0
1639,http://myneta.info/TamilNadu2026/candidate.php?candidate_id=1639,Bhuvana Maniyarasan,158,PERAVURANI,32,Naam Tamilar Katchi,No,Graduate Professional,,,1,"12,75,000 ~ 12 Lacs+",1275000,,,,1,"2,75,000 ~ 2 Lacs+",275000,,Y,0
1129,http://myneta.info/TamilNadu2026/candidate.php?candidate_id=1129,D.Chandrakandeeban,158,PERAVURANI,42,Tamilaga Vettri Kazhagam,Yes 4,10th Pass,,,1,"1,29,00,000 ~ 1 Crore+",12900000,,,,1,"39,50,730 ~ 39 Lacs+",3950730,,Y,2
1641,http://myneta.info/TamilNadu2026/candidate.php?candidate_id=1641,G.Chithiravelu,158,PERAVURANI,45,Puthiya Tamilagam,No,Post Graduate,,,1,0 ~,0,,,,1,0 ~,0,,Y,0
1218,http://myneta.info/TamilNadu2026/candidate.php?candidate_id=1218,Govi.Elango,158,PERAVURANI,41,AIADMK,Yes 3,Graduate Professional,,,1,"1,93,19,525 ~ 1 Crore+",19319525,,,,1,"1,43,37,000 ~ 1 Crore+",14337000,,Y,1
1640,http://myneta.info/TamilNadu2026/candidate.php?candidate_id=1640,Neiveli Sasikumar,158,PERAVURANI,52,Tamizhaga Vaazhvurimai Katchi,No,8th Pass,,,1,0 ~,0,,,,1,"1,74,000 ~ 1 Lacs+",174000,,Y,0
1645,http://myneta.info/TamilNadu2026/candidate.php?candidate_id=1645,Pasumaibhoomi Natarajan,158,PERAVURANI,55,IND,No,Graduate,,,1,"3,01,00,000 ~ 3 Crore+",30100000,,,,1,"72,64,000 ~ 72 Lacs+",7264000,,Y,0
1642,http://myneta.info/TamilNadu2026/candidate.php?candidate_id=1642,R.Ravi,158,PERAVURANI,45,All India Puratchi Thalaivar Makkal Munnettra Kazhagam,Yes 1,8th Pass,,,1,"31,19,840 ~ 31 Lacs+",3119840,,,,1,"47,97,457 ~ 47 Lacs+",4797457,,Y,0
1643,http://myneta.info/TamilNadu2026/candidate.php?candidate_id=1643,T.Arulmurugan,158,PERAVURANI,37,IND,No,Graduate,,,1,"10,00,000 ~ 10 Lacs+",1000000,,,,1,"6,60,000 ~ 6 Lacs+",660000,,Y,0
1644,http://myneta.info/TamilNadu2026/candidate.php?candidate_id=1644,U.Uthayakumar,158,PERAVURANI,36,IND,No,Post Graduate,,,1,0 ~,0,,,,1,"8,11,000 ~ 8 Lacs+",811000,,Y,0
1298,http://myneta.info/TamilNadu2026/candidate.php?candidate_id=1298,Bhojarajan.M,159,UDHAGAMANDALAM,79,BJP,No,Graduate Professional,,,1,"12,47,00,000 ~ 12 Crore+",124700000,,,,1,"1,70,22,417 ~ 1 Crore+",17022417,,Y,0
1020,http://myneta.info/TamilNadu2026/candidate.php?candidate_id=1020,Ibrahim.R,159,UDHAGAMANDALAM,40,Tamilaga Vettri Kazhagam,Yes 1,12th Pass,,,1,"1,30,00,000 ~ 1 Crore+",13000000,,,,1,"67,59,571 ~ 67 Lacs+",6759571,,Y,0
2787,http://myneta.info/TamilNadu2026/candidate.php?candidate_id=2787,Manian.R,159,UDHAGAMANDALAM,48,IND,Yes 4,10th Pass,,,1,"20,00,000 ~ 20 Lacs+",2000000,,,,1,"4,66,000 ~ 4 Lacs+",466000,,Y,0
202,http://myneta.info/TamilNadu2026/candidate.php?candidate_id=202,Ragupathy.B,159,UDHAGAMANDALAM,48,Naam Tamilar Katchi,No,Doctorate,,,1,0 ~,0,,,,1,"61,64,603 ~ 61 Lacs+",6164603,,Y,0
1110,http://myneta.info/TamilNadu2026/candidate.php?candidate_id=1110,Ramachandran.B,159,UDHAGAMANDALAM,59,INC,No,Graduate,,,1,"1,85,00,000 ~ 1 Crore+",18500000,,,,1,"3,95,000 ~ 3 Lacs+",395000,,Y,0
1021,http://myneta.info/TamilNadu2026/candidate.php?candidate_id=1021,Saveetha.R,159,UDHAGAMANDALAM,43,Tamizhaga Vaazhvurimai Katchi,No,Graduate,,,1,0 ~,0,,,,1,0 ~,0,,Y,0
1019,http://myneta.info/TamilNadu2026/candidate.php?candidate_id=1019,Deepak Sai Kishore.A,160,GUDALUR (SC),47,Tamilaga Vettri Kazhagam,No,Post Graduate,,,1,0 ~,0,,,,1,"2,39,000 ~ 2 Lacs+",239000,,Y,0
746,http://myneta.info/TamilNadu2026/candidate.php?candidate_id=746,Dhravidamani.M,160,GUDALUR (SC),66,DMK,Yes 2,Post Graduate,,,1,"1,10,00,000 ~ 1 Crore+",11000000,,,,1,"47,95,348 ~ 47 Lacs+",4795348,,Y,0
46,http://myneta.info/TamilNadu2026/candidate.php?candidate_id=46,Karthik.R,160,GUDALUR (SC),31,Naam Tamilar Katchi,Yes 1,Graduate,,,1,0 ~,0,,,,1,"9,82,272 ~ 9 Lacs+",982272,,Y,0
255,http://myneta.info/TamilNadu2026/candidate.php?candidate_id=255,Pon.Jayaseelan,160,GUDALUR (SC),53,AIADMK,Yes 8,Graduate Professional,,,1,"30,27,800 ~ 30 Lacs+",3027800,,,,1,"18,96,654 ~ 18 Lacs+",1896654,,Y,0
1596,http://myneta.info/TamilNadu2026/candidate.php?candidate_id=1596,Raj.S.K,160,GUDALUR (SC),58,Veerath Thiyagi Viswanathadoss Thozhilalarkal Katchi,Yes 1,8th Pass,,,1,"2,60,000 ~ 2 Lacs+",260000,,,,1,0 ~,0,,Y,0
1597,http://myneta.info/TamilNadu2026/candidate.php?candidate_id=1597,Thilagaraj.N,160,GUDALUR (SC),45,IND,Yes 1,10th Pass,,,1,0 ~,0,,,,1,"34,222 ~ 34 Thou+",34222,,Y,0
1386,http://myneta.info/TamilNadu2026/candidate.php?candidate_id=1386,A. Ramu,161,COONOOR,62,AIADMK,Yes 1,Post Graduate,,,1,"12,70,33,750 ~ 12 Crore+",127033750,,,,1,"10,15,791 ~ 10 Lacs+",1015791,,Y,0
2419,http://myneta.info/TamilNadu2026/candidate.php?candidate_id=2419,C. Dinesh Kumar,161,COONOOR,34,IND,No,Graduate Professional,,,1,"3,88,140 ~ 3 Lacs+",388140,,,,1,"24,40,000 ~ 24 Lacs+",2440000,,Y,0
1017,http://myneta.info/TamilNadu2026/candidate.php?candidate_id=1017,C. Thangaraju,161,COONOOR,58,Tamilaga Vettri Kazhagam,No,Graduate Professional,,,1,"18,84,39,000 ~ 18 Crore+",188439000,,,,1,"10,83,21,118 ~ 10 Crore+",108321118,,Y,0
2420,http://myneta.info/TamilNadu2026/candidate.php?candidate_id=2420,D. Vidhyasagar,161,COONOOR,28,IND,No,Graduate,,,1,0 ~,0,,,,1,"9,86,400 ~ 9 Lacs+",986400,,Y,0
31,http://myneta.info/TamilNadu2026/candidate.php?candidate_id=31,K. Deenu,161,COONOOR,37,Naam Tamilar Katchi,No,Graduate,,,1,0 ~,0,,,,1,"8,57,126 ~ 8 Lacs+",857126,,Y,0
1385,http://myneta.info/TamilNadu2026/candidate.php?candidate_id=1385,M. Raju,161,COONOOR,60,DMK,No,12th Pass,,,1,"1,58,79,910 ~ 1 Crore+",15879910,,,,1,"48,17,000 ~ 48 Lacs+",4817000,,Y,0
1024,http://myneta.info/TamilNadu2026/candidate.php?candidate_id=1024,Chellapandiyan.S,162,ANDIPATTI,59,All India Puratchi Thalaivar Makkal Munnettra Kazhagam,No,Post Graduate,,,1,"40,00,000 ~ 40 Lacs+",4000000,,,,1,0 ~,0,,Y,0
3196,http://myneta.info/TamilNadu2026/candidate.php?candidate_id=3196,Elayaraja.M,162,ANDIPATTI,42,Puthiya Tamilagam,No,10th Pass,,,1,0 ~,0,,,,1,0 ~,0,,Y,0
1025,http://myneta.info/TamilNadu2026/candidate.php?candidate_id=1025,Esakkiammal.M,162,ANDIPATTI,49,BSP,No,10th Pass,,,1,"10,00,000 ~ 10 Lacs+",1000000,,,,1,0 ~,0,,Y,0
3194,http://myneta.info/TamilNadu2026/candidate.php?candidate_id=3194,Gomathi .M,162,ANDIPATTI,35,Naam Tamilar Katchi,No,Graduate Professional,,,1,"2,17,00,000 ~ 2 Crore+",21700000,,,,1,"39,08,000 ~ 39 Lacs+",3908000,,Y,0
285,http://myneta.info/TamilNadu2026/candidate.php?candidate_id=285,Gopal.S,162,ANDIPATTI,70,IND,No,5th Pass,,,1,"14,00,000 ~ 14 Lacs+",1400000,,,,1,0 ~,0,,Y,0
3200,http://myneta.info/TamilNadu2026/candidate.php?candidate_id=3200,Gopinath.P,162,ANDIPATTI,25,IND,No,Others,,,1,0 ~,0,,,,1,0 ~,0,,Y,0
3195,http://myneta.info/TamilNadu2026/candidate.php?candidate_id=3195,Irumborai.G,162,ANDIPATTI,46,CPI(ML) Red Star,Yes 3,12th Pass,,,1,"20,00,000 ~ 20 Lacs+",2000000,,,,1,"4,00,000 ~ 4 Lacs+",400000,,Y,0
3205,http://myneta.info/TamilNadu2026/candidate.php?candidate_id=3205,Jagadeesan.P,162,ANDIPATTI,50,IND,No,Others,,,1,"4,00,000 ~ 4 Lacs+",400000,,,,1,0 ~,0,,Y,0
3198,http://myneta.info/TamilNadu2026/candidate.php?candidate_id=3198,Jeyamurugan.M.P,162,ANDIPATTI,53,Veerath Thiyagi Viswanathadoss Thozhilalarkal Katchi,No,Others,,,1,"6,00,000 ~ 6 Lacs+",600000,,,,1,"6,50,000 ~ 6 Lacs+",650000,,Y,0
3199,http://myneta.info/TamilNadu2026/candidate.php?candidate_id=3199,Karuppaiya,162,ANDIPATTI,54,IND,No,8th Pass,,,1,0 ~,0,,,,1,0 ~,0,,N,0
1022,http://myneta.info/TamilNadu2026/candidate.php?candidate_id=1022,Logirajan.A,162,ANDIPATTI,66,AIADMK,Yes 12,5th Pass,,,1,"10,22,84,220 ~ 10 Crore+",102284220,,,,1,"9,14,52,855 ~ 9 Crore+",91452855,,Y,11
1409,http://myneta.info/TamilNadu2026/candidate.php?candidate_id=1409,Maharajan.A,162,ANDIPATTI,72,DMK,Yes 2,8th Pass,,,1,"15,13,92,820 ~ 15 Crore+",151392820,,,,1,"21,18,120 ~ 21 Lacs+",2118120,,Y,0
3197,http://myneta.info/TamilNadu2026/candidate.php?candidate_id=3197,Mohammed Rukman.M,162,ANDIPATTI,29,Tamizhaga Vaazhvurimai Katchi,No,Others,,,1,0 ~,0,,,,1,0 ~,0,,N,0
3201,http://myneta.info/TamilNadu2026/candidate.php?candidate_id=3201,Neelakannan.T,162,ANDIPATTI,35,IND,No,10th Pass,,,1,0 ~,0,,,,1,0 ~,0,,Y,0
3202,http://myneta.info/TamilNadu2026/candidate.php?candidate_id=3202,Packiaraj.S,162,ANDIPATTI,37,IND,Yes 1,Graduate Professional,,,1,"20,00,000 ~ 20 Lacs+",2000000,,,,1,"16,86,800 ~ 16 Lacs+",1686800,,Y,0
1023,http://myneta.info/TamilNadu2026/candidate.php?candidate_id=1023,Pandi.V,162,ANDIPATTI,46,Tamilaga Vettri Kazhagam,Yes 9,8th Pass,,,1,"1,29,40,000 ~ 1 Crore+",12940000,,,,1,"1,36,920 ~ 1 Lacs+",136920,,Y,1
3203,http://myneta.info/TamilNadu2026/candidate.php?candidate_id=3203,Pandidurai.P,162,ANDIPATTI,35,IND,No,Others,,,1,"5,25,000 ~ 5 Lacs+",525000,,,,1,"1,00,000 ~ 1 Lacs+",100000,,Y,0
3204,http://myneta.info/TamilNadu2026/candidate.php?candidate_id=3204,Vijayaraj.R,162,ANDIPATTI,45,IND,No,Graduate Professional,,,1,"5,00,000 ~ 5 Lacs+",500000,,,,1,"8,85,000 ~ 8 Lacs+",885000,,Y,0
1491,http://myneta.info/TamilNadu2026/candidate.php?candidate_id=1491,Abitha M.,163,PERIYAKULAM (SC),25,IND,No,12th Pass,,,1,0 ~,0,,,,1,0 ~,0,,Y,0
839,http://myneta.info/TamilNadu2026/candidate.php?candidate_id=839,Dr Kathirkamu K.,163,PERIYAKULAM (SC),68,Amma Makkal Munnettra Kazagam,No,Post Graduate,,,1,"1,84,64,000 ~ 1 Crore+",18464000,,,,1,"58,01,077 ~ 58 Lacs+",5801077,,Y,0
840,http://myneta.info/TamilNadu2026/candidate.php?candidate_id=840,Dr. Mohanraj A.C. (P.T),163,PERIYAKULAM (SC),50,IND,No,Others,,,1,"22,11,100 ~ 22 Lacs+",2211100,,,,1,"4,71,330 ~ 4 Lacs+",471330,,Y,0
1492,http://myneta.info/TamilNadu2026/candidate.php?candidate_id=1492,Kumar S.,163,PERIYAKULAM (SC),28,IND,No,10th Pass,,,1,0 ~,0,,,,1,0 ~,0,,Y,0
1490,http://myneta.info/TamilNadu2026/candidate.php?candidate_id=1490,Marisamy V.,163,PERIYAKULAM (SC),39,Puthiya Tamilagam,Yes 1,8th Pass,,,1,0 ~,0,,,,1,"11,80,000 ~ 11 Lacs+",1180000,,Y,0
1495,http://myneta.info/TamilNadu2026/candidate.php?candidate_id=1495,Palanichamy T.,163,PERIYAKULAM (SC),31,IND,No,Graduate,,,1,0 ~,0,,,,1,0 ~,0,,Y,0
841,http://myneta.info/TamilNadu2026/candidate.php?candidate_id=841,Ranjeeth Kumar J.,163,PERIYAKULAM (SC),39,SUCI(C),No,8th Pass,,,1,0 ~,0,,,,1,0 ~,0,,Y,0
1030,http://myneta.info/TamilNadu2026/candidate.php?candidate_id=1030,Sabari Iyngaran G.,163,PERIYAKULAM (SC),28,Tamilaga Vettri Kazhagam,No,Post Graduate,,,1,"1,04,000 ~ 1 Lacs+",104000,,,,1,0 ~,0,,Y,0
1348,http://myneta.info/TamilNadu2026/candidate.php?candidate_id=1348,Sakthivel P.,163,PERIYAKULAM (SC),63,Viduthalai Chiruthaigal Katchi,Yes 2,Graduate,,,1,"26,87,500 ~ 26 Lacs+",2687500,,,,1,"20,000 ~ 20 Thou+",20000,,Y,0
1493,http://myneta.info/TamilNadu2026/candidate.php?candidate_id=1493,Sanmugavel K.,163,PERIYAKULAM (SC),60,IND,No,5th Pass,,,1,"1,50,000 ~ 1 Lacs+",150000,,,,1,0 ~,0,,N,0
1494,http://myneta.info/TamilNadu2026/candidate.php?candidate_id=1494,Selvaraj R.,163,PERIYAKULAM (SC),44,IND,No,5th Pass,,,1,0 ~,0,,,,1,0 ~,0,,Y,0
1496,http://myneta.info/TamilNadu2026/candidate.php?candidate_id=1496,Vairamuthu D.,163,PERIYAKULAM (SC),30,IND,No,Others,,,1,0 ~,0,,,,1,0 ~,0,,Y,0
126,http://myneta.info/TamilNadu2026/candidate.php?candidate_id=126,Vimala R.,163,PERIYAKULAM (SC),43,Naam Tamilar Katchi,No,Graduate Professional,,,1,"14,00,000 ~ 14 Lacs+",1400000,,,,1,"1,30,000 ~ 1 Lacs+",130000,,Y,0
1781,http://myneta.info/TamilNadu2026/candidate.php?candidate_id=1781,Balasubramani.R,164,BODINAYAKKANUR,61,IND,No,10th Pass,,,1,"71,65,400 ~ 71 Lacs+",7165400,,,,1,"10,00,000 ~ 10 Lacs+",1000000,,Y,0
1777,http://myneta.info/TamilNadu2026/candidate.php?candidate_id=1777,Chandrasekaran.S,164,BODINAYAKKANUR,62,IND,No,12th Pass,,,1,"6,00,000 ~ 6 Lacs+",600000,,,,1,0 ~,0,,Y,0
1026,http://myneta.info/TamilNadu2026/candidate.php?candidate_id=1026,Dr.Pandikumar.S,164,BODINAYAKKANUR,39,CPI(ML)(L),Yes 4,Doctorate,,,1,"16,00,000 ~ 16 Lacs+",1600000,,,,1,"3,10,158 ~ 3 Lacs+",310158,,Y,2
1776,http://myneta.info/TamilNadu2026/candidate.php?candidate_id=1776,Gowtham.R,164,BODINAYAKKANUR,37,IND,No,Others,,,1,0 ~,0,,,,1,0 ~,0,,Y,0
22,http://myneta.info/TamilNadu2026/candidate.php?candidate_id=22,Kalaiarasu.S,164,BODINAYAKKANUR,61,Naam Tamilar Katchi,No,Doctorate,,,1,"1,91,00,000 ~ 1 Crore+",19100000,,,,1,"63,94,063 ~ 63 Lacs+",6394063,,Y,0
1775,http://myneta.info/TamilNadu2026/candidate.php?candidate_id=1775,Karuppaiah.G,164,BODINAYAKKANUR,47,IND,No,8th Pass,,,1,"25,00,000 ~ 25 Lacs+",2500000,,,,1,"3,00,000 ~ 3 Lacs+",300000,,Y,0
1780,http://myneta.info/TamilNadu2026/candidate.php?candidate_id=1780,Nagananthini.V,164,BODINAYAKKANUR,35,IND,No,Post Graduate,,,1,"40,00,000 ~ 40 Lacs+",4000000,,,,1,0 ~,0,,Y,0
743,http://myneta.info/TamilNadu2026/candidate.php?candidate_id=743,Narayanasamy V.T.,164,BODINAYAKKANUR,65,AIADMK,Yes 1,Others,,,1,"56,13,98,517 ~ 56 Crore+",561398517,,,,1,"4,70,29,212 ~ 4 Crore+",47029212,,Y,1
1773,http://myneta.info/TamilNadu2026/candidate.php?candidate_id=1773,Padmanabhan.N,164,BODINAYAKKANUR,71,All India Puratchi Thalaivar Makkal Munnettra Kazhagam,Yes 1,Post Graduate,,,1,0 ~,0,,,,1,"6,86,000 ~ 6 Lacs+",686000,,Y,2
1151,http://myneta.info/TamilNadu2026/candidate.php?candidate_id=1151,Panneerselvam.O,164,BODINAYAKKANUR,75,DMK,Yes 4,12th Pass,,,1,"9,17,17,058 ~ 9 Crore+",91717058,,,,1,"5,40,51,955 ~ 5 Crore+",54051955,,Y,5
1027,http://myneta.info/TamilNadu2026/candidate.php?candidate_id=1027,Prakash.S,164,BODINAYAKKANUR,38,Tamilaga Vettri Kazhagam,No,Others,,,1,"40,00,000 ~ 40 Lacs+",4000000,,,,1,0 ~,0,,Y,0
1774,http://myneta.info/TamilNadu2026/candidate.php?candidate_id=1774,Raja.M,164,BODINAYAKKANUR,55,Vishwa Tamil Kazhagam,No,10th Pass,,,1,0 ~,0,,,,1,"2,23,000 ~ 2 Lacs+",223000,,N,0
1778,http://myneta.info/TamilNadu2026/candidate.php?candidate_id=1778,Saravanakumar.V,164,BODINAYAKKANUR,41,IND,No,10th Pass,,,1,0 ~,0,,,,1,0 ~,0,,Y,0
1779,http://myneta.info/TamilNadu2026/candidate.php?candidate_id=1779,Selvamurugan.P,164,BODINAYAKKANUR,33,IND,No,8th Pass,,,1,0 ~,0,,,,1,0 ~,0,,Y,0
1782,http://myneta.info/TamilNadu2026/candidate.php?candidate_id=1782,Velraj.K,164,BODINAYAKKANUR,46,IND,No,Graduate Professional,,,1,0 ~,0,,,,1,0 ~,0,,Y,0
33,http://myneta.info/TamilNadu2026/candidate.php?candidate_id=33,Anbuselvi A,165,CUMBUM,57,Naam Tamilar Katchi,No,Post Graduate,,,1,"50,00,000 ~ 50 Lacs+",5000000,,,,1,"2,13,500 ~ 2 Lacs+",213500,,Y,0
2790,http://myneta.info/TamilNadu2026/candidate.php?candidate_id=2790,Arunkumar A,165,CUMBUM,41,IND,No,Graduate,,,1,0 ~,0,,,,1,0 ~,0,,Y,0
2789,http://myneta.info/TamilNadu2026/candidate.php?candidate_id=2789,Ashok Kumar A,165,CUMBUM,33,IND,No,12th Pass,,,1,0 ~,0,,,,1,"1,10,000 ~ 1 Lacs+",110000,,Y,0
2795,http://myneta.info/TamilNadu2026/candidate.php?candidate_id=2795,Balan R,165,CUMBUM,35,IND,No,Graduate Professional,,,1,"1,48,650 ~ 1 Lacs+",148650,,,,1,"2,59,625 ~ 2 Lacs+",259625,,Y,0
1382,http://myneta.info/TamilNadu2026/candidate.php?candidate_id=1382,Eramakrishnan N,165,CUMBUM,77,DMK,Yes 1,Post Graduate,,,1,"4,39,00,000 ~ 4 Crore+",43900000,,,,1,"20,82,719 ~ 20 Lacs+",2082719,,Y,0
1381,http://myneta.info/TamilNadu2026/candidate.php?candidate_id=1381,Jakkaiyan S.T.K.,165,CUMBUM,75,AIADMK,Yes 10,Graduate Professional,,,1,"2,75,04,000 ~ 2 Crore+",27504000,,,,1,"7,67,279 ~ 7 Lacs+",767279,,Y,1
1028,http://myneta.info/TamilNadu2026/candidate.php?candidate_id=1028,Jeganathmishra Pla,165,CUMBUM,50,Tamilaga Vettri Kazhagam,No,12th Pass,,,1,"38,73,07,613 ~ 38 Crore+",387307613,,,,1,"9,88,54,798 ~ 9 Crore+",98854798,,Y,0
2788,http://myneta.info/TamilNadu2026/candidate.php?candidate_id=2788,Kathiravan S,165,CUMBUM,35,New Generation Peoples Party,No,Others,,,1,"2,50,000 ~ 2 Lacs+",250000,,,,1,"78,000 ~ 78 Thou+",78000,,Y,0
1029,http://myneta.info/TamilNadu2026/candidate.php?candidate_id=1029,Muthu Bagavathi M.,165,CUMBUM,39,Tamizhaga Vaazhvurimai Katchi,No,8th Pass,,,1,0 ~,0,,,,1,0 ~,0,,Y,0
2798,http://myneta.info/TamilNadu2026/candidate.php?candidate_id=2798,Muthuselvam G.,165,CUMBUM,39,IND,No,12th Pass,,,1,0 ~,0,,,,1,"2,04,000 ~ 2 Lacs+",204000,,Y,0
2794,http://myneta.info/TamilNadu2026/candidate.php?candidate_id=2794,Nanthakumar A.,165,CUMBUM,50,IND,No,Graduate Professional,,,1,"64,88,200 ~ 64 Lacs+",6488200,,,,1,"16,24,371 ~ 16 Lacs+",1624371,,Y,0
2796,http://myneta.info/TamilNadu2026/candidate.php?candidate_id=2796,Prakash P. S/O Palaniyandi P,165,CUMBUM,43,IND,No,Others,,,1,0 ~,0,,,,1,"85,000 ~ 85 Thou+",85000,,Y,0
2797,http://myneta.info/TamilNadu2026/candidate.php?candidate_id=2797,Prakash P. S/O Paulraj P,165,CUMBUM,42,IND,Yes 1,Graduate Professional,,,1,0 ~,0,,,,1,"10,08,328 ~ 10 Lacs+",1008328,,Y,2
2799,http://myneta.info/TamilNadu2026/candidate.php?candidate_id=2799,Rajadurai S,165,CUMBUM,31,IND,No,10th Pass,,,1,0 ~,0,,,,1,0 ~,0,,Y,0
2800,http://myneta.info/TamilNadu2026/candidate.php?candidate_id=2800,Rajamohammed T,165,CUMBUM,55,IND,No,10th Pass,,,1,"9,15,500 ~ 9 Lacs+",915500,,,,1,"7,65,000 ~ 7 Lacs+",765000,,Y,0
2791,http://myneta.info/TamilNadu2026/candidate.php?candidate_id=2791,Saravanan S.R.,165,CUMBUM,47,IND,No,12th Pass,,,1,0 ~,0,,,,1,"3,64,479 ~ 3 Lacs+",364479,,Y,0
2792,http://myneta.info/TamilNadu2026/candidate.php?candidate_id=2792,Subramaniyam L R,165,CUMBUM,47,IND,No,8th Pass,,,1,0 ~,0,,,,1,"27,59,874 ~ 27 Lacs+",2759874,,Y,0
2793,http://myneta.info/TamilNadu2026/candidate.php?candidate_id=2793,Thasthakeer I,165,CUMBUM,51,IND,No,10th Pass,,,1,"78,00,000 ~ 78 Lacs+",7800000,,,,1,0 ~,0,,Y,0
2801,http://myneta.info/TamilNadu2026/candidate.php?candidate_id=2801,Vinoth Kumar R,165,CUMBUM,35,IND,No,8th Pass,,,1,0 ~,0,,,,1,"10,50,000 ~ 10 Lacs+",1050000,,Y,0
2954,http://myneta.info/TamilNadu2026/candidate.php?candidate_id=2954,Abdul Wahid.A,166,VANIYAMBADI,60,IND,No,5th Pass,,,1,0 ~,0,,,,1,0 ~,0,,Y,0
2952,http://myneta.info/TamilNadu2026/candidate.php?candidate_id=2952,Anbarasu.P,166,VANIYAMBADI,34,Aanaithinthiya Jananayaka Pathukappu Kazhagam,Yes 5,Graduate Professional,,,1,"10,00,000 ~ 10 Lacs+",1000000,,,,1,"40,42,000 ~ 40 Lacs+",4042000,,Y,0
2953,http://myneta.info/TamilNadu2026/candidate.php?candidate_id=2953,Devendran.J,166,VANIYAMBADI,53,Tamizhaga Vaazhvurimai Katchi,No,Others,,,1,"37,00,000 ~ 37 Lacs+",3700000,,,,1,"22,35,000 ~ 22 Lacs+",2235000,,Y,0
2958,http://myneta.info/TamilNadu2026/candidate.php?candidate_id=2958,Manjunath.K,166,VANIYAMBADI,35,IND,No,Post Graduate,,,1,0 ~,0,,,,1,"10,23,000 ~ 10 Lacs+",1023000,,Y,0
2959,http://myneta.info/TamilNadu2026/candidate.php?candidate_id=2959,Manoj.S,166,VANIYAMBADI,35,IND,No,Graduate Professional,,,1,"25,00,000 ~ 25 Lacs+",2500000,,,,1,"29,10,728 ~ 29 Lacs+",2910728,,Y,0
208,http://myneta.info/TamilNadu2026/candidate.php?candidate_id=208,Murugesan.G,166,VANIYAMBADI,33,Naam Tamilar Katchi,No,Others,,,1,"8,00,000 ~ 8 Lacs+",800000,,,,1,0 ~,0,,Y,0
2957,http://myneta.info/TamilNadu2026/candidate.php?candidate_id=2957,Naveen.R,166,VANIYAMBADI,26,IND,No,Others,,,1,0 ~,0,,,,1,"9,60,000 ~ 9 Lacs+",960000,,Y,0
2960,http://myneta.info/TamilNadu2026/candidate.php?candidate_id=2960,Rajesh.T,166,VANIYAMBADI,41,IND,No,Graduate Professional,,,1,"10,00,000 ~ 10 Lacs+",1000000,,,,1,0 ~,0,,Y,0
2956,http://myneta.info/TamilNadu2026/candidate.php?candidate_id=2956,Selvaraj.M,166,VANIYAMBADI,42,IND,No,8th Pass,,,1,0 ~,0,,,,1,0 ~,0,,Y,0
481,http://myneta.info/TamilNadu2026/candidate.php?candidate_id=481,Sendhil Kumar.G,166,VANIYAMBADI,42,AIADMK,Yes 4,Post Graduate,,,1,"5,55,00,000 ~ 5 Crore+",55500000,,,,1,"1,00,95,742 ~ 1 Crore+",10095742,,Y,1
2955,http://myneta.info/TamilNadu2026/candidate.php?candidate_id=2955,Srinivasan.A,166,VANIYAMBADI,50,IND,Yes 1,Literate,,,1,"35,000 ~ 35 Thou+",35000,,,,1,0 ~,0,,Y,6
2951,http://myneta.info/TamilNadu2026/candidate.php?candidate_id=2951,Subramani.P,166,VANIYAMBADI,63,BSP,No,12th Pass,,,1,0 ~,0,,,,1,0 ~,0,,Y,0
480,http://myneta.info/TamilNadu2026/candidate.php?candidate_id=480,Sundarammal,166,VANIYAMBADI,66,Makkal Arasial Katchi,No,Illiterate,,,1,0 ~,0,,,,1,0 ~,0,,Y,0
479,http://myneta.info/TamilNadu2026/candidate.php?candidate_id=479,Syed Bhurhanudeen,166,VANIYAMBADI,36,Tamilaga Vettri Kazhagam,No,Graduate Professional,,,1,"17,50,000 ~ 17 Lacs+",1750000,,,,1,"30,16,500 ~ 30 Lacs+",3016500,,Y,0
1308,http://myneta.info/TamilNadu2026/candidate.php?candidate_id=1308,Syed Farooq Basha Ssb,166,VANIYAMBADI,64,Indian Union Muslim League,No,5th Pass,,,1,"2,21,18,000 ~ 2 Crore+",22118000,,,,1,"24,19,130 ~ 24 Lacs+",2419130,,Y,0
5,http://myneta.info/TamilNadu2026/candidate.php?candidate_id=5,Afshia Nasrin. S,167,AMBUR,42,Naam Tamilar Katchi,No,Post Graduate,,,1,0 ~,0,,,,1,0 ~,0,,Y,0
1526,http://myneta.info/TamilNadu2026/candidate.php?candidate_id=1526,Asadullah. B,167,AMBUR,46,Indian National League,No,10th Pass,,,1,"50,00,000 ~ 50 Lacs+",5000000,,,,1,0 ~,0,,Y,0
1531,http://myneta.info/TamilNadu2026/candidate.php?candidate_id=1531,Firdose Ahmed. M,167,AMBUR,33,IND,Yes 2,8th Pass,,,1,0 ~,0,,,,1,0 ~,0,,Y,0
1528,http://myneta.info/TamilNadu2026/candidate.php?candidate_id=1528,Govindhan. A,167,AMBUR,67,All India Youth Development Party,No,Literate,,,1,0 ~,0,,,,1,0 ~,0,,N,0
1529,http://myneta.info/TamilNadu2026/candidate.php?candidate_id=1529,Haroon Rasheed Badu,167,AMBUR,36,All India Puratchi Thalaivar Makkal Munnettra Kazhagam,No,5th Pass,,,1,"1,25,00,000 ~ 1 Crore+",12500000,,,,1,0 ~,0,,Y,0
310,http://myneta.info/TamilNadu2026/candidate.php?candidate_id=310,Imthiyaz Pandarattudu Abdu,167,AMBUR,41,Tamilaga Vettri Kazhagam,Yes 2,Post Graduate,,,1,0 ~,0,,,,1,"54,69,500 ~ 54 Lacs+",5469500,,Y,0
1527,http://myneta.info/TamilNadu2026/candidate.php?candidate_id=1527,Kareem Basha. A,167,AMBUR,53,All India Majlis-E-Inquilab-E-Millat,No,Post Graduate,,,1,0 ~,0,,,,1,0 ~,0,,Y,0
1530,http://myneta.info/TamilNadu2026/candidate.php?candidate_id=1530,Kumaravel. P,167,AMBUR,50,IND,No,Illiterate,,,1,"5,00,000 ~ 5 Lacs+",500000,,,,1,"54,124 ~ 54 Thou+",54124,,Y,0
1532,http://myneta.info/TamilNadu2026/candidate.php?candidate_id=1532,Mushtaq Ahmed Kutlappai,167,AMBUR,51,IND,No,10th Pass,,,1,0 ~,0,,,,1,0 ~,0,,Y,0
312,http://myneta.info/TamilNadu2026/candidate.php?candidate_id=312,Sasi Reka. Y,167,AMBUR,45,Makkal Arasial Katchi,No,10th Pass,,,1,0 ~,0,,,,1,0 ~,0,,Y,0
311,http://myneta.info/TamilNadu2026/candidate.php?candidate_id=311,Srinath,167,AMBUR,34,IND,No,Graduate,,,1,0 ~,0,,,,1,0 ~,0,,N,0
1534,http://myneta.info/TamilNadu2026/candidate.php?candidate_id=1534,Venkatesan. M,167,AMBUR,33,IND,No,Others,,,1,0 ~,0,,,,1,"8,41,551 ~ 8 Lacs+",841551,,Y,0
1072,http://myneta.info/TamilNadu2026/candidate.php?candidate_id=1072,Venkatesan. R,167,AMBUR,61,AIADMK,No,Post Graduate,,,1,"5,07,85,205 ~ 5 Crore+",50785205,,,,1,"5,46,77,081 ~ 5 Crore+",54677081,,Y,0
753,http://myneta.info/TamilNadu2026/candidate.php?candidate_id=753,Vilwanathan. A.C.,167,AMBUR,66,DMK,Yes 4,10th Pass,,,1,"4,53,30,000 ~ 4 Crore+",45330000,,,,1,"10,50,402 ~ 10 Lacs+",1050402,,Y,2
1533,http://myneta.info/TamilNadu2026/candidate.php?candidate_id=1533,Viswanathan. J,167,AMBUR,46,IND,No,10th Pass,,,1,"6,00,000 ~ 6 Lacs+",600000,,,,1,0 ~,0,,Y,0
1525,http://myneta.info/TamilNadu2026/candidate.php?candidate_id=1525,Wazeer Ahmed. J,167,AMBUR,55,BSP,No,Literate,,,1,"21,62,500 ~ 21 Lacs+",2162500,,,,1,"27,00,000 ~ 27 Lacs+",2700000,,Y,0
3517,http://myneta.info/TamilNadu2026/candidate.php?candidate_id=3517,Chenna Kesavan C,168,JOLARPET,46,IND,No,Post Graduate,,,1,0 ~,0,,,,1,0 ~,0,,Y,0
3516,http://myneta.info/TamilNadu2026/candidate.php?candidate_id=3516,Chenrayan A,168,JOLARPET,66,IND,No,10th Pass,,,1,0 ~,0,,,,1,0 ~,0,,Y,0
475,http://myneta.info/TamilNadu2026/candidate.php?candidate_id=475,Kalasthiri S,168,JOLARPET,76,All India Uzhavargal Uzhaippalargal Katchi,No,10th Pass,,,1,"4,50,000 ~ 4 Lacs+",450000,,,,1,0 ~,0,,Y,0
3515,http://myneta.info/TamilNadu2026/candidate.php?candidate_id=3515,Kamatchi S,168,JOLARPET,45,IND,No,10th Pass,,,1,"6,00,000 ~ 6 Lacs+",600000,,,,1,"1,00,000 ~ 1 Lacs+",100000,,Y,0
3513,http://myneta.info/TamilNadu2026/candidate.php?candidate_id=3513,Kavitha C,168,JOLARPET,42,IND,No,12th Pass,,,1,0 ~,0,,,,1,0 ~,0,,Y,0
3514,http://myneta.info/TamilNadu2026/candidate.php?candidate_id=3514,Kavitha T,168,JOLARPET,31,IND,No,Post Graduate,,,1,"5,00,000 ~ 5 Lacs+",500000,,,,1,"5,20,000 ~ 5 Lacs+",520000,,Y,0
1139,http://myneta.info/TamilNadu2026/candidate.php?candidate_id=1139,Kavithadhandapani,168,JOLARPET,42,DMK,No,Graduate,,,1,"85,90,325 ~ 85 Lacs+",8590325,,,,1,"2,05,76,208 ~ 2 Crore+",20576208,,Y,0
3510,http://myneta.info/TamilNadu2026/candidate.php?candidate_id=3510,Krishnamoorthy D,168,JOLARPET,44,Makkal Nala Kazhagam,No,Graduate Professional,,,1,"2,04,00,000 ~ 2 Crore+",20400000,,,,1,"11,92,000 ~ 11 Lacs+",1192000,,Y,0
476,http://myneta.info/TamilNadu2026/candidate.php?candidate_id=476,Mohanraj R,168,JOLARPET,26,IND,No,10th Pass,,,1,0 ~,0,,,,1,0 ~,0,,Y,0
789,http://myneta.info/TamilNadu2026/candidate.php?candidate_id=789,Munisamy C,168,JOLARPET,40,Tamilaga Vettri Kazhagam,No,5th Pass,,,1,"2,00,000 ~ 2 Lacs+",200000,,,,1,"1,80,000 ~ 1 Lacs+",180000,,Y,0
3519,http://myneta.info/TamilNadu2026/candidate.php?candidate_id=3519,Priya K,168,JOLARPET,29,IND,No,Others,,,1,"10,00,000 ~ 10 Lacs+",1000000,,,,1,0 ~,0,,Y,0
3511,http://myneta.info/TamilNadu2026/candidate.php?candidate_id=3511,Sankar T.K,168,JOLARPET,52,Tamizhaga Vaazhvurimai Katchi,No,8th Pass,,,1,"40,00,000 ~ 40 Lacs+",4000000,,,,1,"18,00,000 ~ 18 Lacs+",1800000,,Y,0
478,http://myneta.info/TamilNadu2026/candidate.php?candidate_id=478,Sasi Reka Y,168,JOLARPET,45,Makkal Arasial Katchi,No,10th Pass,,,1,0 ~,0,,,,1,0 ~,0,,Y,0
51,http://myneta.info/TamilNadu2026/candidate.php?candidate_id=51,Sasirekha K,168,JOLARPET,37,Naam Tamilar Katchi,No,Graduate Professional,,,1,"38,40,000 ~ 38 Lacs+",3840000,,,,1,"24,11,000 ~ 24 Lacs+",2411000,,Y,0
3512,http://myneta.info/TamilNadu2026/candidate.php?candidate_id=3512,Senthamilselvan M,168,JOLARPET,32,Naadaalum Makkal Katchi,No,Graduate,,,1,0 ~,0,,,,1,0 ~,0,,Y,0
477,http://myneta.info/TamilNadu2026/candidate.php?candidate_id=477,Sivakumar V C,168,JOLARPET,51,BSP,No,8th Pass,,,1,0 ~,0,,,,1,0 ~,0,,Y,0
3518,http://myneta.info/TamilNadu2026/candidate.php?candidate_id=3518,Thangaraj P,168,JOLARPET,69,IND,No,Graduate,,,1,"30,00,000 ~ 30 Lacs+",3000000,,,,1,"2,60,000 ~ 2 Lacs+",260000,,Y,0
3520,http://myneta.info/TamilNadu2026/candidate.php?candidate_id=3520,Veeramani H,168,JOLARPET,68,IND,No,8th Pass,,,1,"40,000 ~ 40 Thou+",40000,,,,1,0 ~,0,,Y,0
1164,http://myneta.info/TamilNadu2026/candidate.php?candidate_id=1164,Veeramani K.C.,168,JOLARPET,61,AIADMK,Yes 7,10th Pass,,,1,"10,50,92,544 ~ 10 Crore+",105092544,,,,1,"31,02,90,819 ~ 31 Crore+",310290819,,Y,5
472,http://myneta.info/TamilNadu2026/candidate.php?candidate_id=472,Anjali. M,169,TIRUPATTUR,37,IND,No,8th Pass,,,1,"1,98,000 ~ 1 Lacs+",198000,,,,1,"1,00,000 ~ 1 Lacs+",100000,,Y,0
193,http://myneta.info/TamilNadu2026/candidate.php?candidate_id=193,Arumugam. V,169,TIRUPATTUR,47,Naam Tamilar Katchi,No,Graduate Professional,,,1,"4,82,000 ~ 4 Lacs+",482000,,,,1,"41,63,000 ~ 41 Lacs+",4163000,,Y,0
4052,http://myneta.info/TamilNadu2026/candidate.php?candidate_id=4052,Balabharathi. S.V,169,TIRUPATTUR,27,IND,No,12th Pass,,,1,"1,35,000 ~ 1 Lacs+",135000,,,,1,"3,00,083 ~ 3 Lacs+",300083,,Y,0
4053,http://myneta.info/TamilNadu2026/candidate.php?candidate_id=4053,Dr.Poovalagi. P,169,TIRUPATTUR,43,IND,No,Graduate Professional,,,1,0 ~,0,,,,1,0 ~,0,,Y,0
1074,http://myneta.info/TamilNadu2026/candidate.php?candidate_id=1074,Dr.Thirupathi. N,169,TIRUPATTUR,63,Tamilaga Vettri Kazhagam,No,Graduate,,,1,"10,17,85,500 ~ 10 Crore+",101785500,,,,1,"4,02,32,172 ~ 4 Crore+",40232172,,Y,0
1284,http://myneta.info/TamilNadu2026/candidate.php?candidate_id=1284,Gnanasekar. A,169,TIRUPATTUR,54,Amma Makkal Munnettra Kazagam,No,12th Pass,,,1,"82,27,26,500 ~ 82 Crore+",822726500,,,,1,"71,50,08,835 ~ 71 Crore+",715008835,,Y,0
4046,http://myneta.info/TamilNadu2026/candidate.php?candidate_id=4046,Gnanasekaran. M,169,TIRUPATTUR,44,IND,No,10th Pass,,,1,"5,00,000 ~ 5 Lacs+",500000,,,,1,"80,000 ~ 80 Thou+",80000,,Y,0
4044,http://myneta.info/TamilNadu2026/candidate.php?candidate_id=4044,Govind. T.G,169,TIRUPATTUR,27,IND,No,Post Graduate,,,1,"10,17,85,500 ~ 10 Crore+",101785500,,,,1,"4,02,32,172 ~ 4 Crore+",40232172,,Y,0
4040,http://myneta.info/TamilNadu2026/candidate.php?candidate_id=4040,Kalasthiri. S,169,TIRUPATTUR,76,All India Uzhavargal Uzhaippalargal Katchi,No,10th Pass,,,1,"4,50,000 ~ 4 Lacs+",450000,,,,1,0 ~,0,,Y,0
4054,http://myneta.info/TamilNadu2026/candidate.php?candidate_id=4054,Mohan Raj. R,169,TIRUPATTUR,26,IND,Yes 1,10th Pass,,,1,0 ~,0,,,,1,0 ~,0,,Y,0
1073,http://myneta.info/TamilNadu2026/candidate.php?candidate_id=1073,Nallathambi. A,169,TIRUPATTUR,49,DMK,Yes 2,10th Pass,,,1,"7,43,45,000 ~ 7 Crore+",74345000,,,,1,"2,07,16,772 ~ 2 Crore+",20716772,,Y,2
4051,http://myneta.info/TamilNadu2026/candidate.php?candidate_id=4051,Nallathambi. R,169,TIRUPATTUR,49,IND,No,8th Pass,,,1,"8,00,000 ~ 8 Lacs+",800000,,,,1,0 ~,0,,Y,0
4055,http://myneta.info/TamilNadu2026/candidate.php?candidate_id=4055,Ragujoseph. J,169,TIRUPATTUR,54,IND,No,Others,,,1,0 ~,0,,,,1,0 ~,0,,Y,0
4042,http://myneta.info/TamilNadu2026/candidate.php?candidate_id=4042,Rajesh. S,169,TIRUPATTUR,30,Tamizhaga Vaazhvurimai Katchi,No,12th Pass,,,1,0 ~,0,,,,1,0 ~,0,,Y,0
473,http://myneta.info/TamilNadu2026/candidate.php?candidate_id=473,Rajiv Gandhi. S,169,TIRUPATTUR,41,BSP,No,Graduate,,,1,"55,000 ~ 55 Thou+",55000,,,,1,0 ~,0,,Y,0
4045,http://myneta.info/TamilNadu2026/candidate.php?candidate_id=4045,Sankar. S,169,TIRUPATTUR,53,IND,No,Graduate,,,1,"1,46,436 ~ 1 Lacs+",146436,,,,1,0 ~,0,,Y,0
474,http://myneta.info/TamilNadu2026/candidate.php?candidate_id=474,Sathiyamoorthy. S,169,TIRUPATTUR,73,Makkal Nala Kazhagam,No,Post Graduate,,,1,"1,15,00,000 ~ 1 Crore+",11500000,,,,1,0 ~,0,,Y,0
4041,http://myneta.info/TamilNadu2026/candidate.php?candidate_id=4041,Sekar. N,169,TIRUPATTUR,64,All India Youth Development Party,No,5th Pass,,,1,"8,00,000 ~ 8 Lacs+",800000,,,,1,0 ~,0,,Y,0
4048,http://myneta.info/TamilNadu2026/candidate.php?candidate_id=4048,Thirupathi. C,169,TIRUPATTUR,43,IND,No,8th Pass,,,1,0 ~,0,,,,1,0 ~,0,,Y,0
4050,http://myneta.info/TamilNadu2026/candidate.php?candidate_id=4050,Thirupathi. N,169,TIRUPATTUR,53,IND,No,5th Pass,,,1,0 ~,0,,,,1,0 ~,0,,Y,0
4049,http://myneta.info/TamilNadu2026/candidate.php?candidate_id=4049,Thirupathi. S,169,TIRUPATTUR,50,IND,No,12th Pass,,,1,"1,00,000 ~ 1 Lacs+",100000,,,,1,0 ~,0,,Y,0
4056,http://myneta.info/TamilNadu2026/candidate.php?candidate_id=4056,Venkatesan. K,169,TIRUPATTUR,33,IND,No,Graduate Professional,,,1,"6,00,000 ~ 6 Lacs+",600000,,,,1,"24,79,721 ~ 24 Lacs+",2479721,,Y,0
4043,http://myneta.info/TamilNadu2026/candidate.php?candidate_id=4043,Vijayakumar. G,169,TIRUPATTUR,39,Aanaithinthiya Jananayaka Pathukappu Kazhagam,Yes 4,Others,,,1,0 ~,0,,,,1,"27,25,502 ~ 27 Lacs+",2725502,,Y,1
2427,http://myneta.info/TamilNadu2026/candidate.php?candidate_id=2427,A.H. Siva Ganesh,170,GUMMIDIPOONDI,43,IND,No,Post Graduate,,,1,"6,76,40,000 ~ 6 Crore+",67640000,,,,1,0 ~,0,,Y,0
2430,http://myneta.info/TamilNadu2026/candidate.php?candidate_id=2430,D.Dinesh,170,GUMMIDIPOONDI,42,IND,No,Graduate Professional,,,1,"75,90,000 ~ 75 Lacs+",7590000,,,,1,"1,21,54,977 ~ 1 Crore+",12154977,,Y,0
2428,http://myneta.info/TamilNadu2026/candidate.php?candidate_id=2428,D.Sudhakar,170,GUMMIDIPOONDI,35,IND,No,5th Pass,,,1,"2,00,000 ~ 2 Lacs+",200000,,,,1,"5,00,000 ~ 5 Lacs+",500000,,Y,0
2431,http://myneta.info/TamilNadu2026/candidate.php?candidate_id=2431,G.Ranjith,170,GUMMIDIPOONDI,25,IND,No,Graduate Professional,,,1,0 ~,0,,,,1,0 ~,0,,Y,0
2425,http://myneta.info/TamilNadu2026/candidate.php?candidate_id=2425,Gopal.K,170,GUMMIDIPOONDI,63,IND,No,10th Pass,,,1,"5,00,000 ~ 5 Lacs+",500000,,,,1,"2,20,000 ~ 2 Lacs+",220000,,Y,0
2423,http://myneta.info/TamilNadu2026/candidate.php?candidate_id=2423,K. Chandra Sekar,170,GUMMIDIPOONDI,51,Veerath Thiyagi Viswanathadoss Thozhilalarkal Katchi,No,Illiterate,,,1,"1,25,00,000 ~ 1 Crore+",12500000,,,,1,"1,30,000 ~ 1 Lacs+",130000,,Y,0
2421,http://myneta.info/TamilNadu2026/candidate.php?candidate_id=2421,M.Jagadeesan,170,GUMMIDIPOONDI,34,BSP,No,Graduate Professional,,,1,"9,00,000 ~ 9 Lacs+",900000,,,,1,0 ~,0,,Y,0
2424,http://myneta.info/TamilNadu2026/candidate.php?candidate_id=2424,M.Kumaran,170,GUMMIDIPOONDI,44,IND,No,Graduate,,,1,"1,30,800 ~ 1 Lacs+",130800,,,,1,"9,41,000 ~ 9 Lacs+",941000,,Y,0
48,http://myneta.info/TamilNadu2026/candidate.php?candidate_id=48,R.Sridar. B.L.,170,GUMMIDIPOONDI,54,Naam Tamilar Katchi,No,Graduate Professional,,,1,"1,04,83,333 ~ 1 Crore+",10483333,,,,1,0 ~,0,,Y,0
265,http://myneta.info/TamilNadu2026/candidate.php?candidate_id=265,S.Vijayakumar,170,GUMMIDIPOONDI,56,Tamilaga Vettri Kazhagam,No,Graduate Professional,,,1,"3,10,66,500 ~ 3 Crore+",31066500,,,,1,"1,03,00,000 ~ 1 Crore+",10300000,,Y,0
2422,http://myneta.info/TamilNadu2026/candidate.php?candidate_id=2422,Sdk Sankar,170,GUMMIDIPOONDI,46,Aanaithinthiya Jananayaka Pathukappu Kazhagam,Yes 1,Graduate Professional,,,1,"1,45,85,927 ~ 1 Crore+",14585927,,,,1,"45,94,640 ~ 45 Lacs+",4594640,,Y,0
715,http://myneta.info/TamilNadu2026/candidate.php?candidate_id=715,Sudhakar.V,170,GUMMIDIPOONDI,40,AIADMK,No,12th Pass,,,1,"3,39,79,314 ~ 3 Crore+",33979314,,,,1,"2,20,33,096 ~ 2 Crore+",22033096,,Y,0
2426,http://myneta.info/TamilNadu2026/candidate.php?candidate_id=2426,T.Govindan,170,GUMMIDIPOONDI,43,IND,No,10th Pass,,,1,0 ~,0,,,,1,0 ~,0,,Y,0
716,http://myneta.info/TamilNadu2026/candidate.php?candidate_id=716,T.J.Govindarajan,170,GUMMIDIPOONDI,65,DMK,Yes 1,10th Pass,,,1,"8,06,34,796 ~ 8 Crore+",80634796,,,,1,"40,00,000 ~ 40 Lacs+",4000000,,Y,0
2429,http://myneta.info/TamilNadu2026/candidate.php?candidate_id=2429,V.Sudhakar,170,GUMMIDIPOONDI,40,IND,No,8th Pass,,,1,"4,00,000 ~ 4 Lacs+",400000,,,,1,0 ~,0,,Y,0
2803,http://myneta.info/TamilNadu2026/candidate.php?candidate_id=2803,Ashok Priyadarshan,171,PONNERI (SC),47,Desiya Makkal Sakthi Katchi,Yes 3,Post Graduate,,,1,0 ~,0,,,,1,0 ~,0,,Y,1
1034,http://myneta.info/TamilNadu2026/candidate.php?candidate_id=1034,Balaraman.P,171,PONNERI (SC),64,AIADMK,No,Post Graduate,,,1,"1,43,34,400 ~ 1 Crore+",14334400,,,,1,"2,43,456 ~ 2 Lacs+",243456,,Y,0
2807,http://myneta.info/TamilNadu2026/candidate.php?candidate_id=2807,Barathiraja.K,171,PONNERI (SC),39,IND,No,10th Pass,,,1,0 ~,0,,,,1,"2,51,185 ~ 2 Lacs+",251185,,Y,0
1033,http://myneta.info/TamilNadu2026/candidate.php?candidate_id=1033,Dr.Ravi.M.S,171,PONNERI (SC),67,Tamilaga Vettri Kazhagam,No,Graduate Professional,,,1,"9,72,18,245 ~ 9 Crore+",97218245,,,,1,"1,21,25,867 ~ 1 Crore+",12125867,,Y,0
1222,http://myneta.info/TamilNadu2026/candidate.php?candidate_id=1222,Durai Chandrasekar,171,PONNERI (SC),53,INC,Yes 1,Graduate Professional,,,1,"1,55,50,000 ~ 1 Crore+",15550000,,,,1,"71,00,000 ~ 71 Lacs+",7100000,,Y,0
2804,http://myneta.info/TamilNadu2026/candidate.php?candidate_id=2804,Kotteeswaran. K,171,PONNERI (SC),44,Tamizhaga Vaazhvurimai Katchi,No,10th Pass,,,1,0 ~,0,,,,1,"44,370 ~ 44 Thou+",44370,,Y,0
2805,http://myneta.info/TamilNadu2026/candidate.php?candidate_id=2805,Malathi.S,171,PONNERI (SC),28,Tamizhaga Murpokku Makkal Katchi,No,12th Pass,,,1,0 ~,0,,,,1,0 ~,0,,Y,0
2806,http://myneta.info/TamilNadu2026/candidate.php?candidate_id=2806,Nagaiyan.G,171,PONNERI (SC),48,IND,No,10th Pass,,,1,"51,50,000 ~ 51 Lacs+",5150000,,,,1,"14,50,000 ~ 14 Lacs+",1450000,,Y,0
1035,http://myneta.info/TamilNadu2026/candidate.php?candidate_id=1035,Raja.S,171,PONNERI (SC),46,Vanchit Bahujan Aaghadi,Yes 3,Doctorate,,,1,"68,28,500 ~ 68 Lacs+",6828500,,,,1,"30,00,000 ~ 30 Lacs+",3000000,,Y,0
2808,http://myneta.info/TamilNadu2026/candidate.php?candidate_id=2808,Rajasekar.J,171,PONNERI (SC),36,IND,No,Graduate Professional,,,1,0 ~,0,,,,1,0 ~,0,,Y,0
130,http://myneta.info/TamilNadu2026/candidate.php?candidate_id=130,Rajathi.M,171,PONNERI (SC),34,Naam Tamilar Katchi,No,Graduate,,,1,0 ~,0,,,,1,"7,00,000 ~ 7 Lacs+",700000,,Y,0
2802,http://myneta.info/TamilNadu2026/candidate.php?candidate_id=2802,Santhoshkumar.J,171,PONNERI (SC),46,BSP,No,Post Graduate,,,1,0 ~,0,,,,1,0 ~,0,,Y,0
2433,http://myneta.info/TamilNadu2026/candidate.php?candidate_id=2433,Balaji.A,172,TIRUTTANI,37,Thakkam Katchi,No,Graduate Professional,,,1,"17,00,000 ~ 17 Lacs+",1700000,,,,1,"97,000 ~ 97 Thou+",97000,,Y,0
198,http://myneta.info/TamilNadu2026/candidate.php?candidate_id=198,Chandran .S.S,172,TIRUTTANI,27,Naam Tamilar Katchi,No,Graduate,,,1,0 ~,0,,,,1,"19,00,000 ~ 19 Lacs+",1900000,,Y,0
1289,http://myneta.info/TamilNadu2026/candidate.php?candidate_id=1289,D.Krishnamurthy,172,TIRUTTANI,63,Desiya Murpokku Dravida Kazhagam,Yes 2,10th Pass,,,1,"4,95,00,000 ~ 4 Crore+",49500000,,,,1,"3,13,95,804 ~ 3 Crore+",31395804,,Y,0
2439,http://myneta.info/TamilNadu2026/candidate.php?candidate_id=2439,Dr.A.V.Narendran,172,TIRUTTANI,43,IND,No,Graduate Professional,,,1,"12,20,000 ~ 12 Lacs+",1220000,,,,1,0 ~,0,,Y,0
1290,http://myneta.info/TamilNadu2026/candidate.php?candidate_id=1290,G.Hari,172,TIRUTTANI,65,AIADMK,Yes 3,Post Graduate,,,1,"4,76,28,622 ~ 4 Crore+",47628622,,,,1,"86,05,395 ~ 86 Lacs+",8605395,,Y,0
2440,http://myneta.info/TamilNadu2026/candidate.php?candidate_id=2440,Jambu.B,172,TIRUTTANI,35,IND,No,Others,,,1,0 ~,0,,,,1,0 ~,0,,Y,0
2436,http://myneta.info/TamilNadu2026/candidate.php?candidate_id=2436,Krishnamoorthy.D,172,TIRUTTANI,45,IND,No,12th Pass,,,1,"30,00,000 ~ 30 Lacs+",3000000,,,,1,"19,62,555 ~ 19 Lacs+",1962555,,Y,0
2435,http://myneta.info/TamilNadu2026/candidate.php?candidate_id=2435,Krishnamoorthy.K,172,TIRUTTANI,29,IND,No,Others,,,1,"32,00,000 ~ 32 Lacs+",3200000,,,,1,"30,04,000 ~ 30 Lacs+",3004000,,Y,0
2437,http://myneta.info/TamilNadu2026/candidate.php?candidate_id=2437,Krishnamoorthy.M,172,TIRUTTANI,52,IND,No,Graduate,,,1,0 ~,0,,,,1,"12,00,000 ~ 12 Lacs+",1200000,,Y,0
749,http://myneta.info/TamilNadu2026/candidate.php?candidate_id=749,M.Sathya Kumar,172,TIRUTTANI,38,Tamilaga Vettri Kazhagam,No,Doctorate,,,1,0 ~,0,,,,1,"92,99,207 ~ 92 Lacs+",9299207,,Y,0
2432,http://myneta.info/TamilNadu2026/candidate.php?candidate_id=2432,Muthuraj.G,172,TIRUTTANI,56,BSP,No,Illiterate,,,1,0 ~,0,,,,1,0 ~,0,,Y,0
2434,http://myneta.info/TamilNadu2026/candidate.php?candidate_id=2434,Pavendhan.Y.R,172,TIRUTTANI,47,Tamizhaga Vaazhvurimai Katchi,No,Post Graduate,,,1,0 ~,0,,,,1,0 ~,0,,Y,0
2438,http://myneta.info/TamilNadu2026/candidate.php?candidate_id=2438,Shettu.S,172,TIRUTTANI,57,IND,No,Graduate,,,1,0 ~,0,,,,1,0 ~,0,,Y,0
1836,http://myneta.info/TamilNadu2026/candidate.php?candidate_id=1836,B. Rajesh Kumar,173,THIRUVALLUR,42,BSP,No,Graduate Professional,,,1,0 ~,0,,,,1,0 ~,0,,Y,0
1266,http://myneta.info/TamilNadu2026/candidate.php?candidate_id=1266,Be Vee Ramanah,173,THIRUVALLUR,58,AIADMK,Yes 6,Others,,,1,"7,27,04,595 ~ 7 Crore+",72704595,,,,1,"6,11,10,187 ~ 6 Crore+",61110187,,Y,1
1837,http://myneta.info/TamilNadu2026/candidate.php?candidate_id=1837,E. Mani,173,THIRUVALLUR,68,Republican Party of India (Athawale),No,Post Graduate,,,1,0 ~,0,,,,1,"1,72,475 ~ 1 Lacs+",172475,,Y,0
1838,http://myneta.info/TamilNadu2026/candidate.php?candidate_id=1838,E. Rajarathinam,173,THIRUVALLUR,45,Tamizhaga Vaazhvurimai Katchi,No,Post Graduate,,,1,"5,42,500 ~ 5 Lacs+",542500,,,,1,0 ~,0,,Y,0
1840,http://myneta.info/TamilNadu2026/candidate.php?candidate_id=1840,E.Kothandan,173,THIRUVALLUR,38,IND,No,Post Graduate,,,1,0 ~,0,,,,1,"2,00,000 ~ 2 Lacs+",200000,,Y,0
1844,http://myneta.info/TamilNadu2026/candidate.php?candidate_id=1844,G. Rajendiran,173,THIRUVALLUR,59,IND,No,Post Graduate,,,1,0 ~,0,,,,1,0 ~,0,,Y,0
171,http://myneta.info/TamilNadu2026/candidate.php?candidate_id=171,K. Senthilkumar,173,THIRUVALLUR,38,Naam Tamilar Katchi,No,Post Graduate,,,1,"55,00,000 ~ 55 Lacs+",5500000,,,,1,"15,47,000 ~ 15 Lacs+",1547000,,Y,0
1842,http://myneta.info/TamilNadu2026/candidate.php?candidate_id=1842,N. Balakrishnan,173,THIRUVALLUR,49,IND,No,8th Pass,,,1,"22,00,000 ~ 22 Lacs+",2200000,,,,1,"8,85,500 ~ 8 Lacs+",885500,,Y,0
1841,http://myneta.info/TamilNadu2026/candidate.php?candidate_id=1841,N. Nagendrababu,173,THIRUVALLUR,30,IND,No,Graduate Professional,,,1,"13,00,000 ~ 13 Lacs+",1300000,,,,1,"23,52,400 ~ 23 Lacs+",2352400,,Y,0
1839,http://myneta.info/TamilNadu2026/candidate.php?candidate_id=1839,N. Venkatesan,173,THIRUVALLUR,50,Aanaithinthiya Jananayaka Pathukappu Kazhagam,Yes 1,Graduate,,,1,"60,00,000 ~ 60 Lacs+",6000000,,,,1,0 ~,0,,Y,0
1843,http://myneta.info/TamilNadu2026/candidate.php?candidate_id=1843,R. Ramanan,173,THIRUVALLUR,56,IND,No,12th Pass,,,1,"36,09,300 ~ 36 Lacs+",3609300,,,,1,"15,97,863 ~ 15 Lacs+",1597863,,Y,0
1845,http://myneta.info/TamilNadu2026/candidate.php?candidate_id=1845,S. Rajendran,173,THIRUVALLUR,62,IND,No,5th Pass,,,1,0 ~,0,,,,1,0 ~,0,,Y,0
1265,http://myneta.info/TamilNadu2026/candidate.php?candidate_id=1265,V.G. Raajendran,173,THIRUVALLUR,58,DMK,Yes 4,Others,,,1,"2,33,48,53,162 ~ 233 Crore+",2334853162,,,,1,"26,58,18,436 ~ 26 Crore+",265818436,,Y,0
2443,http://myneta.info/TamilNadu2026/candidate.php?candidate_id=2443,Dhasarathan.R,174,POONAMALLEE (SC),58,IND,No,5th Pass,,,1,0 ~,0,,,,1,0 ~,0,,Y,0
2447,http://myneta.info/TamilNadu2026/candidate.php?candidate_id=2447,Dr.Jayanthi.R,174,POONAMALLEE (SC),50,IND,No,Doctorate,,,1,0 ~,0,,,,1,0 ~,0,,Y,0
1224,http://myneta.info/TamilNadu2026/candidate.php?candidate_id=1224,Elumalai.T.A,174,POONAMALLEE (SC),62,Amma Makkal Munnettra Kazagam,Yes 2,Graduate Professional,,,1,"2,01,40,989 ~ 2 Crore+",20140989,,,,1,"78,76,504 ~ 78 Lacs+",7876504,,Y,0
1037,http://myneta.info/TamilNadu2026/candidate.php?candidate_id=1037,Krishnaswamy.A,174,POONAMALLEE (SC),60,DMK,No,Graduate Professional,,,1,"13,87,22,500 ~ 13 Crore+",138722500,,,,1,"18,47,128 ~ 18 Lacs+",1847128,,Y,0
132,http://myneta.info/TamilNadu2026/candidate.php?candidate_id=132,Mekala.J,174,POONAMALLEE (SC),45,Naam Tamilar Katchi,No,Post Graduate,,,1,"65,00,000 ~ 65 Lacs+",6500000,,,,1,"1,71,172 ~ 1 Lacs+",171172,,Y,0
1036,http://myneta.info/TamilNadu2026/candidate.php?candidate_id=1036,Prakasam.R,174,POONAMALLEE (SC),44,Tamilaga Vettri Kazhagam,Yes 1,10th Pass,,,1,"11,00,000 ~ 11 Lacs+",1100000,,,,1,"10,16,000 ~ 10 Lacs+",1016000,,Y,0
2444,http://myneta.info/TamilNadu2026/candidate.php?candidate_id=2444,Purushothaman.B,174,POONAMALLEE (SC),56,IND,No,10th Pass,,,1,"16,50,000 ~ 16 Lacs+",1650000,,,,1,0 ~,0,,Y,0
2441,http://myneta.info/TamilNadu2026/candidate.php?candidate_id=2441,Rajasekaran.K,174,POONAMALLEE (SC),33,BSP,No,12th Pass,,,1,0 ~,0,,,,1,0 ~,0,,Y,0
2445,http://myneta.info/TamilNadu2026/candidate.php?candidate_id=2445,Ravikumar.M,174,POONAMALLEE (SC),37,IND,No,10th Pass,,,1,0 ~,0,,,,1,0 ~,0,,Y,0
2442,http://myneta.info/TamilNadu2026/candidate.php?candidate_id=2442,Sivakumar.S,174,POONAMALLEE (SC),56,IND,No,Graduate,,,1,0 ~,0,,,,1,0 ~,0,,Y,0
2446,http://myneta.info/TamilNadu2026/candidate.php?candidate_id=2446,Velu.S,174,POONAMALLEE (SC),49,IND,No,Graduate,,,1,"12,18,000 ~ 12 Lacs+",1218000,,,,1,"3,60,000 ~ 3 Lacs+",360000,,Y,0
2816,http://myneta.info/TamilNadu2026/candidate.php?candidate_id=2816,G.D. Arunkumar,175,AVADI,30,IND,No,Graduate Professional,,,1,0 ~,0,,,,1,0 ~,0,,Y,0
2815,http://myneta.info/TamilNadu2026/candidate.php?candidate_id=2815,K. Annamalai,175,AVADI,52,IND,No,10th Pass,,,1,0 ~,0,,,,1,0 ~,0,,Y,0
2821,http://myneta.info/TamilNadu2026/candidate.php?candidate_id=2821,K. Balakrishnan,175,AVADI,47,IND,No,Graduate Professional,,,1,"2,10,000 ~ 2 Lacs+",210000,,,,1,0 ~,0,,Y,0
2817,http://myneta.info/TamilNadu2026/candidate.php?candidate_id=2817,M. Erajasimman,175,AVADI,42,IND,No,Graduate Professional,,,1,0 ~,0,,,,1,0 ~,0,,Y,0
2820,http://myneta.info/TamilNadu2026/candidate.php?candidate_id=2820,P. Chellapandian,175,AVADI,58,IND,No,Graduate,,,1,0 ~,0,,,,1,0 ~,0,,Y,0
248,http://myneta.info/TamilNadu2026/candidate.php?candidate_id=248,P.Jayakumar,175,AVADI,50,Samaniya Makkal Nala Katchi,No,Graduate,,,1,"30,00,000 ~ 30 Lacs+",3000000,,,,1,0 ~,0,,Y,0
17,http://myneta.info/TamilNadu2026/candidate.php?candidate_id=17,Punitha Shanmugam,175,AVADI,32,Naam Tamilar Katchi,No,Doctorate,,,1,0 ~,0,,,,1,"1,33,000 ~ 1 Lacs+",133000,,Y,0
2814,http://myneta.info/TamilNadu2026/candidate.php?candidate_id=2814,R. Bakthavatchalam,175,AVADI,39,All India Puratchi Thalaivar Makkal Munnettra Kazhagam,No,12th Pass,,,1,0 ~,0,,,,1,"18,30,000 ~ 18 Lacs+",1830000,,Y,0
2818,http://myneta.info/TamilNadu2026/candidate.php?candidate_id=2818,R. Kumar,175,AVADI,49,IND,No,Illiterate,,,1,"2,00,000 ~ 2 Lacs+",200000,,,,1,"1,48,645 ~ 1 Lacs+",148645,,Y,0
2822,http://myneta.info/TamilNadu2026/candidate.php?candidate_id=2822,R. Manikandan,175,AVADI,34,IND,No,Post Graduate,,,1,0 ~,0,,,,1,0 ~,0,,Y,0
2811,http://myneta.info/TamilNadu2026/candidate.php?candidate_id=2811,R.Edmund Jayendren,175,AVADI,53,Tamizhaga Vaazhvurimai Katchi,No,Graduate,,,1,"2,20,80,500 ~ 2 Crore+",22080500,,,,1,0 ~,0,,Y,0
254,http://myneta.info/TamilNadu2026/candidate.php?candidate_id=254,R.Ramesh Kumar,175,AVADI,60,Tamilaga Vettri Kazhagam,No,Graduate,,,1,"2,20,00,000 ~ 2 Crore+",22000000,,,,1,0 ~,0,,Y,0
2824,http://myneta.info/TamilNadu2026/candidate.php?candidate_id=2824,Rajasekar. R,175,AVADI,27,IND,No,Graduate Professional,,,1,0 ~,0,,,,1,0 ~,0,,Y,0
1398,http://myneta.info/TamilNadu2026/candidate.php?candidate_id=1398,Rajasimha Mahendra,175,AVADI,49,BJP,No,12th Pass,,,1,"10,13,08,820 ~ 10 Crore+",101308820,,,,1,"74,12,156 ~ 74 Lacs+",7412156,,Y,0
2810,http://myneta.info/TamilNadu2026/candidate.php?candidate_id=2810,S. Charles,175,AVADI,45,BSP,No,12th Pass,,,1,0 ~,0,,,,1,0 ~,0,,Y,0
2819,http://myneta.info/TamilNadu2026/candidate.php?candidate_id=2819,S. Senthilkumar,175,AVADI,48,IND,No,Graduate Professional,,,1,"38,00,000 ~ 38 Lacs+",3800000,,,,1,0 ~,0,,Y,0
843,http://myneta.info/TamilNadu2026/candidate.php?candidate_id=843,S.M.Nasar,175,AVADI,66,DMK,No,10th Pass,,,1,"2,38,53,600 ~ 2 Crore+",23853600,,,,1,0 ~,0,,Y,0
2813,http://myneta.info/TamilNadu2026/candidate.php?candidate_id=2813,Senthilkumar. S,175,AVADI,51,Anna Puratchi Thalaivar Amma Dravida Munnetra Kazhagam,No,Others,,,1,0 ~,0,,,,1,0 ~,0,,N,0
2823,http://myneta.info/TamilNadu2026/candidate.php?candidate_id=2823,Uniesh Raj. M,175,AVADI,29,IND,No,Post Graduate,,,1,0 ~,0,,,,1,0 ~,0,,Y,0
2825,http://myneta.info/TamilNadu2026/candidate.php?candidate_id=2825,Agni Selvaraju. J,176,MADHURAVOYAL,43,Naadaalum Makkal Katchi,No,Post Graduate,,,1,"23,00,000 ~ 23 Lacs+",2300000,,,,1,"22,33,000 ~ 22 Lacs+",2233000,,Y,0
2829,http://myneta.info/TamilNadu2026/candidate.php?candidate_id=2829,D. Anandan,176,MADHURAVOYAL,52,IND,No,Graduate,,,1,"68,00,000 ~ 68 Lacs+",6800000,,,,1,0 ~,0,,Y,0
259,http://myneta.info/TamilNadu2026/candidate.php?candidate_id=259,Ganapathy. K,176,MADHURAVOYAL,67,DMK,No,8th Pass,,,1,"90,70,000 ~ 90 Lacs+",9070000,,,,1,0 ~,0,,Y,0
2828,http://myneta.info/TamilNadu2026/candidate.php?candidate_id=2828,J. Venkatesan,176,MADHURAVOYAL,51,All India Puratchi Thalaivar Makkal Munnettra Kazhagam,No,10th Pass,,,1,"20,00,000 ~ 20 Lacs+",2000000,,,,1,"2,00,000 ~ 2 Lacs+",200000,,Y,0
2830,http://myneta.info/TamilNadu2026/candidate.php?candidate_id=2830,K. Ganapathy,176,MADHURAVOYAL,39,IND,No,8th Pass,,,1,"80,00,000 ~ 80 Lacs+",8000000,,,,1,0 ~,0,,Y,0
260,http://myneta.info/TamilNadu2026/candidate.php?candidate_id=260,K. Venkatesan,176,MADHURAVOYAL,49,Veerath Thiyagi Viswanathadoss Thozhilalarkal Katchi,No,12th Pass,,,1,0 ~,0,,,,1,0 ~,0,,Y,0
2834,http://myneta.info/TamilNadu2026/candidate.php?candidate_id=2834,M. Balasubramanian,176,MADHURAVOYAL,50,IND,No,Post Graduate,,,1,"65,13,400 ~ 65 Lacs+",6513400,,,,1,0 ~,0,,Y,0
2840,http://myneta.info/TamilNadu2026/candidate.php?candidate_id=2840,M. James,176,MADHURAVOYAL,59,IND,No,10th Pass,,,1,0 ~,0,,,,1,0 ~,0,,Y,0
2827,http://myneta.info/TamilNadu2026/candidate.php?candidate_id=2827,Murali. S,176,MADHURAVOYAL,31,Naam Indiar Party,No,12th Pass,,,1,0 ~,0,,,,1,0 ~,0,,Y,0
2826,http://myneta.info/TamilNadu2026/candidate.php?candidate_id=2826,Muthuraman. S,176,MADHURAVOYAL,57,Anna MGR Dravida Makkal Kalgam,No,12th Pass,,,1,"2,47,00,000 ~ 2 Crore+",24700000,,,,1,0 ~,0,,Y,0
2837,http://myneta.info/TamilNadu2026/candidate.php?candidate_id=2837,N.A. Mani,176,MADHURAVOYAL,30,IND,No,Post Graduate,,,1,"31,55,500 ~ 31 Lacs+",3155500,,,,1,"2,30,000 ~ 2 Lacs+",230000,,Y,0
322,http://myneta.info/TamilNadu2026/candidate.php?candidate_id=322,P. Benjamin,176,MADHURAVOYAL,56,AIADMK,No,Graduate,,,1,"25,18,99,900 ~ 25 Crore+",251899900,,,,1,"99,60,000 ~ 99 Lacs+",9960000,,Y,0
2836,http://myneta.info/TamilNadu2026/candidate.php?candidate_id=2836,Ponmuthu Ramesh,176,MADHURAVOYAL,62,IND,No,8th Pass,,,1,0 ~,0,,,,1,0 ~,0,,Y,0
2833,http://myneta.info/TamilNadu2026/candidate.php?candidate_id=2833,R. Siva,176,MADHURAVOYAL,34,IND,No,Post Graduate,,,1,"1,20,000 ~ 1 Lacs+",120000,,,,1,"3,93,000 ~ 3 Lacs+",393000,,Y,0
2838,http://myneta.info/TamilNadu2026/candidate.php?candidate_id=2838,R. Yuvaraj,176,MADHURAVOYAL,27,IND,No,Graduate,,,1,"15,00,000 ~ 15 Lacs+",1500000,,,,1,0 ~,0,,Y,0
86,http://myneta.info/TamilNadu2026/candidate.php?candidate_id=86,Revathi L,176,MADHURAVOYAL,32,Naam Tamilar Katchi,No,8th Pass,,,1,0 ~,0,,,,1,"6,10,000 ~ 6 Lacs+",610000,,Y,0
1032,http://myneta.info/TamilNadu2026/candidate.php?candidate_id=1032,Rhevanth Charan,176,MADHURAVOYAL,30,Tamilaga Vettri Kazhagam,No,Post Graduate,,,1,"14,00,27,937 ~ 14 Crore+",140027937,,,,1,"8,31,72,105 ~ 8 Crore+",83172105,,Y,0
2835,http://myneta.info/TamilNadu2026/candidate.php?candidate_id=2835,S. Benjamin Moses,176,MADHURAVOYAL,38,IND,No,Post Graduate,,,1,0 ~,0,,,,1,0 ~,0,,Y,0
2832,http://myneta.info/TamilNadu2026/candidate.php?candidate_id=2832,Saravanan Kumar,176,MADHURAVOYAL,39,IND,No,Doctorate,,,1,"3,02,00,000 ~ 3 Crore+",30200000,,,,1,0 ~,0,,Y,0
2831,http://myneta.info/TamilNadu2026/candidate.php?candidate_id=2831,V. Kamala Kannan,176,MADHURAVOYAL,36,IND,No,8th Pass,,,1,0 ~,0,,,,1,0 ~,0,,Y,0
2839,http://myneta.info/TamilNadu2026/candidate.php?candidate_id=2839,Vignesh Nandagopal,176,MADHURAVOYAL,31,IND,No,Post Graduate,,,1,"1,00,00,000 ~ 1 Crore+",10000000,,,,1,0 ~,0,,Y,0
1425,http://myneta.info/TamilNadu2026/candidate.php?candidate_id=1425,A.Kalyanasundaram,177,AMBATTUR,70,Nationalist Janshakti Party,No,10th Pass,,,1,0 ~,0,,,,1,0 ~,0,,Y,0
253,http://myneta.info/TamilNadu2026/candidate.php?candidate_id=253,Balamurugan.G,177,AMBATTUR,44,Tamilaga Vettri Kazhagam,No,Others,,,1,"55,00,000 ~ 55 Lacs+",5500000,,,,1,"3,43,512 ~ 3 Lacs+",343512,,Y,0
1427,http://myneta.info/TamilNadu2026/candidate.php?candidate_id=1427,D. Jeyaganesh,177,AMBATTUR,46,Naam Indiar Party,No,10th Pass,,,1,"5,50,000 ~ 5 Lacs+",550000,,,,1,"24,60,000 ~ 24 Lacs+",2460000,,Y,0
1435,http://myneta.info/TamilNadu2026/candidate.php?candidate_id=1435,D. Pushpa,177,AMBATTUR,50,IND,No,5th Pass,,,1,"18,30,000 ~ 18 Lacs+",1830000,,,,1,0 ~,0,,Y,0
1437,http://myneta.info/TamilNadu2026/candidate.php?candidate_id=1437,D.K.Meshack Kirubakaran,177,AMBATTUR,38,IND,No,Graduate,,,1,0 ~,0,,,,1,0 ~,0,,Y,0
1142,http://myneta.info/TamilNadu2026/candidate.php?candidate_id=1142,Dr A.P. Poornima,177,AMBATTUR,33,DMK,No,Post Graduate,,,1,"98,95,000 ~ 98 Lacs+",9895000,,,,1,"96,65,000 ~ 96 Lacs+",9665000,,Y,0
309,http://myneta.info/TamilNadu2026/candidate.php?candidate_id=309,Dr. J.Sailas,177,AMBATTUR,42,BSP,No,Graduate Professional,,,1,0 ~,0,,,,1,0 ~,0,,Y,0
1434,http://myneta.info/TamilNadu2026/candidate.php?candidate_id=1434,Dr. S.Praveen,177,AMBATTUR,37,IND,No,Post Graduate,,,1,0 ~,0,,,,1,"2,75,00,000 ~ 2 Crore+",27500000,,Y,0
1428,http://myneta.info/TamilNadu2026/candidate.php?candidate_id=1428,G. Sampath,177,AMBATTUR,65,IND,No,Graduate Professional,,,1,"2,00,00,000 ~ 2 Crore+",20000000,,,,1,0 ~,0,,Y,0
1431,http://myneta.info/TamilNadu2026/candidate.php?candidate_id=1431,G.P. Sekar,177,AMBATTUR,61,IND,No,Literate,,,1,0 ~,0,,,,1,0 ~,0,,Y,0
1440,http://myneta.info/TamilNadu2026/candidate.php?candidate_id=1440,Jothi.M,177,AMBATTUR,41,IND,No,10th Pass,,,1,0 ~,0,,,,1,"2,25,000 ~ 2 Lacs+",225000,,Y,0
1430,http://myneta.info/TamilNadu2026/candidate.php?candidate_id=1430,K. Sekar,177,AMBATTUR,55,IND,No,8th Pass,,,1,0 ~,0,,,,1,0 ~,0,,Y,0
240,http://myneta.info/TamilNadu2026/candidate.php?candidate_id=240,K.N. Sekar,177,AMBATTUR,55,Pattali Makkal Katchi,No,8th Pass,,,1,"16,37,59,200 ~ 16 Crore+",163759200,,,,1,"3,01,75,763 ~ 3 Crore+",30175763,,Y,0
308,http://myneta.info/TamilNadu2026/candidate.php?candidate_id=308,M.S. Arumugam,177,AMBATTUR,61,IND,No,5th Pass,,,1,"6,00,000 ~ 6 Lacs+",600000,,,,1,0 ~,0,,Y,0
1429,http://myneta.info/TamilNadu2026/candidate.php?candidate_id=1429,P. Arumugam,177,AMBATTUR,50,IND,No,8th Pass,,,1,0 ~,0,,,,1,0 ~,0,,Y,0
1432,http://myneta.info/TamilNadu2026/candidate.php?candidate_id=1432,Palani,177,AMBATTUR,46,IND,No,Others,,,1,"10,00,000 ~ 10 Lacs+",1000000,,,,1,"7,47,888 ~ 7 Lacs+",747888,,Y,0
1433,http://myneta.info/TamilNadu2026/candidate.php?candidate_id=1433,R.Balamurugan,177,AMBATTUR,49,IND,No,10th Pass,,,1,0 ~,0,,,,1,0 ~,0,,Y,0
1426,http://myneta.info/TamilNadu2026/candidate.php?candidate_id=1426,Rajkumar,177,AMBATTUR,30,Tamizhaga Vaazhvurimai Katchi,No,8th Pass,,,1,0 ~,0,,,,1,"6,50,000 ~ 6 Lacs+",650000,,Y,0
1439,http://myneta.info/TamilNadu2026/candidate.php?candidate_id=1439,S. Janarthanan,177,AMBATTUR,32,IND,No,Graduate Professional,,,1,"2,00,000 ~ 2 Lacs+",200000,,,,1,"1,20,793 ~ 1 Lacs+",120793,,Y,0
1436,http://myneta.info/TamilNadu2026/candidate.php?candidate_id=1436,S. Madhavan,177,AMBATTUR,28,IND,No,Graduate,,,1,0 ~,0,,,,1,0 ~,0,,Y,0
247,http://myneta.info/TamilNadu2026/candidate.php?candidate_id=247,Silambarasan,177,AMBATTUR,35,Naam Tamilar Katchi,Yes 1,Graduate,,,1,0 ~,0,,,,1,"11,24,428 ~ 11 Lacs+",1124428,,Y,2
645,http://myneta.info/TamilNadu2026/candidate.php?candidate_id=645,V. Ramkumar,177,AMBATTUR,52,India Suyarajya Party,No,Graduate,,,1,"40,00,000 ~ 40 Lacs+",4000000,,,,1,0 ~,0,,Y,0
1438,http://myneta.info/TamilNadu2026/candidate.php?candidate_id=1438,Vinayagamoorthy.R,177,AMBATTUR,35,IND,No,12th Pass,,,1,"27,00,000 ~ 27 Lacs+",2700000,,,,1,"19,00,450 ~ 19 Lacs+",1900450,,Y,0
3667,http://myneta.info/TamilNadu2026/candidate.php?candidate_id=3667,A.Ponnalagan,178,MADHAVARAM,60,IND,No,Illiterate,,,1,0 ~,0,,,,1,0 ~,0,,Y,0
80,http://myneta.info/TamilNadu2026/candidate.php?candidate_id=80,E.Krithika,178,MADHAVARAM,28,Naam Tamilar Katchi,No,Graduate,,,1,0 ~,0,,,,1,0 ~,0,,Y,0
368,http://myneta.info/TamilNadu2026/candidate.php?candidate_id=368,I.Raffik,178,MADHAVARAM,40,Naadaalum Makkal Katchi,No,Graduate,,,1,0 ~,0,,,,1,0 ~,0,,Y,0
1031,http://myneta.info/TamilNadu2026/candidate.php?candidate_id=1031,M.L.Vijayprabhu,178,MADHAVARAM,37,Tamilaga Vettri Kazhagam,No,Graduate Professional,,,1,"42,24,000 ~ 42 Lacs+",4224000,,,,1,"24,64,733 ~ 24 Lacs+",2464733,,Y,0
754,http://myneta.info/TamilNadu2026/candidate.php?candidate_id=754,Madhavaram V.Moorthy,178,MADHAVARAM,67,AIADMK,Yes 1,Graduate,,,1,"5,86,49,100 ~ 5 Crore+",58649100,,,,1,"13,02,438 ~ 13 Lacs+",1302438,,Y,0
369,http://myneta.info/TamilNadu2026/candidate.php?candidate_id=369,N.Janakiraman,178,MADHAVARAM,53,BSP,No,Graduate,,,1,0 ~,0,,,,1,0 ~,0,,Y,0
3662,http://myneta.info/TamilNadu2026/candidate.php?candidate_id=3662,R.Karthikeyan,178,MADHAVARAM,51,Tamizhaga Vaazhvurimai Katchi,Yes 1,Graduate,,,1,"10,00,000 ~ 10 Lacs+",1000000,,,,1,"9,00,000 ~ 9 Lacs+",900000,,Y,0
370,http://myneta.info/TamilNadu2026/candidate.php?candidate_id=370,R.S.Balaji,178,MADHAVARAM,53,IND,No,Others,,,1,0 ~,0,,,,1,"17,50,000 ~ 17 Lacs+",1750000,,Y,0
3663,http://myneta.info/TamilNadu2026/candidate.php?candidate_id=3663,S.Sivakumar,178,MADHAVARAM,54,IND,No,Graduate Professional,,,1,"2,90,000 ~ 2 Lacs+",290000,,,,1,0 ~,0,,Y,0
725,http://myneta.info/TamilNadu2026/candidate.php?candidate_id=725,S.Sudharsanam,178,MADHAVARAM,67,DMK,No,Post Graduate,,,1,"52,01,16,000 ~ 52 Crore+",520116000,,,,1,"13,14,22,773 ~ 13 Crore+",131422773,,Y,0
3664,http://myneta.info/TamilNadu2026/candidate.php?candidate_id=3664,Sudarsanam,178,MADHAVARAM,67,IND,No,10th Pass,,,1,0 ~,0,,,,1,0 ~,0,,Y,0
2452,http://myneta.info/TamilNadu2026/candidate.php?candidate_id=2452,Aravind. R,179,THIRUVOTTIYUR,32,IND,No,Graduate,,,1,0 ~,0,,,,1,0 ~,0,,Y,0
2455,http://myneta.info/TamilNadu2026/candidate.php?candidate_id=2455,Balaruban,179,THIRUVOTTIYUR,32,IND,No,Graduate Professional,,,1,0 ~,0,,,,1,"4,84,000 ~ 4 Lacs+",484000,,Y,0
2450,http://myneta.info/TamilNadu2026/candidate.php?candidate_id=2450,Dilli Kumar. R,179,THIRUVOTTIYUR,41,Democratic National Allegiance,No,10th Pass,,,1,0 ~,0,,,,1,0 ~,0,,Y,0
2453,http://myneta.info/TamilNadu2026/candidate.php?candidate_id=2453,Gopi. K,179,THIRUVOTTIYUR,36,IND,No,Graduate Professional,,,1,0 ~,0,,,,1,0 ~,0,,Y,0
2458,http://myneta.info/TamilNadu2026/candidate.php?candidate_id=2458,Janagaraj,179,THIRUVOTTIYUR,46,IND,No,8th Pass,,,1,"20,60,500 ~ 20 Lacs+",2060500,,,,1,"13,60,000 ~ 13 Lacs+",1360000,,Y,0
1042,http://myneta.info/TamilNadu2026/candidate.php?candidate_id=1042,Kuppan. K,179,THIRUVOTTIYUR,72,AIADMK,Yes 5,Graduate,,,1,"5,92,41,500 ~ 5 Crore+",59241500,,,,1,0 ~,0,,Y,0
2448,http://myneta.info/TamilNadu2026/candidate.php?candidate_id=2448,Mahendra Kumar. D,179,THIRUVOTTIYUR,46,BSP,No,10th Pass,,,1,0 ~,0,,,,1,"70,000 ~ 70 Thou+",70000,,Y,0
2456,http://myneta.info/TamilNadu2026/candidate.php?candidate_id=2456,Michaelraj. M. A,179,THIRUVOTTIYUR,57,IND,No,12th Pass,,,1,"1,08,00,000 ~ 1 Crore+",10800000,,,,1,"12,00,000 ~ 12 Lacs+",1200000,,Y,0
2449,http://myneta.info/TamilNadu2026/candidate.php?candidate_id=2449,Sasirekha. M,179,THIRUVOTTIYUR,55,Veerath Thiyagi Viswanathadoss Thozhilalarkal Katchi,No,10th Pass,,,1,0 ~,0,,,,1,0 ~,0,,Y,0
176,http://myneta.info/TamilNadu2026/candidate.php?candidate_id=176,Sathya. B,179,THIRUVOTTIYUR,40,Naam Tamilar Katchi,No,10th Pass,,,1,"79,78,000 ~ 79 Lacs+",7978000,,,,1,"41,01,300 ~ 41 Lacs+",4101300,,Y,0
1041,http://myneta.info/TamilNadu2026/candidate.php?candidate_id=1041,Senthil Kumar. N,179,THIRUVOTTIYUR,46,Tamilaga Vettri Kazhagam,No,Graduate Professional,,,1,"55,00,000 ~ 55 Lacs+",5500000,,,,1,"13,11,935 ~ 13 Lacs+",1311935,,Y,0
1040,http://myneta.info/TamilNadu2026/candidate.php?candidate_id=1040,Sundararaj. L,179,THIRUVOTTIYUR,59,CPI(M),No,10th Pass,,,1,"46,00,000 ~ 46 Lacs+",4600000,,,,1,0 ~,0,,Y,0
2454,http://myneta.info/TamilNadu2026/candidate.php?candidate_id=2454,Thanikasalam. B,179,THIRUVOTTIYUR,46,IND,No,Others,,,1,0 ~,0,,,,1,0 ~,0,,Y,0
2451,http://myneta.info/TamilNadu2026/candidate.php?candidate_id=2451,Venkataramanan. J,179,THIRUVOTTIYUR,28,Tamizhaga Vaazhvurimai Katchi,No,Graduate,,,1,0 ~,0,,,,1,0 ~,0,,Y,0
2457,http://myneta.info/TamilNadu2026/candidate.php?candidate_id=2457,Vijay. A,179,THIRUVOTTIYUR,31,IND,No,12th Pass,,,1,0 ~,0,,,,1,0 ~,0,,Y,0
2460,http://myneta.info/TamilNadu2026/candidate.php?candidate_id=2460,Arumugam.N,181,THIRUTHURAIPOONDI (SC),48,Tamizhaga Vaazhvurimai Katchi,No,10th Pass,,,1,"25,00,000 ~ 25 Lacs+",2500000,,,,1,"4,20,000 ~ 4 Lacs+",420000,,Y,0
1263,http://myneta.info/TamilNadu2026/candidate.php?candidate_id=1263,Balathandayutham.U,181,THIRUTHURAIPOONDI (SC),51,AIADMK,No,12th Pass,,,1,"23,00,000 ~ 23 Lacs+",2300000,,,,1,"12,28,243 ~ 12 Lacs+",1228243,,Y,0
2463,http://myneta.info/TamilNadu2026/candidate.php?candidate_id=2463,Jayasangar.A,181,THIRUTHURAIPOONDI (SC),59,IND,Yes 1,Graduate Professional,,,1,0 ~,0,,,,1,"1,78,000 ~ 1 Lacs+",178000,,Y,1
736,http://myneta.info/TamilNadu2026/candidate.php?candidate_id=736,Marimuthu.K,181,THIRUTHURAIPOONDI (SC),56,CPI,No,Graduate,,,1,"1,75,000 ~ 1 Lacs+",175000,,,,1,"1,20,000 ~ 1 Lacs+",120000,,Y,0
2462,http://myneta.info/TamilNadu2026/candidate.php?candidate_id=2462,Muruganantham.V,181,THIRUTHURAIPOONDI (SC),59,IND,No,12th Pass,,,1,"4,00,000 ~ 4 Lacs+",400000,,,,1,"3,80,000 ~ 3 Lacs+",380000,,Y,0
1045,http://myneta.info/TamilNadu2026/candidate.php?candidate_id=1045,Pandiyan.S,181,THIRUTHURAIPOONDI (SC),42,Tamilaga Vettri Kazhagam,No,10th Pass,,,1,"70,00,000 ~ 70 Lacs+",7000000,,,,1,"53,91,405 ~ 53 Lacs+",5391405,,Y,0
2461,http://myneta.info/TamilNadu2026/candidate.php?candidate_id=2461,Sivaprakasam.V,181,THIRUTHURAIPOONDI (SC),39,IND,No,Post Graduate,,,1,"4,50,000 ~ 4 Lacs+",450000,,,,1,"10,37,700 ~ 10 Lacs+",1037700,,Y,0
2459,http://myneta.info/TamilNadu2026/candidate.php?candidate_id=2459,Vimala.A,181,THIRUTHURAIPOONDI (SC),41,BSP,No,10th Pass,,,1,"2,50,000 ~ 2 Lacs+",250000,,,,1,"1,32,000 ~ 1 Lacs+",132000,,Y,0
168,http://myneta.info/TamilNadu2026/candidate.php?candidate_id=168,Vinothini.R,181,THIRUTHURAIPOONDI (SC),34,Naam Tamilar Katchi,Yes 1,Post Graduate,,,1,"6,00,000 ~ 6 Lacs+",600000,,,,1,0 ~,0,,Y,0
2469,http://myneta.info/TamilNadu2026/candidate.php?candidate_id=2469,Arulprakash. P,182,MANNARGUDI,48,IND,No,10th Pass,,,1,0 ~,0,,,,1,0 ~,0,,Y,0
2466,http://myneta.info/TamilNadu2026/candidate.php?candidate_id=2466,Bharathi.B,182,MANNARGUDI,32,Puthiya Tamilagam,Yes 5,12th Pass,,,1,0 ~,0,,,,1,"50,300 ~ 50 Thou+",50300,,Y,1
92,http://myneta.info/TamilNadu2026/candidate.php?candidate_id=92,Bharathiselvan.R,182,MANNARGUDI,68,Naam Tamilar Katchi,Yes 19,Post Graduate,,,1,"4,86,25,500 ~ 4 Crore+",48625500,,,,1,0 ~,0,,Y,4
2471,http://myneta.info/TamilNadu2026/candidate.php?candidate_id=2471,Durai Arasan.K,182,MANNARGUDI,65,IND,No,10th Pass,,,1,"59,60,000 ~ 59 Lacs+",5960000,,,,1,"5,74,179 ~ 5 Lacs+",574179,,Y,0
2465,http://myneta.info/TamilNadu2026/candidate.php?candidate_id=2465,Govindaraj.G,182,MANNARGUDI,49,Tamizhaga Vaazhvurimai Katchi,No,5th Pass,,,1,"36,00,000 ~ 36 Lacs+",3600000,,,,1,"12,00,000 ~ 12 Lacs+",1200000,,Y,0
1190,http://myneta.info/TamilNadu2026/candidate.php?candidate_id=1190,Kamaraj. S,182,MANNARGUDI,59,Amma Makkal Munnettra Kazagam,Yes 1,Post Graduate,,,1,"14,58,49,000 ~ 14 Crore+",145849000,,,,1,"24,48,86,718 ~ 24 Crore+",244886718,,Y,1
2470,http://myneta.info/TamilNadu2026/candidate.php?candidate_id=2470,Kamaraj.A,182,MANNARGUDI,60,IND,No,10th Pass,,,1,"20,00,000 ~ 20 Lacs+",2000000,,,,1,0 ~,0,,N,0
2464,http://myneta.info/TamilNadu2026/candidate.php?candidate_id=2464,Kamaraj.S,182,MANNARGUDI,65,BSP,No,5th Pass,,,1,0 ~,0,,,,1,0 ~,0,,Y,0
2474,http://myneta.info/TamilNadu2026/candidate.php?candidate_id=2474,Marimuthu.A.V.M,182,MANNARGUDI,67,IND,Yes 1,5th Pass,,,1,"22,50,000 ~ 22 Lacs+",2250000,,,,1,"1,25,000 ~ 1 Lacs+",125000,,Y,0
836,http://myneta.info/TamilNadu2026/candidate.php?candidate_id=836,Muthuvel.V,182,MANNARGUDI,59,Tamilaga Makkal Nala Katchi,No,10th Pass,,,1,"15,10,000 ~ 15 Lacs+",1510000,,,,1,"25,000 ~ 25 Thou+",25000,,Y,0
2472,http://myneta.info/TamilNadu2026/candidate.php?candidate_id=2472,Namasivayam.N,182,MANNARGUDI,34,IND,No,10th Pass,,,1,0 ~,0,,,,1,"25,000 ~ 25 Thou+",25000,,Y,0
2473,http://myneta.info/TamilNadu2026/candidate.php?candidate_id=2473,Prabhu. S,182,MANNARGUDI,43,IND,No,5th Pass,,,1,0 ~,0,,,,1,0 ~,0,,Y,0
835,http://myneta.info/TamilNadu2026/candidate.php?candidate_id=835,Rajaa.T.R.B,182,MANNARGUDI,49,DMK,No,Doctorate,,,1,"38,58,31,160 ~ 38 Crore+",385831160,,,,1,"15,56,77,577 ~ 15 Crore+",155677577,,Y,0
2468,http://myneta.info/TamilNadu2026/candidate.php?candidate_id=2468,Rajarajan.U,182,MANNARGUDI,41,Tamilaga Vettri Kazhagam,Yes 4,Others,,,1,0 ~,0,,,,1,"9,90,200 ~ 9 Lacs+",990200,,Y,1
2467,http://myneta.info/TamilNadu2026/candidate.php?candidate_id=2467,Rasupillai.S,182,MANNARGUDI,62,All India Puratchi Thalaivar Makkal Munnettra Kazhagam,Yes 1,5th Pass,,,1,"32,96,100 ~ 32 Lacs+",3296100,,,,1,"14,20,000 ~ 14 Lacs+",1420000,,Y,0
172,http://myneta.info/TamilNadu2026/candidate.php?candidate_id=172,Aswini B,183,THIRUVARUR,29,Naam Tamilar Katchi,No,Graduate,,,1,"57,00,000 ~ 57 Lacs+",5700000,,,,1,0 ~,0,,Y,0
1267,http://myneta.info/TamilNadu2026/candidate.php?candidate_id=1267,Chandrasekaran Govi,183,THIRUVARUR,63,BJP,Yes 17,10th Pass,,,1,"3,42,00,000 ~ 3 Crore+",34200000,,,,1,"38,30,000 ~ 38 Lacs+",3830000,,Y,0
731,http://myneta.info/TamilNadu2026/candidate.php?candidate_id=731,Kalaivanan Poondi K,183,THIRUVARUR,61,DMK,Yes 1,12th Pass,,,1,"4,42,90,000 ~ 4 Crore+",44290000,,,,1,"1,96,81,020 ~ 1 Crore+",19681020,,Y,0
2475,http://myneta.info/TamilNadu2026/candidate.php?candidate_id=2475,Kanthan A,183,THIRUVARUR,49,Tamizhaga Vaazhvurimai Katchi,No,Post Graduate,,,1,"20,00,000 ~ 20 Lacs+",2000000,,,,1,"26,00,000 ~ 26 Lacs+",2600000,,Y,0
2477,http://myneta.info/TamilNadu2026/candidate.php?candidate_id=2477,Mutharasan S,183,THIRUVARUR,41,IND,No,5th Pass,,,1,0 ~,0,,,,1,"5,00,000 ~ 5 Lacs+",500000,,Y,0
2478,http://myneta.info/TamilNadu2026/candidate.php?candidate_id=2478,Sahul Hameed M,183,THIRUVARUR,34,IND,No,8th Pass,,,1,0 ~,0,,,,1,"3,00,000 ~ 3 Lacs+",300000,,Y,0
2476,http://myneta.info/TamilNadu2026/candidate.php?candidate_id=2476,Thiyagarajan .M,183,THIRUVARUR,55,Puthiya Tamilagam,No,5th Pass,,,1,"3,00,000 ~ 3 Lacs+",300000,,,,1,0 ~,0,,N,0
1039,http://myneta.info/TamilNadu2026/candidate.php?candidate_id=1039,Veeramani V,183,THIRUVARUR,61,Tamilaga Vettri Kazhagam,Yes 1,Post Graduate,,,1,"54,80,500 ~ 54 Lacs+",5480500,,,,1,"1,13,42,733 ~ 1 Crore+",11342733,,Y,0
2485,http://myneta.info/TamilNadu2026/candidate.php?candidate_id=2485,Bharathimohan. K.S,184,NANNILAM,48,IND,Yes 1,Others,,,1,0 ~,0,,,,1,0 ~,0,,Y,0
1132,http://myneta.info/TamilNadu2026/candidate.php?candidate_id=1132,Kamaraj. R,184,NANNILAM,65,AIADMK,Yes 5,Post Graduate,,,1,"1,33,95,000 ~ 1 Crore+",13395000,,,,1,0 ~,0,,Y,0
1043,http://myneta.info/TamilNadu2026/candidate.php?candidate_id=1043,Mohamed Mubarak,184,NANNILAM,47,DMK,Yes 3,Post Graduate,,,1,"12,50,000 ~ 12 Lacs+",1250000,,,,1,0 ~,0,,Y,1
2486,http://myneta.info/TamilNadu2026/candidate.php?candidate_id=2486,Mohumed Riyas. K,184,NANNILAM,39,IND,No,10th Pass,,,1,0 ~,0,,,,1,"5,43,000 ~ 5 Lacs+",543000,,Y,0
1044,http://myneta.info/TamilNadu2026/candidate.php?candidate_id=1044,Prabhakaran. S,184,NANNILAM,34,Tamilaga Vettri Kazhagam,Yes 1,Others,,,1,0 ~,0,,,,1,"1,49,000 ~ 1 Lacs+",149000,,Y,0
2481,http://myneta.info/TamilNadu2026/candidate.php?candidate_id=2481,Raja. S,184,NANNILAM,45,All India Puratchi Thalaivar Makkal Munnettra Kazhagam,Yes 3,5th Pass,,,1,"28,82,800 ~ 28 Lacs+",2882800,,,,1,"54,10,000 ~ 54 Lacs+",5410000,,Y,0
2488,http://myneta.info/TamilNadu2026/candidate.php?candidate_id=2488,Rajasekar. R,184,NANNILAM,40,IND,No,Post Graduate,,,1,0 ~,0,,,,1,"1,42,587 ~ 1 Lacs+",142587,,Y,0
2487,http://myneta.info/TamilNadu2026/candidate.php?candidate_id=2487,Ravichandran. R,184,NANNILAM,40,IND,No,Graduate Professional,,,1,0 ~,0,,,,1,"1,55,000 ~ 1 Lacs+",155000,,Y,0
2482,http://myneta.info/TamilNadu2026/candidate.php?candidate_id=2482,Sankar. R,184,NANNILAM,53,IND,No,5th Pass,,,1,"17,50,000 ~ 17 Lacs+",1750000,,,,1,"15,78,010 ~ 15 Lacs+",1578010,,Y,0
2483,http://myneta.info/TamilNadu2026/candidate.php?candidate_id=2483,Shanmugaraja. D,184,NANNILAM,25,IND,No,Graduate,,,1,"10,00,000 ~ 10 Lacs+",1000000,,,,1,"1,00,000 ~ 1 Lacs+",100000,,Y,0
2479,http://myneta.info/TamilNadu2026/candidate.php?candidate_id=2479,Sivaraman. T,184,NANNILAM,48,Tamizhaga Vaazhvurimai Katchi,No,12th Pass,,,1,"2,55,000 ~ 2 Lacs+",255000,,,,1,0 ~,0,,Y,0
2484,http://myneta.info/TamilNadu2026/candidate.php?candidate_id=2484,Suresh. V,184,NANNILAM,42,IND,No,8th Pass,,,1,0 ~,0,,,,1,0 ~,0,,Y,0
2480,http://myneta.info/TamilNadu2026/candidate.php?candidate_id=2480,Tamilselvan. M,184,NANNILAM,58,Puthiya Tamilagam,No,5th Pass,,,1,"20,00,000 ~ 20 Lacs+",2000000,,,,1,"1,00,000 ~ 1 Lacs+",100000,,Y,0
105,http://myneta.info/TamilNadu2026/candidate.php?candidate_id=105,Thenmozhi Dilipkumar,184,NANNILAM,48,Naam Tamilar Katchi,No,Post Graduate,,,1,"8,32,64,000 ~ 8 Crore+",83264000,,,,1,0 ~,0,,Y,0
2494,http://myneta.info/TamilNadu2026/candidate.php?candidate_id=2494,A. Patturaj,185,VILATHIKULAM,43,IND,No,10th Pass,,,1,"2,00,000 ~ 2 Lacs+",200000,,,,1,0 ~,0,,Y,0
2495,http://myneta.info/TamilNadu2026/candidate.php?candidate_id=2495,A. Prabahar,185,VILATHIKULAM,33,IND,No,Graduate Professional,,,1,0 ~,0,,,,1,0 ~,0,,Y,0
220,http://myneta.info/TamilNadu2026/candidate.php?candidate_id=220,Balaji Ramachandran,185,VILATHIKULAM,36,Naam Tamilar Katchi,No,Post Graduate,,,1,"13,00,000 ~ 13 Lacs+",1300000,,,,1,"3,29,000 ~ 3 Lacs+",329000,,Y,0
2490,http://myneta.info/TamilNadu2026/candidate.php?candidate_id=2490,C. Ponpandi,185,VILATHIKULAM,39,All India Puratchi Thalaivar Makkal Munnettra Kazhagam,No,10th Pass,,,1,0 ~,0,,,,1,"2,30,000 ~ 2 Lacs+",230000,,Y,0
2497,http://myneta.info/TamilNadu2026/candidate.php?candidate_id=2497,G. Muniyasamy,185,VILATHIKULAM,53,IND,No,8th Pass,,,1,"4,65,000 ~ 4 Lacs+",465000,,,,1,0 ~,0,,Y,0
2492,http://myneta.info/TamilNadu2026/candidate.php?candidate_id=2492,K. Ajay Kumar,185,VILATHIKULAM,26,IND,No,Others,,,1,0 ~,0,,,,1,0 ~,0,,Y,0
2496,http://myneta.info/TamilNadu2026/candidate.php?candidate_id=2496,M. Ponnusamy,185,VILATHIKULAM,59,IND,No,10th Pass,,,1,"9,02,188 ~ 9 Lacs+",902188,,,,1,0 ~,0,,Y,0
1049,http://myneta.info/TamilNadu2026/candidate.php?candidate_id=1049,Markandayan G V,185,VILATHIKULAM,49,DMK,Yes 1,Graduate Professional,,,1,"5,87,02,147 ~ 5 Crore+",58702147,,,,1,"1,38,00,000 ~ 1 Crore+",13800000,,Y,0
2499,http://myneta.info/TamilNadu2026/candidate.php?candidate_id=2499,P. Jeyakumar,185,VILATHIKULAM,50,IND,No,Graduate,,,1,0 ~,0,,,,1,0 ~,0,,Y,0
1048,http://myneta.info/TamilNadu2026/candidate.php?candidate_id=1048,P. Kasiram,185,VILATHIKULAM,44,Tamilaga Vettri Kazhagam,Yes 1,5th Pass,,,1,"50,00,000 ~ 50 Lacs+",5000000,,,,1,"4,97,000 ~ 4 Lacs+",497000,,Y,1
2498,http://myneta.info/TamilNadu2026/candidate.php?candidate_id=2498,P. Rajasekaran,185,VILATHIKULAM,59,IND,No,Post Graduate,,,1,"20,00,000 ~ 20 Lacs+",2000000,,,,1,0 ~,0,,Y,0
2491,http://myneta.info/TamilNadu2026/candidate.php?candidate_id=2491,P.Madasamy,185,VILATHIKULAM,50,Puthiya Tamilagam,No,Literate,,,1,"20,50,000 ~ 20 Lacs+",2050000,,,,1,"1,88,000 ~ 1 Lacs+",188000,,Y,0
2489,http://myneta.info/TamilNadu2026/candidate.php?candidate_id=2489,R. Perumal,185,VILATHIKULAM,53,Naam Indiar Party,No,5th Pass,,,1,"21,00,000 ~ 21 Lacs+",2100000,,,,1,0 ~,0,,Y,0
1050,http://myneta.info/TamilNadu2026/candidate.php?candidate_id=1050,R. Sathya,185,VILATHIKULAM,48,AIADMK,No,Graduate,,,1,"1,71,72,000 ~ 1 Crore+",17172000,,,,1,"98,47,272 ~ 98 Lacs+",9847272,,Y,0
2493,http://myneta.info/TamilNadu2026/candidate.php?candidate_id=2493,V. Ganesan,185,VILATHIKULAM,50,IND,No,10th Pass,,,1,"20,28,000 ~ 20 Lacs+",2028000,,,,1,"2,00,000 ~ 2 Lacs+",200000,,Y,0
1732,http://myneta.info/TamilNadu2026/candidate.php?candidate_id=1732,Babu P.,186,THOOTHUKUDI,56,IND,No,10th Pass,,,1,0 ~,0,,,,1,0 ~,0,,Y,0
1274,http://myneta.info/TamilNadu2026/candidate.php?candidate_id=1274,Chellapandian S.T.,186,THOOTHUKUDI,70,AIADMK,Yes 3,Post Graduate,,,1,"17,91,00,000 ~ 17 Crore+",179100000,,,,1,"3,61,24,707 ~ 3 Crore+",36124707,,Y,0
1731,http://myneta.info/TamilNadu2026/candidate.php?candidate_id=1731,Dhinakaran S.T.R.M.,186,THOOTHUKUDI,46,IND,No,10th Pass,,,1,"20,00,000 ~ 20 Lacs+",2000000,,,,1,"1,40,000 ~ 1 Lacs+",140000,,Y,0
179,http://myneta.info/TamilNadu2026/candidate.php?candidate_id=179,Jacob Devadoss Abisheak R.,186,THOOTHUKUDI,25,Naam Tamilar Katchi,No,Graduate,,,1,"57,52,000 ~ 57 Lacs+",5752000,,,,1,"97,68,319 ~ 97 Lacs+",9768319,,Y,0
1725,http://myneta.info/TamilNadu2026/candidate.php?candidate_id=1725,Kidar Samsdeen N.A.,186,THOOTHUKUDI,56,Tamizhaga Vaazhvurimai Katchi,Yes 3,8th Pass,,,1,"68,80,000 ~ 68 Lacs+",6880000,,,,1,"23,25,000 ~ 23 Lacs+",2325000,,Y,3
1733,http://myneta.info/TamilNadu2026/candidate.php?candidate_id=1733,Maruthu Pandian P.,186,THOOTHUKUDI,36,IND,No,Graduate,,,1,0 ~,0,,,,1,"7,60,000 ~ 7 Lacs+",760000,,Y,0
1734,http://myneta.info/TamilNadu2026/candidate.php?candidate_id=1734,Muneeswara Moorthy S.,186,THOOTHUKUDI,46,IND,No,Graduate Professional,,,1,"12,50,000 ~ 12 Lacs+",1250000,,,,1,0 ~,0,,Y,0
1273,http://myneta.info/TamilNadu2026/candidate.php?candidate_id=1273,P. Geetha Jeevan,186,THOOTHUKUDI,55,DMK,Yes 1,Post Graduate,,,1,"23,70,67,500 ~ 23 Crore+",237067500,,,,1,"8,07,74,765 ~ 8 Crore+",80774765,,Y,0
1728,http://myneta.info/TamilNadu2026/candidate.php?candidate_id=1728,Ponkumaran P.P.M.T,186,THOOTHUKUDI,66,Nam Naadu Nam Makkal Nam Ethirkaalam Katchi,No,Post Graduate,,,1,"1,00,00,000 ~ 1 Crore+",10000000,,,,1,0 ~,0,,Y,0
1727,http://myneta.info/TamilNadu2026/candidate.php?candidate_id=1727,Prasanna Kumar M.,186,THOOTHUKUDI,34,Makkal Nalvaazhvuk Katchi,Yes 3,10th Pass,,,1,0 ~,0,,,,1,"40,865 ~ 40 Thou+",40865,,Y,5
1726,http://myneta.info/TamilNadu2026/candidate.php?candidate_id=1726,Sahayam T.,186,THOOTHUKUDI,58,CPI(ML)(L),No,10th Pass,,,1,"23,00,000 ~ 23 Lacs+",2300000,,,,1,"2,90,000 ~ 2 Lacs+",290000,,Y,0
1730,http://myneta.info/TamilNadu2026/candidate.php?candidate_id=1730,Samuel J.,186,THOOTHUKUDI,51,IND,No,10th Pass,,,1,"5,00,000 ~ 5 Lacs+",500000,,,,1,0 ~,0,,N,0
1729,http://myneta.info/TamilNadu2026/candidate.php?candidate_id=1729,Srikanth M.V.,186,THOOTHUKUDI,56,Naam Indiar Party,No,Graduate,,,1,"50,00,000 ~ 50 Lacs+",5000000,,,,1,"26,84,000 ~ 26 Lacs+",2684000,,Y,0
763,http://myneta.info/TamilNadu2026/candidate.php?candidate_id=763,Srinath,186,THOOTHUKUDI,52,Tamilaga Vettri Kazhagam,No,12th Pass,,,1,"1,78,00,000 ~ 1 Crore+",17800000,,,,1,"56,42,923 ~ 56 Lacs+",5642923,,Y,0
1724,http://myneta.info/TamilNadu2026/candidate.php?candidate_id=1724,Yesadurai S.,186,THOOTHUKUDI,64,All India Puratchi Thalaivar Makkal Munnettra Kazhagam,Yes 2,5th Pass,,,1,0 ~,0,,,,1,"3,65,000 ~ 3 Lacs+",365000,,Y,0
182,http://myneta.info/TamilNadu2026/candidate.php?candidate_id=182,Anitha R. Radhakrishnan,187,TIRUCHENDUR,73,DMK,Yes 3,10th Pass,,,1,"3,45,43,328 ~ 3 Crore+",34543328,,,,1,"18,50,000 ~ 18 Lacs+",1850000,,Y,1
2168,http://myneta.info/TamilNadu2026/candidate.php?candidate_id=2168,Gopalakrishnan,187,TIRUCHENDUR,35,All India Puratchi Thalaivar Makkal Munnettra Kazhagam,No,10th Pass,,,1,0 ~,0,,,,1,"70,919 ~ 70 Thou+",70919,,Y,0
1279,http://myneta.info/TamilNadu2026/candidate.php?candidate_id=1279,K R M. Radhakrishnan,187,TIRUCHENDUR,44,BJP,Yes 3,Graduate,,,1,"6,45,03,300 ~ 6 Crore+",64503300,,,,1,0 ~,0,,Y,7
2170,http://myneta.info/TamilNadu2026/candidate.php?candidate_id=2170,Maharajan. M,187,TIRUCHENDUR,37,Puthiya Makkal Tamil Desam Katchi,Yes 10,8th Pass,,,1,"5,00,000 ~ 5 Lacs+",500000,,,,1,"12,43,000 ~ 12 Lacs+",1243000,,Y,3
2173,http://myneta.info/TamilNadu2026/candidate.php?candidate_id=2173,Meera Sahib,187,TIRUCHENDUR,42,IND,No,Post Graduate,,,1,"15,00,000 ~ 15 Lacs+",1500000,,,,1,"1,32,000 ~ 1 Lacs+",132000,,Y,0
184,http://myneta.info/TamilNadu2026/candidate.php?candidate_id=184,"Murugan, J.",187,TIRUCHENDUR,54,Tamilaga Vettri Kazhagam,Yes 1,Graduate Professional,,,1,"5,13,65,216 ~ 5 Crore+",51365216,,,,1,"1,50,88,323 ~ 1 Crore+",15088323,,Y,0
183,http://myneta.info/TamilNadu2026/candidate.php?candidate_id=183,Ophiliya,187,TIRUCHENDUR,33,Naam Tamilar Katchi,No,Graduate,,,1,"48,50,000 ~ 48 Lacs+",4850000,,,,1,"62,95,013 ~ 62 Lacs+",6295013,,Y,0
2169,http://myneta.info/TamilNadu2026/candidate.php?candidate_id=2169,Packia Sam. T,187,TIRUCHENDUR,47,Naam Indiar Party,No,Post Graduate,,,1,0 ~,0,,,,1,"70,000 ~ 70 Thou+",70000,,Y,0
2174,http://myneta.info/TamilNadu2026/candidate.php?candidate_id=2174,Rajalingam. M,187,TIRUCHENDUR,50,IND,No,5th Pass,,,1,"2,00,000 ~ 2 Lacs+",200000,,,,1,"56,000 ~ 56 Thou+",56000,,Y,0
2171,http://myneta.info/TamilNadu2026/candidate.php?candidate_id=2171,Rasik Mussammil. K,187,TIRUCHENDUR,49,Tamizhaga Vaazhvurimai Katchi,No,10th Pass,,,1,"2,00,000 ~ 2 Lacs+",200000,,,,1,"3,30,000 ~ 3 Lacs+",330000,,Y,0
2172,http://myneta.info/TamilNadu2026/candidate.php?candidate_id=2172,Shaik Abdul Kader. P.S.J,187,TIRUCHENDUR,56,IND,No,Graduate,,,1,"13,00,000 ~ 13 Lacs+",1300000,,,,1,"4,35,000 ~ 4 Lacs+",435000,,Y,0
2175,http://myneta.info/TamilNadu2026/candidate.php?candidate_id=2175,Veerappa. T,187,TIRUCHENDUR,67,IND,No,5th Pass,,,1,0 ~,0,,,,1,0 ~,0,,Y,0
2176,http://myneta.info/TamilNadu2026/candidate.php?candidate_id=2176,Venkatesh Perumal. S,187,TIRUCHENDUR,50,IND,No,Post Graduate,,,1,"20,00,000 ~ 20 Lacs+",2000000,,,,1,"37,00,000 ~ 37 Lacs+",3700000,,Y,0
1691,http://myneta.info/TamilNadu2026/candidate.php?candidate_id=1691,Arunachalam. C,188,SRIVAIKUNTAM,31,IND,No,Graduate,,,1,"12,00,000 ~ 12 Lacs+",1200000,,,,1,"16,29,617 ~ 16 Lacs+",1629617,,Y,0
1687,http://myneta.info/TamilNadu2026/candidate.php?candidate_id=1687,Bharath. M,188,SRIVAIKUNTAM,37,Naam Indiar Party,No,5th Pass,,,1,"4,00,000 ~ 4 Lacs+",400000,,,,1,0 ~,0,,Y,0
1692,http://myneta.info/TamilNadu2026/candidate.php?candidate_id=1692,Bishop Dr Godfrey Noble,188,SRIVAIKUNTAM,52,IND,Yes 6,Others,,,1,"16,30,00,000 ~ 16 Crore+",163000000,,,,1,"15,00,000 ~ 15 Lacs+",1500000,,Y,5
1686,http://myneta.info/TamilNadu2026/candidate.php?candidate_id=1686,Mundasamy. K,188,SRIVAIKUNTAM,63,Vishwa Tamil Kazhagam,No,Graduate,,,1,"15,00,000 ~ 15 Lacs+",1500000,,,,1,"10,00,000 ~ 10 Lacs+",1000000,,Y,0
1693,http://myneta.info/TamilNadu2026/candidate.php?candidate_id=1693,Murugan. S,188,SRIVAIKUNTAM,54,IND,No,Post Graduate,,,1,0 ~,0,,,,1,"3,58,000 ~ 3 Lacs+",358000,,Y,0
1688,http://myneta.info/TamilNadu2026/candidate.php?candidate_id=1688,Muthuramalingam. S,188,SRIVAIKUNTAM,49,All India Forward Bloc,Yes 2,8th Pass,,,1,"6,00,000 ~ 6 Lacs+",600000,,,,1,0 ~,0,,Y,2
1250,http://myneta.info/TamilNadu2026/candidate.php?candidate_id=1250,Oorvasi Amirtharaj. S,188,SRIVAIKUNTAM,42,INC,No,Post Graduate,,,1,"66,50,93,162 ~ 66 Crore+",665093162,,,,1,"5,81,89,845 ~ 5 Crore+",58189845,,Y,0
1689,http://myneta.info/TamilNadu2026/candidate.php?candidate_id=1689,Rajasuthan. N,188,SRIVAIKUNTAM,48,Puthiya Tamilagam,Yes 1,12th Pass,,,1,"60,00,000 ~ 60 Lacs+",6000000,,,,1,"41,38,000 ~ 41 Lacs+",4138000,,Y,0
1251,http://myneta.info/TamilNadu2026/candidate.php?candidate_id=1251,Saravanan. G,188,SRIVAIKUNTAM,35,Tamilaga Vettri Kazhagam,Yes 1,5th Pass,,,1,"61,00,000 ~ 61 Lacs+",6100000,,,,1,"74,21,326 ~ 74 Lacs+",7421326,,Y,0
1249,http://myneta.info/TamilNadu2026/candidate.php?candidate_id=1249,Shanmuganathan. S. P,188,SRIVAIKUNTAM,71,AIADMK,Yes 1,10th Pass,,,1,"1,65,04,650 ~ 1 Crore+",16504650,,,,1,0 ~,0,,Y,0
157,http://myneta.info/TamilNadu2026/candidate.php?candidate_id=157,Shunmugasundaram. S,188,SRIVAIKUNTAM,29,Naam Tamilar Katchi,No,Others,,,1,0 ~,0,,,,1,"1,30,232 ~ 1 Lacs+",130232,,Y,0
1685,http://myneta.info/TamilNadu2026/candidate.php?candidate_id=1685,Subramanian. M,188,SRIVAIKUNTAM,42,Puthiya Makkal Tamil Desam Katchi,No,5th Pass,,,1,0 ~,0,,,,1,"17,40,000 ~ 17 Lacs+",1740000,,Y,0
1684,http://myneta.info/TamilNadu2026/candidate.php?candidate_id=1684,Sudalaimani. A,188,SRIVAIKUNTAM,37,Nam Naadu Nam Makkal Nam Ethirkaalam Katchi,No,Graduate Professional,,,1,"5,00,000 ~ 5 Lacs+",500000,,,,1,"4,55,648 ~ 4 Lacs+",455648,,Y,0
1694,http://myneta.info/TamilNadu2026/candidate.php?candidate_id=1694,Vasanth Fernando. T,188,SRIVAIKUNTAM,38,IND,No,8th Pass,,,1,0 ~,0,,,,1,0 ~,0,,Y,0
1690,http://myneta.info/TamilNadu2026/candidate.php?candidate_id=1690,Viyanarasu. A,188,SRIVAIKUNTAM,66,Tamizhaga Vaazhvurimai Katchi,Yes 1,5th Pass,,,1,"13,00,000 ~ 13 Lacs+",1300000,,,,1,"3,00,000 ~ 3 Lacs+",300000,,Y,0
3208,http://myneta.info/TamilNadu2026/candidate.php?candidate_id=3208,C .Selvakumar,189,OTTAPIDARAM (SC),39,Tamizhaga Vaazhvurimai Katchi,No,8th Pass,,,1,"10,00,000 ~ 10 Lacs+",1000000,,,,1,"7,75,000 ~ 7 Lacs+",775000,,Y,0
412,http://myneta.info/TamilNadu2026/candidate.php?candidate_id=412,C. Aruna Devi,189,OTTAPIDARAM (SC),40,Nam Naadu Nam Makkal Nam Ethirkaalam Katchi,No,Graduate Professional,,,1,"52,00,000 ~ 52 Lacs+",5200000,,,,1,"25,03,436 ~ 25 Lacs+",2503436,,Y,0
3211,http://myneta.info/TamilNadu2026/candidate.php?candidate_id=3211,G .Murugan,189,OTTAPIDARAM (SC),59,IND,No,12th Pass,,,1,"27,00,000 ~ 27 Lacs+",2700000,,,,1,"19,52,000 ~ 19 Lacs+",1952000,,Y,0
3212,http://myneta.info/TamilNadu2026/candidate.php?candidate_id=3212,M .Lakshmanan,189,OTTAPIDARAM (SC),41,IND,No,Post Graduate,,,1,0 ~,0,,,,1,"10,00,000 ~ 10 Lacs+",1000000,,Y,0
410,http://myneta.info/TamilNadu2026/candidate.php?candidate_id=410,M. Ananth,189,OTTAPIDARAM (SC),35,IND,No,Others,,,1,"20,00,000 ~ 20 Lacs+",2000000,,,,1,"12,80,000 ~ 12 Lacs+",1280000,,Y,0
112,http://myneta.info/TamilNadu2026/candidate.php?candidate_id=112,M. Anusiya,189,OTTAPIDARAM (SC),31,Naam Tamilar Katchi,No,Post Graduate,,,1,"1,00,000 ~ 1 Lacs+",100000,,,,1,0 ~,0,,Y,0
3209,http://myneta.info/TamilNadu2026/candidate.php?candidate_id=3209,P .Mathanraja,189,OTTAPIDARAM (SC),41,Tamilaga Vettri Kazhagam,No,Graduate Professional,,,1,"1,24,90,100 ~ 1 Crore+",12490100,,,,1,"85,03,203 ~ 85 Lacs+",8503203,,Y,0
1047,http://myneta.info/TamilNadu2026/candidate.php?candidate_id=1047,P.M.Ramajeyam,189,OTTAPIDARAM (SC),43,DMK,No,Graduate,,,1,"96,60,000 ~ 96 Lacs+",9660000,,,,1,"26,23,762 ~ 26 Lacs+",2623762,,Y,0
1046,http://myneta.info/TamilNadu2026/candidate.php?candidate_id=1046,R Sundararaj,189,OTTAPIDARAM (SC),59,Amma Makkal Munnettra Kazagam,Yes 1,Others,,,1,"3,71,70,760 ~ 3 Crore+",37170760,,,,1,"2,38,71,098 ~ 2 Crore+",23871098,,Y,0
3210,http://myneta.info/TamilNadu2026/candidate.php?candidate_id=3210,S .Muthuselvam,189,OTTAPIDARAM (SC),26,IND,No,8th Pass,,,1,0 ~,0,,,,1,0 ~,0,,Y,0
3207,http://myneta.info/TamilNadu2026/candidate.php?candidate_id=3207,Subbulakshmi. S,189,OTTAPIDARAM (SC),46,Naam Indiar Party,No,12th Pass,,,1,0 ~,0,,,,1,0 ~,0,,Y,0
411,http://myneta.info/TamilNadu2026/candidate.php?candidate_id=411,Vedaprakash. A,189,OTTAPIDARAM (SC),67,IND,No,Graduate,,,1,"1,20,00,000 ~ 1 Crore+",12000000,,,,1,"1,50,000 ~ 1 Lacs+",150000,,Y,0
811,http://myneta.info/TamilNadu2026/candidate.php?candidate_id=811,Arumugavel.T,190,KOVILPATTI,38,Naam Indiar Party,No,5th Pass,,,1,"28,50,000 ~ 28 Lacs+",2850000,,,,1,"37,00,000 ~ 37 Lacs+",3700000,,Y,0
3579,http://myneta.info/TamilNadu2026/candidate.php?candidate_id=3579,Athikumar Kudumbar.B,190,KOVILPATTI,49,IND,No,10th Pass,,,1,"20,00,000 ~ 20 Lacs+",2000000,,,,1,0 ~,0,,Y,0
3578,http://myneta.info/TamilNadu2026/candidate.php?candidate_id=3578,Balasubramanian.S,190,KOVILPATTI,41,Tamilaga Vettri Kazhagam,No,Others,,,1,"2,09,21,000 ~ 2 Crore+",20921000,,,,1,"75,14,000 ~ 75 Lacs+",7514000,,Y,0
3582,http://myneta.info/TamilNadu2026/candidate.php?candidate_id=3582,Chinna Maharaja.K,190,KOVILPATTI,40,IND,Yes 1,Literate,,,1,"50,00,000 ~ 50 Lacs+",5000000,,,,1,"27,35,410 ~ 27 Lacs+",2735410,,Y,1
3580,http://myneta.info/TamilNadu2026/candidate.php?candidate_id=3580,Gunasekaran.P,190,KOVILPATTI,64,IND,No,Illiterate,,,1,0 ~,0,,,,1,0 ~,0,,N,0
3581,http://myneta.info/TamilNadu2026/candidate.php?candidate_id=3581,Gurusamy.K,190,KOVILPATTI,50,IND,No,Graduate,,,1,0 ~,0,,,,1,0 ~,0,,Y,0
809,http://myneta.info/TamilNadu2026/candidate.php?candidate_id=809,Hari Balakrishnan.G,190,KOVILPATTI,28,Puthiya Makkal Tamil Desam Katchi,No,8th Pass,,,1,0 ~,0,,,,1,0 ~,0,,Y,0
734,http://myneta.info/TamilNadu2026/candidate.php?candidate_id=734,Kadambur Raju.C,190,KOVILPATTI,66,AIADMK,Yes 1,Others,,,1,"2,68,15,000 ~ 2 Crore+",26815000,,,,1,"1,81,28,207 ~ 1 Crore+",18128207,,Y,0
3577,http://myneta.info/TamilNadu2026/candidate.php?candidate_id=3577,Kannan.S,190,KOVILPATTI,48,All India Puratchi Thalaivar Makkal Munnettra Kazhagam,No,10th Pass,,,1,"4,53,50,000 ~ 4 Crore+",45350000,,,,1,"5,00,000 ~ 5 Lacs+",500000,,Y,0
1178,http://myneta.info/TamilNadu2026/candidate.php?candidate_id=1178,Karunanithi.K,190,KOVILPATTI,51,DMK,Yes 2,8th Pass,,,1,"77,26,620 ~ 77 Lacs+",7726620,,,,1,"16,11,383 ~ 16 Lacs+",1611383,,Y,0
3589,http://myneta.info/TamilNadu2026/candidate.php?candidate_id=3589,Muneeswaran.R,190,KOVILPATTI,27,IND,No,10th Pass,,,1,0 ~,0,,,,1,"1,47,207 ~ 1 Lacs+",147207,,Y,0
71,http://myneta.info/TamilNadu2026/candidate.php?candidate_id=71,Pandi.P,190,KOVILPATTI,35,Naam Tamilar Katchi,No,Graduate Professional,,,1,"21,50,000 ~ 21 Lacs+",2150000,,,,1,"11,00,000 ~ 11 Lacs+",1100000,,Y,0
3586,http://myneta.info/TamilNadu2026/candidate.php?candidate_id=3586,Pandimuneeswari.K,190,KOVILPATTI,38,IND,No,12th Pass,,,1,"6,00,000 ~ 6 Lacs+",600000,,,,1,0 ~,0,,Y,0
3584,http://myneta.info/TamilNadu2026/candidate.php?candidate_id=3584,Paramasivan.S,190,KOVILPATTI,64,IND,Yes 1,Post Graduate,,,1,"80,00,000 ~ 80 Lacs+",8000000,,,,1,0 ~,0,,Y,2
3588,http://myneta.info/TamilNadu2026/candidate.php?candidate_id=3588,Ponnusamy.M,190,KOVILPATTI,59,IND,No,10th Pass,,,1,"9,02,188 ~ 9 Lacs+",902188,,,,1,0 ~,0,,Y,0
3585,http://myneta.info/TamilNadu2026/candidate.php?candidate_id=3585,Poundurai.K,190,KOVILPATTI,31,IND,No,Graduate,,,1,"10,00,000 ~ 10 Lacs+",1000000,,,,1,"20,190 ~ 20 Thou+",20190,,Y,0
3587,http://myneta.info/TamilNadu2026/candidate.php?candidate_id=3587,Premkumar.K,190,KOVILPATTI,55,IND,Yes 1,Post Graduate,,,1,"2,05,00,000 ~ 2 Crore+",20500000,,,,1,0 ~,0,,Y,0
808,http://myneta.info/TamilNadu2026/candidate.php?candidate_id=808,Ramachandran.R,190,KOVILPATTI,65,BSP,No,8th Pass,,,1,"22,00,000 ~ 22 Lacs+",2200000,,,,1,"8,02,000 ~ 8 Lacs+",802000,,Y,0
3590,http://myneta.info/TamilNadu2026/candidate.php?candidate_id=3590,Renganayagalu.S,190,KOVILPATTI,47,IND,No,Graduate Professional,,,1,"2,00,000 ~ 2 Lacs+",200000,,,,1,0 ~,0,,N,0
810,http://myneta.info/TamilNadu2026/candidate.php?candidate_id=810,Saravanan.S,190,KOVILPATTI,38,Thamizh Perarasu Katchi,Yes 1,Post Graduate,,,1,"1,50,00,000 ~ 1 Crore+",15000000,,,,1,"8,85,000 ~ 8 Lacs+",885000,,Y,0
3583,http://myneta.info/TamilNadu2026/candidate.php?candidate_id=3583,Sekar.C,190,KOVILPATTI,53,IND,Yes 7,10th Pass,,,1,"2,19,053 ~ 2 Lacs+",219053,,,,1,"8,25,000 ~ 8 Lacs+",825000,,Y,1
1601,http://myneta.info/TamilNadu2026/candidate.php?candidate_id=1601,A. Raman,191,MANAPPARAI,56,IND,No,10th Pass,,,1,"5,00,000 ~ 5 Lacs+",500000,,,,1,0 ~,0,,Y,0
1607,http://myneta.info/TamilNadu2026/candidate.php?candidate_id=1607,A. Senthil Kumar,191,MANAPPARAI,41,IND,No,10th Pass,,,1,0 ~,0,,,,1,0 ~,0,,Y,0
1598,http://myneta.info/TamilNadu2026/candidate.php?candidate_id=1598,Arockiaraj .A,191,MANAPPARAI,47,Samaniya Makkal Nala Katchi,No,8th Pass,,,1,"43,00,000 ~ 43 Lacs+",4300000,,,,1,0 ~,0,,Y,0
1352,http://myneta.info/TamilNadu2026/candidate.php?candidate_id=1352,Dr. Pl. Vijayakumar,191,MANAPPARAI,48,AIADMK,Yes 1,Post Graduate,,,1,"9,60,00,000 ~ 9 Crore+",96000000,,,,1,"35,19,753 ~ 35 Lacs+",3519753,,Y,0
1602,http://myneta.info/TamilNadu2026/candidate.php?candidate_id=1602,Kathiravan .M,191,MANAPPARAI,29,IND,No,Others,,,1,0 ~,0,,,,1,0 ~,0,,Y,0
1604,http://myneta.info/TamilNadu2026/candidate.php?candidate_id=1604,Kuttaian,191,MANAPPARAI,61,IND,No,Illiterate,,,1,0 ~,0,,,,1,0 ~,0,,N,0
91,http://myneta.info/TamilNadu2026/candidate.php?candidate_id=91,M. Arunagiri,191,MANAPPARAI,36,Naam Tamilar Katchi,Yes 2,Post Graduate,,,1,0 ~,0,,,,1,"1,77,660 ~ 1 Lacs+",177660,,Y,0
1603,http://myneta.info/TamilNadu2026/candidate.php?candidate_id=1603,M. Karuppan,191,MANAPPARAI,31,IND,No,10th Pass,,,1,"2,50,000 ~ 2 Lacs+",250000,,,,1,0 ~,0,,Y,0
1611,http://myneta.info/TamilNadu2026/candidate.php?candidate_id=1611,M. Vijaya Kumar,191,MANAPPARAI,63,IND,No,10th Pass,,,1,0 ~,0,,,,1,0 ~,0,,Y,0
828,http://myneta.info/TamilNadu2026/candidate.php?candidate_id=828,P. Abdul Samed,191,MANAPPARAI,57,DMK,Yes 21,10th Pass,,,1,0 ~,0,,,,1,0 ~,0,,Y,1
1606,http://myneta.info/TamilNadu2026/candidate.php?candidate_id=1606,P. Chinnan,191,MANAPPARAI,51,IND,No,5th Pass,,,1,"44,00,000 ~ 44 Lacs+",4400000,,,,1,"39,50,000 ~ 39 Lacs+",3950000,,Y,0
1599,http://myneta.info/TamilNadu2026/candidate.php?candidate_id=1599,P. Meena,191,MANAPPARAI,35,Puthiya Tamilagam,No,8th Pass,,,1,"29,00,000 ~ 29 Lacs+",2900000,,,,1,"13,00,000 ~ 13 Lacs+",1300000,,Y,0
1610,http://myneta.info/TamilNadu2026/candidate.php?candidate_id=1610,P. Vijayakumar,191,MANAPPARAI,42,IND,No,10th Pass,,,1,0 ~,0,,,,1,0 ~,0,,Y,0
1608,http://myneta.info/TamilNadu2026/candidate.php?candidate_id=1608,Periyakka,191,MANAPPARAI,53,IND,No,5th Pass,,,1,0 ~,0,,,,1,0 ~,0,,Y,0
829,http://myneta.info/TamilNadu2026/candidate.php?candidate_id=829,R. Kathiravan,191,MANAPPARAI,33,Tamilaga Vettri Kazhagam,Yes 4,Graduate Professional,,,1,"16,98,772 ~ 16 Lacs+",1698772,,,,1,"76,77,972 ~ 76 Lacs+",7677972,,Y,0
1600,http://myneta.info/TamilNadu2026/candidate.php?candidate_id=1600,Rajavarman .R,191,MANAPPARAI,39,Tamizhaga Vaazhvurimai Katchi,No,10th Pass,,,1,0 ~,0,,,,1,"50,000 ~ 50 Thou+",50000,,Y,0
1609,http://myneta.info/TamilNadu2026/candidate.php?candidate_id=1609,Rajesh .M,191,MANAPPARAI,27,IND,No,Graduate Professional,,,1,0 ~,0,,,,1,0 ~,0,,Y,0
1605,http://myneta.info/TamilNadu2026/candidate.php?candidate_id=1605,Sarphudin,191,MANAPPARAI,67,IND,No,Literate,,,1,0 ~,0,,,,1,0 ~,0,,Y,0
2501,http://myneta.info/TamilNadu2026/candidate.php?candidate_id=2501,Allimuthu.M,192,SRIRANGAM,60,BSP,No,10th Pass,,,1,"22,00,000 ~ 22 Lacs+",2200000,,,,1,0 ~,0,,Y,0
2507,http://myneta.info/TamilNadu2026/candidate.php?candidate_id=2507,Anbarasan.M,192,SRIRANGAM,55,IND,No,Post Graduate,,,1,"85,00,000 ~ 85 Lacs+",8500000,,,,1,"14,73,000 ~ 14 Lacs+",1473000,,Y,0
156,http://myneta.info/TamilNadu2026/candidate.php?candidate_id=156,Dharmaraj. M,192,SRIRANGAM,25,Naam Tamilar Katchi,No,Post Graduate,,,1,"6,60,000 ~ 6 Lacs+",660000,,,,1,"6,45,951 ~ 6 Lacs+",645951,,Y,0
2503,http://myneta.info/TamilNadu2026/candidate.php?candidate_id=2503,K. Sakthivel,192,SRIRANGAM,47,Anna Puratchi Thalaivar Amma Dravida Munnetra Kazhagam,No,10th Pass,,,1,0 ~,0,,,,1,0 ~,0,,Y,0
2500,http://myneta.info/TamilNadu2026/candidate.php?candidate_id=2500,Kamaraj.K,192,SRIRANGAM,59,Samaniya Makkal Nala Katchi,Yes 1,10th Pass,,,1,0 ~,0,,,,1,0 ~,0,,Y,0
2508,http://myneta.info/TamilNadu2026/candidate.php?candidate_id=2508,Karthick.S,192,SRIRANGAM,31,IND,No,Others,,,1,0 ~,0,,,,1,0 ~,0,,Y,0
2509,http://myneta.info/TamilNadu2026/candidate.php?candidate_id=2509,Krishnakumar.A,192,SRIRANGAM,33,IND,No,Others,,,1,0 ~,0,,,,1,0 ~,0,,Y,0
2502,http://myneta.info/TamilNadu2026/candidate.php?candidate_id=2502,Kumar. P,192,SRIRANGAM,48,Akila Inthiya Makkal Marumalarchi Kazhakam,Yes 1,Post Graduate,,,1,"2,82,000 ~ 2 Lacs+",282000,,,,1,0 ~,0,,Y,0
2513,http://myneta.info/TamilNadu2026/candidate.php?candidate_id=2513,Mohamed Musthafa. M,192,SRIRANGAM,51,IND,No,Literate,,,1,0 ~,0,,,,1,0 ~,0,,Y,0
2505,http://myneta.info/TamilNadu2026/candidate.php?candidate_id=2505,Murali .N,192,SRIRANGAM,43,Tamizhaga Vaazhvurimai Katchi,No,8th Pass,,,1,"6,00,000 ~ 6 Lacs+",600000,,,,1,0 ~,0,,Y,0
2514,http://myneta.info/TamilNadu2026/candidate.php?candidate_id=2514,Muthukumar.P,192,SRIRANGAM,50,IND,No,Graduate,,,1,0 ~,0,,,,1,"1,00,000 ~ 1 Lacs+",100000,,Y,0
2504,http://myneta.info/TamilNadu2026/candidate.php?candidate_id=2504,Newton.A,192,SRIRANGAM,36,Puthiya Tamilagam,No,Graduate Professional,,,1,0 ~,0,,,,1,"10,00,000 ~ 10 Lacs+",1000000,,Y,0
2512,http://myneta.info/TamilNadu2026/candidate.php?candidate_id=2512,Paramasivam,192,SRIRANGAM,55,IND,No,5th Pass,,,1,0 ~,0,,,,1,"4,00,000 ~ 4 Lacs+",400000,,Y,0
1055,http://myneta.info/TamilNadu2026/candidate.php?candidate_id=1055,R.Manoharan,192,SRIRANGAM,70,AIADMK,Yes 1,Graduate,,,1,"7,61,15,000 ~ 7 Crore+",76115000,,,,1,"1,07,50,306 ~ 1 Crore+",10750306,,Y,0
1054,http://myneta.info/TamilNadu2026/candidate.php?candidate_id=1054,Ramesh,192,SRIRANGAM,31,Tamilaga Vettri Kazhagam,No,Graduate Professional,,,1,0 ~,0,,,,1,"13,63,000 ~ 13 Lacs+",1363000,,Y,0
2515,http://myneta.info/TamilNadu2026/candidate.php?candidate_id=2515,Ramesh.R,192,SRIRANGAM,46,IND,No,10th Pass,,,1,0 ~,0,,,,1,0 ~,0,,Y,0
2516,http://myneta.info/TamilNadu2026/candidate.php?candidate_id=2516,Ravichandiran.N,192,SRIRANGAM,60,IND,No,8th Pass,,,1,"50,00,000 ~ 50 Lacs+",5000000,,,,1,0 ~,0,,Y,0
2511,http://myneta.info/TamilNadu2026/candidate.php?candidate_id=2511,S. Durairaj,192,SRIRANGAM,45,IND,No,Graduate,,,1,0 ~,0,,,,1,0 ~,0,,Y,0
1337,http://myneta.info/TamilNadu2026/candidate.php?candidate_id=1337,S. Durairaj,192,SRIRANGAM,49,DMK,Yes 2,Post Graduate,,,1,"67,26,132 ~ 67 Lacs+",6726132,,,,1,"1,50,000 ~ 1 Lacs+",150000,,Y,3
2510,http://myneta.info/TamilNadu2026/candidate.php?candidate_id=2510,Shashi Kiran .K .N,192,SRIRANGAM,32,IND,No,Post Graduate,,,1,0 ~,0,,,,1,"5,09,592 ~ 5 Lacs+",509592,,Y,0
2506,http://myneta.info/TamilNadu2026/candidate.php?candidate_id=2506,Vijay .A,192,SRIRANGAM,43,All India Puratchi Thalaivar Makkal Munnettra Kazhagam,No,Graduate,,,1,"6,12,000 ~ 6 Lacs+",612000,,,,1,"10,50,000 ~ 10 Lacs+",1050000,,Y,0
2525,http://myneta.info/TamilNadu2026/candidate.php?candidate_id=2525,A.Vasudevan,193,TIRUCHIRAPPALLI (WEST),62,IND,No,Post Graduate,,,1,0 ~,0,,,,1,0 ~,0,,Y,0
2519,http://myneta.info/TamilNadu2026/candidate.php?candidate_id=2519,A.Veeramani,193,TIRUCHIRAPPALLI (WEST),69,Samaniya Makkal Nala Katchi,No,10th Pass,,,1,0 ~,0,,,,1,0 ~,0,,Y,0
2517,http://myneta.info/TamilNadu2026/candidate.php?candidate_id=2517,Chinnaiyan Poosari,193,TIRUCHIRAPPALLI (WEST),41,BSP,No,8th Pass,,,1,0 ~,0,,,,1,0 ~,0,,Y,0
1061,http://myneta.info/TamilNadu2026/candidate.php?candidate_id=1061,G.Ramamoorthi,193,TIRUCHIRAPPALLI (WEST),70,Tamilaga Vettri Kazhagam,No,Graduate,,,1,"1,25,00,000 ~ 1 Crore+",12500000,,,,1,0 ~,0,,Y,0
2526,http://myneta.info/TamilNadu2026/candidate.php?candidate_id=2526,Jeevanantham.M,193,TIRUCHIRAPPALLI (WEST),49,IND,No,Post Graduate,,,1,"53,05,000 ~ 53 Lacs+",5305000,,,,1,0 ~,0,,Y,0
188,http://myneta.info/TamilNadu2026/candidate.php?candidate_id=188,K.Bhuvaneswari,193,TIRUCHIRAPPALLI (WEST),40,Naam Tamilar Katchi,No,Graduate,,,1,"1,00,000 ~ 1 Lacs+",100000,,,,1,"3,15,000 ~ 3 Lacs+",315000,,Y,0
189,http://myneta.info/TamilNadu2026/candidate.php?candidate_id=189,K.N.Nehru,193,TIRUCHIRAPPALLI (WEST),73,DMK,No,12th Pass,,,1,"2,67,57,000 ~ 2 Crore+",26757000,,,,1,0 ~,0,,Y,0
2521,http://myneta.info/TamilNadu2026/candidate.php?candidate_id=2521,M.Chandrasekaran,193,TIRUCHIRAPPALLI (WEST),66,IND,No,Graduate,,,1,0 ~,0,,,,1,"5,00,000 ~ 5 Lacs+",500000,,Y,0
2520,http://myneta.info/TamilNadu2026/candidate.php?candidate_id=2520,M.Kalaimani,193,TIRUCHIRAPPALLI (WEST),46,IND,No,10th Pass,,,1,0 ~,0,,,,1,0 ~,0,,Y,0
1062,http://myneta.info/TamilNadu2026/candidate.php?candidate_id=1062,M.Rajasekaran,193,TIRUCHIRAPPALLI (WEST),66,Amma Makkal Munnettra Kazagam,No,Post Graduate,,,1,"4,45,00,000 ~ 4 Crore+",44500000,,,,1,"2,66,75,000 ~ 2 Crore+",26675000,,Y,0
2524,http://myneta.info/TamilNadu2026/candidate.php?candidate_id=2524,P.Rajendran,193,TIRUCHIRAPPALLI (WEST),70,IND,No,10th Pass,,,1,0 ~,0,,,,1,0 ~,0,,Y,0
2518,http://myneta.info/TamilNadu2026/candidate.php?candidate_id=2518,R.Prabu,193,TIRUCHIRAPPALLI (WEST),46,Tamizhaga Vaazhvurimai Katchi,Yes 8,Post Graduate,,,1,"2,47,95,000 ~ 2 Crore+",24795000,,,,1,"98,00,000 ~ 98 Lacs+",9800000,,Y,4
2522,http://myneta.info/TamilNadu2026/candidate.php?candidate_id=2522,Sampath,193,TIRUCHIRAPPALLI (WEST),59,IND,No,10th Pass,,,1,0 ~,0,,,,1,"2,87,937 ~ 2 Lacs+",287937,,Y,0
2523,http://myneta.info/TamilNadu2026/candidate.php?candidate_id=2523,Sundarapandiyaraja,193,TIRUCHIRAPPALLI (WEST),36,IND,No,Post Graduate,,,1,0 ~,0,,,,1,0 ~,0,,Y,0
2178,http://myneta.info/TamilNadu2026/candidate.php?candidate_id=2178,Anand Selvaraj,194,TIRUCHIRAPPALLI (EAST),37,National Maha Sabha Party,No,Post Graduate,,,1,0 ~,0,,,,1,0 ~,0,,Y,0
380,http://myneta.info/TamilNadu2026/candidate.php?candidate_id=380,C. Joseph Vijay,194,TIRUCHIRAPPALLI (EAST),51,Tamilaga Vettri Kazhagam,Yes 2,12th Pass,,,1,"2,22,65,62,010 ~ 222 Crore+",2226562010,,,,1,"7,63,60,016 ~ 7 Crore+",76360016,,Y,0
2180,http://myneta.info/TamilNadu2026/candidate.php?candidate_id=2180,C. Nanda Kumar,194,TIRUCHIRAPPALLI (EAST),30,All India Puratchi Thalaivar Makkal Munnettra Kazhagam,Yes 1,Post Graduate,,,1,"11,88,41,640 ~ 11 Crore+",118841640,,,,1,"5,11,78,113 ~ 5 Crore+",51178113,,Y,2
187,http://myneta.info/TamilNadu2026/candidate.php?candidate_id=187,Dr.Krishnasamy .V,194,TIRUCHIRAPPALLI (EAST),38,Naam Tamilar Katchi,No,Graduate Professional,,,1,"1,40,92,572 ~ 1 Crore+",14092572,,,,1,"2,60,64,231 ~ 2 Crore+",26064231,,Y,0
1060,http://myneta.info/TamilNadu2026/candidate.php?candidate_id=1060,G.Rajasekaran,194,TIRUCHIRAPPALLI (EAST),53,AIADMK,No,Graduate Professional,,,1,"17,33,31,725 ~ 17 Crore+",173331725,,,,1,"20,95,01,471 ~ 20 Crore+",209501471,,Y,0
382,http://myneta.info/TamilNadu2026/candidate.php?candidate_id=382,G.Sebastian Anand,194,TIRUCHIRAPPALLI (EAST),37,IND,No,Graduate Professional,,,1,0 ~,0,,,,1,0 ~,0,,Y,0
2188,http://myneta.info/TamilNadu2026/candidate.php?candidate_id=2188,J. Robert Christy,194,TIRUCHIRAPPALLI (EAST),62,IND,No,10th Pass,,,1,"3,00,000 ~ 3 Lacs+",300000,,,,1,"43,59,817 ~ 43 Lacs+",4359817,,Y,0
2185,http://myneta.info/TamilNadu2026/candidate.php?candidate_id=2185,Kannan .S,194,TIRUCHIRAPPALLI (EAST),31,IND,No,12th Pass,,,1,0 ~,0,,,,1,"5,60,000 ~ 5 Lacs+",560000,,Y,0
2179,http://myneta.info/TamilNadu2026/candidate.php?candidate_id=2179,N. Gobinath,194,TIRUCHIRAPPALLI (EAST),46,Puthiya Tamilagam,No,Graduate Professional,,,1,0 ~,0,,,,1,"3,50,000 ~ 3 Lacs+",350000,,Y,0
2186,http://myneta.info/TamilNadu2026/candidate.php?candidate_id=2186,P. Charles Sagayaraj,194,TIRUCHIRAPPALLI (EAST),49,IND,No,Post Graduate,,,1,"3,15,000 ~ 3 Lacs+",315000,,,,1,"4,65,000 ~ 4 Lacs+",465000,,Y,0
2189,http://myneta.info/TamilNadu2026/candidate.php?candidate_id=2189,P. Rajendran,194,TIRUCHIRAPPALLI (EAST),70,IND,No,10th Pass,,,1,0 ~,0,,,,1,0 ~,0,,Y,0
2177,http://myneta.info/TamilNadu2026/candidate.php?candidate_id=2177,R. Elangovan,194,TIRUCHIRAPPALLI (EAST),60,BSP,No,8th Pass,,,1,0 ~,0,,,,1,0 ~,0,,Y,0
2181,http://myneta.info/TamilNadu2026/candidate.php?candidate_id=2181,R. Muthukumar,194,TIRUCHIRAPPALLI (EAST),61,Samaniya Makkal Nala Katchi,No,8th Pass,,,1,0 ~,0,,,,1,0 ~,0,,N,0
2182,http://myneta.info/TamilNadu2026/candidate.php?candidate_id=2182,Royal Raja,194,TIRUCHIRAPPALLI (EAST),42,Tamizhaga Vaazhvurimai Katchi,Yes 1,Graduate,,,1,0 ~,0,,,,1,0 ~,0,,Y,0
1059,http://myneta.info/TamilNadu2026/candidate.php?candidate_id=1059,S. Inigo Irudayaraj,194,TIRUCHIRAPPALLI (EAST),53,DMK,Yes 2,Doctorate,,,1,"16,20,13,000 ~ 16 Crore+",162013000,,,,1,"65,09,364 ~ 65 Lacs+",6509364,,Y,0
2187,http://myneta.info/TamilNadu2026/candidate.php?candidate_id=2187,S. Panneer Selvam,194,TIRUCHIRAPPALLI (EAST),59,IND,Yes 1,5th Pass,,,1,"2,00,000 ~ 2 Lacs+",200000,,,,1,0 ~,0,,Y,0
381,http://myneta.info/TamilNadu2026/candidate.php?candidate_id=381,Sukumar S,194,TIRUCHIRAPPALLI (EAST),63,Thamizhaka Padaippalar Makkal Katchi,No,10th Pass,,,1,"40,00,000 ~ 40 Lacs+",4000000,,,,1,0 ~,0,,Y,0
2184,http://myneta.info/TamilNadu2026/candidate.php?candidate_id=2184,T. Gangai Ulaganathan,194,TIRUCHIRAPPALLI (EAST),47,IND,No,10th Pass,,,1,0 ~,0,,,,1,0 ~,0,,Y,0
383,http://myneta.info/TamilNadu2026/candidate.php?candidate_id=383,Vijaia Mohanaaji .Ma,194,TIRUCHIRAPPALLI (EAST),73,Vidial Valarchi Perani,No,Graduate,,,1,"5,31,00,000 ~ 5 Crore+",53100000,,,,1,0 ~,0,,Y,0
2183,http://myneta.info/TamilNadu2026/candidate.php?candidate_id=2183,Vijay .K,194,TIRUCHIRAPPALLI (EAST),46,All India Jananayaka Makkal Kazhagam,No,Post Graduate,,,1,"2,02,49,000 ~ 2 Crore+",20249000,,,,1,"1,16,44,592 ~ 1 Crore+",11644592,,Y,0
1056,http://myneta.info/TamilNadu2026/candidate.php?candidate_id=1056,Anbil Mahesh Poyyamozhi,195,THIRUVERUMBUR,48,DMK,No,Doctorate,,,1,"11,52,00,000 ~ 11 Crore+",115200000,,,,1,"3,41,12,232 ~ 3 Crore+",34112232,,Y,0
1710,http://myneta.info/TamilNadu2026/candidate.php?candidate_id=1710,Charles. S,195,THIRUVERUMBUR,71,IND,No,12th Pass,,,1,"50,00,000 ~ 50 Lacs+",5000000,,,,1,0 ~,0,,Y,0
1712,http://myneta.info/TamilNadu2026/candidate.php?candidate_id=1712,Deepak. P,195,THIRUVERUMBUR,44,IND,No,Post Graduate,,,1,"28,00,000 ~ 28 Lacs+",2800000,,,,1,0 ~,0,,Y,0
1715,http://myneta.info/TamilNadu2026/candidate.php?candidate_id=1715,Dr. Mohana Chelvan. P,195,THIRUVERUMBUR,52,IND,No,Doctorate,,,1,0 ~,0,,,,1,0 ~,0,,Y,0
1723,http://myneta.info/TamilNadu2026/candidate.php?candidate_id=1723,Habeeb Rahaman. H,195,THIRUVERUMBUR,29,IND,No,Others,,,1,0 ~,0,,,,1,0 ~,0,,Y,0
1721,http://myneta.info/TamilNadu2026/candidate.php?candidate_id=1721,Jayachandran. P,195,THIRUVERUMBUR,55,IND,No,10th Pass,,,1,"5,00,000 ~ 5 Lacs+",500000,,,,1,0 ~,0,,Y,0
1706,http://myneta.info/TamilNadu2026/candidate.php?candidate_id=1706,Joseph. L,195,THIRUVERUMBUR,53,Samaniya Makkal Nala Katchi,Yes 2,5th Pass,,,1,"15,00,000 ~ 15 Lacs+",1500000,,,,1,0 ~,0,,Y,1
1708,http://myneta.info/TamilNadu2026/candidate.php?candidate_id=1708,Kumar. K,195,THIRUVERUMBUR,72,IND,No,10th Pass,,,1,"45,00,000 ~ 45 Lacs+",4500000,,,,1,0 ~,0,,Y,0
1709,http://myneta.info/TamilNadu2026/candidate.php?candidate_id=1709,Kumar. P,195,THIRUVERUMBUR,62,IND,No,Others,,,1,"60,00,000 ~ 60 Lacs+",6000000,,,,1,"8,50,000 ~ 8 Lacs+",850000,,Y,0
1268,http://myneta.info/TamilNadu2026/candidate.php?candidate_id=1268,Kumar. P,195,THIRUVERUMBUR,54,AIADMK,Yes 2,Graduate Professional,,,1,"7,05,00,000 ~ 7 Crore+",70500000,,,,1,"86,38,826 ~ 86 Lacs+",8638826,,Y,0
1703,http://myneta.info/TamilNadu2026/candidate.php?candidate_id=1703,Kumaravel. T,195,THIRUVERUMBUR,51,Thamizhaka Padaippalar Makkal Katchi,No,10th Pass,,,1,"24,00,000 ~ 24 Lacs+",2400000,,,,1,0 ~,0,,Y,0
1714,http://myneta.info/TamilNadu2026/candidate.php?candidate_id=1714,Muruganantham. G,195,THIRUVERUMBUR,46,IND,No,Graduate Professional,,,1,"50,00,000 ~ 50 Lacs+",5000000,,,,1,"10,00,000 ~ 10 Lacs+",1000000,,Y,0
1704,http://myneta.info/TamilNadu2026/candidate.php?candidate_id=1704,Pitchaimuthu. A,195,THIRUVERUMBUR,52,Puthiya Tamilagam,No,Graduate,,,1,0 ~,0,,,,1,0 ~,0,,Y,0
1713,http://myneta.info/TamilNadu2026/candidate.php?candidate_id=1713,Poulosh. D,195,THIRUVERUMBUR,49,IND,No,Others,,,1,"50,00,000 ~ 50 Lacs+",5000000,,,,1,"3,36,155 ~ 3 Lacs+",336155,,Y,0
173,http://myneta.info/TamilNadu2026/candidate.php?candidate_id=173,Rajessh. T,195,THIRUVERUMBUR,46,Naam Tamilar Katchi,No,Graduate Professional,,,1,0 ~,0,,,,1,"32,90,000 ~ 32 Lacs+",3290000,,Y,0
1716,http://myneta.info/TamilNadu2026/candidate.php?candidate_id=1716,Ramachandran. V,195,THIRUVERUMBUR,69,IND,No,5th Pass,,,1,"18,00,000 ~ 18 Lacs+",1800000,,,,1,0 ~,0,,Y,0
1705,http://myneta.info/TamilNadu2026/candidate.php?candidate_id=1705,Ranjith. S,195,THIRUVERUMBUR,39,Tamizhaga Vaazhvurimai Katchi,No,10th Pass,,,1,0 ~,0,,,,1,0 ~,0,,Y,0
1722,http://myneta.info/TamilNadu2026/candidate.php?candidate_id=1722,Shajagan. A,195,THIRUVERUMBUR,54,IND,No,5th Pass,,,1,0 ~,0,,,,1,0 ~,0,,Y,0
1711,http://myneta.info/TamilNadu2026/candidate.php?candidate_id=1711,Subbulakshmi. R,195,THIRUVERUMBUR,43,IND,No,Graduate,,,1,"3,00,000 ~ 3 Lacs+",300000,,,,1,"2,70,000 ~ 2 Lacs+",270000,,Y,0
1720,http://myneta.info/TamilNadu2026/candidate.php?candidate_id=1720,Vetrivel Kanna. P,195,THIRUVERUMBUR,28,IND,No,Others,,,1,"2,50,000 ~ 2 Lacs+",250000,,,,1,0 ~,0,,Y,0
1269,http://myneta.info/TamilNadu2026/candidate.php?candidate_id=1269,Vijayakumar Alias Navalpattu S Viji,195,THIRUVERUMBUR,56,Tamilaga Vettri Kazhagam,Yes 5,10th Pass,,,1,"20,73,00,000 ~ 20 Crore+",207300000,,,,1,"9,97,65,813 ~ 9 Crore+",99765813,,Y,1
1718,http://myneta.info/TamilNadu2026/candidate.php?candidate_id=1718,Vijayakumar. C,195,THIRUVERUMBUR,45,IND,No,Graduate,,,1,"10,00,000 ~ 10 Lacs+",1000000,,,,1,"5,00,000 ~ 5 Lacs+",500000,,Y,0
1719,http://myneta.info/TamilNadu2026/candidate.php?candidate_id=1719,Vijayakumar. N,195,THIRUVERUMBUR,64,IND,No,Others,,,1,"1,00,00,000 ~ 1 Crore+",10000000,,,,1,0 ~,0,,Y,0
1717,http://myneta.info/TamilNadu2026/candidate.php?candidate_id=1717,Vincentraj. A,195,THIRUVERUMBUR,48,IND,No,8th Pass,,,1,"5,00,000 ~ 5 Lacs+",500000,,,,1,0 ~,0,,Y,0
1702,http://myneta.info/TamilNadu2026/candidate.php?candidate_id=1702,Visithra. S,195,THIRUVERUMBUR,31,BSP,No,Graduate,,,1,0 ~,0,,,,1,0 ~,0,,Y,0
1707,http://myneta.info/TamilNadu2026/candidate.php?candidate_id=1707,Yesuraj. I,195,THIRUVERUMBUR,66,IND,No,Not Given,,,1,0 ~,0,,,,1,0 ~,0,,Y,0
3650,http://myneta.info/TamilNadu2026/candidate.php?candidate_id=3650,A. Amalan Savarimuthu,196,LALGUDI,53,IND,No,Others,,,1,0 ~,0,,,,1,"12,00,000 ~ 12 Lacs+",1200000,,Y,0
3661,http://myneta.info/TamilNadu2026/candidate.php?candidate_id=3661,A. Jegan Salamondoss,196,LALGUDI,47,IND,Yes 1,8th Pass,,,1,0 ~,0,,,,1,"6,750 ~ 6 Thou+",6750,,Y,4
3654,http://myneta.info/TamilNadu2026/candidate.php?candidate_id=3654,Dhanamoorthy .R,196,LALGUDI,42,IND,No,8th Pass,,,1,"50,00,000 ~ 50 Lacs+",5000000,,,,1,"86,000 ~ 86 Thou+",86000,,Y,0
366,http://myneta.info/TamilNadu2026/candidate.php?candidate_id=366,E. Yesudoss,196,LALGUDI,59,Tamilaga Makkal Nala Katchi,No,Others,,,1,"20,00,000 ~ 20 Lacs+",2000000,,,,1,"3,40,400 ~ 3 Lacs+",340400,,Y,0
3660,http://myneta.info/TamilNadu2026/candidate.php?candidate_id=3660,Jinnah Jakeer Hussain,196,LALGUDI,50,IND,No,Graduate,,,1,"3,28,50,000 ~ 3 Crore+",32850000,,,,1,"1,74,33,021 ~ 1 Crore+",17433021,,Y,0
3649,http://myneta.info/TamilNadu2026/candidate.php?candidate_id=3649,Josephin,196,LALGUDI,50,All India Puratchi Thalaivar Makkal Munnettra Kazhagam,No,10th Pass,,,1,"2,00,000 ~ 2 Lacs+",200000,,,,1,"10,000 ~ 10 Thou+",10000,,Y,0
3653,http://myneta.info/TamilNadu2026/candidate.php?candidate_id=3653,K. Dharmaraj,196,LALGUDI,54,IND,No,5th Pass,,,1,"8,00,000 ~ 8 Lacs+",800000,,,,1,0 ~,0,,N,0
3646,http://myneta.info/TamilNadu2026/candidate.php?candidate_id=3646,K. Immaculate Mary,196,LALGUDI,49,Samaniya Makkal Nala Katchi,No,10th Pass,,,1,0 ~,0,,,,1,0 ~,0,,Y,0
3652,http://myneta.info/TamilNadu2026/candidate.php?candidate_id=3652,K. Senthilkumar,196,LALGUDI,50,IND,No,10th Pass,,,1,"20,00,000 ~ 20 Lacs+",2000000,,,,1,"3,75,000 ~ 3 Lacs+",375000,,Y,0
821,http://myneta.info/TamilNadu2026/candidate.php?candidate_id=821,Ku Pa Krishnan,196,LALGUDI,76,Tamilaga Vettri Kazhagam,No,Graduate,,,1,"7,91,48,600 ~ 7 Crore+",79148600,,,,1,"55,80,000 ~ 55 Lacs+",5580000,,Y,0
1184,http://myneta.info/TamilNadu2026/candidate.php?candidate_id=1184,Leemarose Martin,196,LALGUDI,58,AIADMK,Yes 4,5th Pass,,,1,"22,36,52,64,767 ~ 2236 Crore+",22365264767,,,,1,"3,40,18,43,738 ~ 340 Crore+",3401843738,,Y,3
3651,http://myneta.info/TamilNadu2026/candidate.php?candidate_id=3651,M. Krishnan,196,LALGUDI,56,IND,No,10th Pass,,,1,"6,50,000 ~ 6 Lacs+",650000,,,,1,"3,00,000 ~ 3 Lacs+",300000,,Y,0
3659,http://myneta.info/TamilNadu2026/candidate.php?candidate_id=3659,M. Rameshkumar,196,LALGUDI,39,IND,No,8th Pass,,,1,0 ~,0,,,,1,"3,50,000 ~ 3 Lacs+",350000,,Y,0
365,http://myneta.info/TamilNadu2026/candidate.php?candidate_id=365,Mansoor Alikhan,196,LALGUDI,63,IND,No,8th Pass,,,1,"2,50,00,000 ~ 2 Crore+",25000000,,,,1,0 ~,0,,Y,0
3658,http://myneta.info/TamilNadu2026/candidate.php?candidate_id=3658,Mohamed Abubakkar Siddiq,196,LALGUDI,53,IND,No,8th Pass,,,1,0 ~,0,,,,1,0 ~,0,,Y,0
78,http://myneta.info/TamilNadu2026/candidate.php?candidate_id=78,N. Madhan,196,LALGUDI,30,Naam Tamilar Katchi,No,Graduate Professional,,,1,"1,50,000 ~ 1 Lacs+",150000,,,,1,"3,00,000 ~ 3 Lacs+",300000,,Y,0
3647,http://myneta.info/TamilNadu2026/candidate.php?candidate_id=3647,P. Elanchezhiyan,196,LALGUDI,43,Puthiya Tamilagam,No,Graduate Professional,,,1,0 ~,0,,,,1,"1,75,000 ~ 1 Lacs+",175000,,Y,0
3648,http://myneta.info/TamilNadu2026/candidate.php?candidate_id=3648,P. Saravanan,196,LALGUDI,49,Tamizhaga Vaazhvurimai Katchi,No,10th Pass,,,1,0 ~,0,,,,1,0 ~,0,,Y,0
3645,http://myneta.info/TamilNadu2026/candidate.php?candidate_id=3645,Pratheeba,196,LALGUDI,44,BSP,No,Others,,,1,0 ~,0,,,,1,0 ~,0,,Y,0
3655,http://myneta.info/TamilNadu2026/candidate.php?candidate_id=3655,R. Dineshkumar,196,LALGUDI,36,IND,No,Post Graduate,,,1,0 ~,0,,,,1,0 ~,0,,Y,0
3656,http://myneta.info/TamilNadu2026/candidate.php?candidate_id=3656,R. Ponsilambu,196,LALGUDI,36,IND,No,Post Graduate,,,1,0 ~,0,,,,1,0 ~,0,,Y,0
364,http://myneta.info/TamilNadu2026/candidate.php?candidate_id=364,R. Tamilarasan,196,LALGUDI,53,IND,No,10th Pass,,,1,"8,00,000 ~ 8 Lacs+",800000,,,,1,0 ~,0,,Y,0
1357,http://myneta.info/TamilNadu2026/candidate.php?candidate_id=1357,T. Parivallal,196,LALGUDI,50,DMK,No,12th Pass,,,1,"5,71,25,000 ~ 5 Crore+",57125000,,,,1,"2,59,23,000 ~ 2 Crore+",25923000,,Y,0
3657,http://myneta.info/TamilNadu2026/candidate.php?candidate_id=3657,V. Muthusamy,196,LALGUDI,76,IND,No,10th Pass,,,1,0 ~,0,,,,1,0 ~,0,,Y,0
1947,http://myneta.info/TamilNadu2026/candidate.php?candidate_id=1947,Balakrishnan Alias Amoor Balu,197,MANACHANALLUR,60,BSP,No,10th Pass,,,1,0 ~,0,,,,1,0 ~,0,,Y,0
1950,http://myneta.info/TamilNadu2026/candidate.php?candidate_id=1950,Balu. M,197,MANACHANALLUR,46,Puthiya Tamilagam,Yes 3,Graduate Professional,,,1,0 ~,0,,,,1,"2,25,000 ~ 2 Lacs+",225000,,Y,3
1958,http://myneta.info/TamilNadu2026/candidate.php?candidate_id=1958,Divesh. S,197,MANACHANALLUR,40,IND,No,Post Graduate,,,1,0 ~,0,,,,1,0 ~,0,,Y,0
1954,http://myneta.info/TamilNadu2026/candidate.php?candidate_id=1954,Gopalakrishnan. V,197,MANACHANALLUR,54,IND,No,Post Graduate,,,1,0 ~,0,,,,1,0 ~,0,,Y,0
1965,http://myneta.info/TamilNadu2026/candidate.php?candidate_id=1965,Jayaraman. M,197,MANACHANALLUR,51,IND,No,Graduate,,,1,"2,80,00,000 ~ 2 Crore+",28000000,,,,1,0 ~,0,,Y,0
1949,http://myneta.info/TamilNadu2026/candidate.php?candidate_id=1949,K. Senthilkumar,197,MANACHANALLUR,47,Samaniya Makkal Nala Katchi,No,8th Pass,,,1,0 ~,0,,,,1,0 ~,0,,Y,0
1953,http://myneta.info/TamilNadu2026/candidate.php?candidate_id=1953,Karthikeyan. P,197,MANACHANALLUR,47,IND,No,Graduate Professional,,,1,"46,50,000 ~ 46 Lacs+",4650000,,,,1,"12,74,000 ~ 12 Lacs+",1274000,,Y,0
89,http://myneta.info/TamilNadu2026/candidate.php?candidate_id=89,Kathiravan. S,197,MANACHANALLUR,51,DMK,Yes 14,Graduate Professional,,,1,"97,22,00,000 ~ 97 Crore+",972200000,,,,1,"37,54,00,000 ~ 37 Crore+",375400000,,Y,0
1959,http://myneta.info/TamilNadu2026/candidate.php?candidate_id=1959,Nagarajan. V,197,MANACHANALLUR,39,IND,No,Graduate Professional,,,1,0 ~,0,,,,1,0 ~,0,,Y,0
1051,http://myneta.info/TamilNadu2026/candidate.php?candidate_id=1051,R.V. Bharathan,197,MANACHANALLUR,44,AIADMK,No,Graduate Professional,,,1,"20,58,60,000 ~ 20 Crore+",205860000,,,,1,"2,07,82,135 ~ 2 Crore+",20782135,,Y,0
1961,http://myneta.info/TamilNadu2026/candidate.php?candidate_id=1961,Radhakrishnan. S,197,MANACHANALLUR,36,IND,No,8th Pass,,,1,0 ~,0,,,,1,0 ~,0,,Y,0
1963,http://myneta.info/TamilNadu2026/candidate.php?candidate_id=1963,Rajasehar. R,197,MANACHANALLUR,54,IND,No,Post Graduate,,,1,"6,45,00,000 ~ 6 Crore+",64500000,,,,1,"2,74,00,000 ~ 2 Crore+",27400000,,Y,0
1964,http://myneta.info/TamilNadu2026/candidate.php?candidate_id=1964,Raju. V,197,MANACHANALLUR,53,IND,No,Post Graduate,,,1,"25,00,000 ~ 25 Lacs+",2500000,,,,1,"29,20,000 ~ 29 Lacs+",2920000,,Y,0
1960,http://myneta.info/TamilNadu2026/candidate.php?candidate_id=1960,Ramesh Kumar. G,197,MANACHANALLUR,48,IND,No,Graduate Professional,,,1,0 ~,0,,,,1,0 ~,0,,Y,0
1962,http://myneta.info/TamilNadu2026/candidate.php?candidate_id=1962,Ramprasad. N,197,MANACHANALLUR,39,IND,No,12th Pass,,,1,"18,75,000 ~ 18 Lacs+",1875000,,,,1,0 ~,0,,Y,0
1951,http://myneta.info/TamilNadu2026/candidate.php?candidate_id=1951,Revathi. S,197,MANACHANALLUR,42,Akila Inthiya Makkal Marumalarchi Kazhakam,No,10th Pass,,,1,0 ~,0,,,,1,"4,00,000 ~ 4 Lacs+",400000,,Y,0
1957,http://myneta.info/TamilNadu2026/candidate.php?candidate_id=1957,Saravanakumar. S,197,MANACHANALLUR,38,IND,No,10th Pass,,,1,0 ~,0,,,,1,0 ~,0,,Y,0
1956,http://myneta.info/TamilNadu2026/candidate.php?candidate_id=1956,Satheeskumar. K,197,MANACHANALLUR,40,IND,No,Post Graduate,,,1,0 ~,0,,,,1,0 ~,0,,Y,0
1955,http://myneta.info/TamilNadu2026/candidate.php?candidate_id=1955,Shanmugam. V.T,197,MANACHANALLUR,52,IND,No,Graduate,,,1,0 ~,0,,,,1,"6,00,000 ~ 6 Lacs+",600000,,Y,0
88,http://myneta.info/TamilNadu2026/candidate.php?candidate_id=88,Thenmozhi. R,197,MANACHANALLUR,31,Naam Tamilar Katchi,No,Post Graduate,,,1,"20,00,000 ~ 20 Lacs+",2000000,,,,1,"1,80,000 ~ 1 Lacs+",180000,,Y,0
1948,http://myneta.info/TamilNadu2026/candidate.php?candidate_id=1948,V.Saravanan,197,MANACHANALLUR,42,Tamilaga Vettri Kazhagam,No,10th Pass,,,1,"1,03,48,000 ~ 1 Crore+",10348000,,,,1,"10,00,000 ~ 10 Lacs+",1000000,,Y,0
1952,http://myneta.info/TamilNadu2026/candidate.php?candidate_id=1952,Veeraiya. C,197,MANACHANALLUR,57,Tamizhaga Vaazhvurimai Katchi,No,12th Pass,,,1,"10,00,000 ~ 10 Lacs+",1000000,,,,1,0 ~,0,,Y,0
1053,http://myneta.info/TamilNadu2026/candidate.php?candidate_id=1053,C.Palanisamy,198,MUSIRI,42,Tamizhaga Vaazhvurimai Katchi,No,Graduate,,,1,"10,00,000 ~ 10 Lacs+",1000000,,,,1,"1,40,000 ~ 1 Lacs+",140000,,Y,0
99,http://myneta.info/TamilNadu2026/candidate.php?candidate_id=99,G. Bakiyalakshmi,198,MUSIRI,37,Naam Tamilar Katchi,No,Graduate Professional,,,1,"95,00,000 ~ 95 Lacs+",9500000,,,,1,"29,35,000 ~ 29 Lacs+",2935000,,Y,0
3694,http://myneta.info/TamilNadu2026/candidate.php?candidate_id=3694,K.Dhivya,198,MUSIRI,35,Rashtriya Samaj Dal (R),No,8th Pass,,,1,0 ~,0,,,,1,"2,53,000 ~ 2 Lacs+",253000,,Y,0
3693,http://myneta.info/TamilNadu2026/candidate.php?candidate_id=3693,M.Chinnaiyan,198,MUSIRI,52,Puthiya Tamilagam,No,8th Pass,,,1,0 ~,0,,,,1,"2,00,000 ~ 2 Lacs+",200000,,Y,0
3695,http://myneta.info/TamilNadu2026/candidate.php?candidate_id=3695,M.Vignesh,198,MUSIRI,34,Tamilaga Vettri Kazhagam,No,12th Pass,,,1,"7,50,000 ~ 7 Lacs+",750000,,,,1,"97,55,853 ~ 97 Lacs+",9755853,,Y,0
626,http://myneta.info/TamilNadu2026/candidate.php?candidate_id=626,Malarmannan.M,198,MUSIRI,37,Samaniya Makkal Nala Katchi,No,12th Pass,,,1,0 ~,0,,,,1,0 ~,0,,Y,0
1351,http://myneta.info/TamilNadu2026/candidate.php?candidate_id=1351,N.S.Karunairaaja,198,MUSIRI,51,DMK,No,Graduate Professional,,,1,"4,04,50,000 ~ 4 Crore+",40450000,,,,1,"60,67,173 ~ 60 Lacs+",6067173,,Y,0
1052,http://myneta.info/TamilNadu2026/candidate.php?candidate_id=1052,N.Yoganathan,198,MUSIRI,56,AIADMK,Yes 1,8th Pass,,,1,"4,52,00,000 ~ 4 Crore+",45200000,,,,1,"2,66,44,016 ~ 2 Crore+",26644016,,Y,2
624,http://myneta.info/TamilNadu2026/candidate.php?candidate_id=624,P.Loganathan,198,MUSIRI,32,IND,No,Post Graduate,,,1,"4,16,000 ~ 4 Lacs+",416000,,,,1,0 ~,0,,Y,0
3696,http://myneta.info/TamilNadu2026/candidate.php?candidate_id=3696,S.Venkateshwaran,198,MUSIRI,42,Anti Corruption Dynamic Party,No,8th Pass,,,1,0 ~,0,,,,1,"3,00,000 ~ 3 Lacs+",300000,,Y,0
625,http://myneta.info/TamilNadu2026/candidate.php?candidate_id=625,Senthilkumar,198,MUSIRI,53,IND,No,5th Pass,,,1,"3,00,000 ~ 3 Lacs+",300000,,,,1,"2,70,000 ~ 2 Lacs+",270000,,Y,0
1058,http://myneta.info/TamilNadu2026/candidate.php?candidate_id=1058,E.Saroja,199,THURAIYUR (SC),51,AIADMK,Yes 1,8th Pass,,,1,"2,71,61,330 ~ 2 Crore+",27161330,,,,1,"9,00,000 ~ 9 Lacs+",900000,,Y,0
2153,http://myneta.info/TamilNadu2026/candidate.php?candidate_id=2153,E.Saroja W/O Elangovan,199,THURAIYUR (SC),45,IND,No,8th Pass,,,1,"15,000 ~ 15 Thou+",15000,,,,1,0 ~,0,,Y,0
2158,http://myneta.info/TamilNadu2026/candidate.php?candidate_id=2158,G. Dhineshkumar,199,THURAIYUR (SC),44,IND,No,Graduate Professional,,,1,0 ~,0,,,,1,0 ~,0,,Y,0
2151,http://myneta.info/TamilNadu2026/candidate.php?candidate_id=2151,Gnanavettiyan Sivaperumal .K,199,THURAIYUR (SC),42,Tamizhaga Vaazhvurimai Katchi,No,Graduate,,,1,0 ~,0,,,,1,"6,00,000 ~ 6 Lacs+",600000,,Y,0
2154,http://myneta.info/TamilNadu2026/candidate.php?candidate_id=2154,K.Saroja W/O Krishnasamy,199,THURAIYUR (SC),65,IND,No,8th Pass,,,1,"11,00,000 ~ 11 Lacs+",1100000,,,,1,"30,500 ~ 30 Thou+",30500,,Y,0
2156,http://myneta.info/TamilNadu2026/candidate.php?candidate_id=2156,K.Selvam,199,THURAIYUR (SC),50,IND,No,Illiterate,,,1,"4,00,000 ~ 4 Lacs+",400000,,,,1,0 ~,0,,Y,0
2160,http://myneta.info/TamilNadu2026/candidate.php?candidate_id=2160,M. Ravichandran,199,THURAIYUR (SC),59,IND,No,10th Pass,,,1,"12,50,000 ~ 12 Lacs+",1250000,,,,1,"1,53,000 ~ 1 Lacs+",153000,,Y,0
1276,http://myneta.info/TamilNadu2026/candidate.php?candidate_id=1276,M.Lenin Prasath,199,THURAIYUR (SC),37,INC,Yes 2,Graduate Professional,,,1,"25,84,000 ~ 25 Lacs+",2584000,,,,1,"2,90,000 ~ 2 Lacs+",290000,,Y,0
2159,http://myneta.info/TamilNadu2026/candidate.php?candidate_id=2159,N. Muthazhagu,199,THURAIYUR (SC),65,IND,No,5th Pass,,,1,"15,00,000 ~ 15 Lacs+",1500000,,,,1,0 ~,0,,Y,0
2155,http://myneta.info/TamilNadu2026/candidate.php?candidate_id=2155,P.Saroja W/O Kulanthaivelu,199,THURAIYUR (SC),64,IND,No,Post Graduate,,,1,"11,00,000 ~ 11 Lacs+",1100000,,,,1,0 ~,0,,Y,0
2150,http://myneta.info/TamilNadu2026/candidate.php?candidate_id=2150,P.Srinivasan,199,THURAIYUR (SC),71,BSP,No,10th Pass,,,1,0 ~,0,,,,1,0 ~,0,,Y,0
1057,http://myneta.info/TamilNadu2026/candidate.php?candidate_id=1057,Ravisankar.M,199,THURAIYUR (SC),41,Tamilaga Vettri Kazhagam,Yes 1,Others,,,1,"5,00,000 ~ 5 Lacs+",500000,,,,1,"3,54,500 ~ 3 Lacs+",354500,,Y,0
180,http://myneta.info/TamilNadu2026/candidate.php?candidate_id=180,S Kowsalya,199,THURAIYUR (SC),34,Naam Tamilar Katchi,No,Graduate,,,1,"35,00,000 ~ 35 Lacs+",3500000,,,,1,"6,88,000 ~ 6 Lacs+",688000,,Y,0
2157,http://myneta.info/TamilNadu2026/candidate.php?candidate_id=2157,Selvam .G,199,THURAIYUR (SC),51,IND,Yes 3,Post Graduate,,,1,"85,00,000 ~ 85 Lacs+",8500000,,,,1,0 ~,0,,Y,5
2152,http://myneta.info/TamilNadu2026/candidate.php?candidate_id=2152,T. Rajamanickam,199,THURAIYUR (SC),38,Puthiya Tamilagam,No,5th Pass,,,1,"10,00,000 ~ 10 Lacs+",1000000,,,,1,"2,00,000 ~ 2 Lacs+",200000,,Y,0
830,http://myneta.info/TamilNadu2026/candidate.php?candidate_id=830,Dr.Esakki Subaya,200,AMBASAMUDRAM,61,AIADMK,Yes 2,Doctorate,,,1,"4,08,48,73,272 ~ 408 Crore+",4084873272,,,,1,"5,76,66,000 ~ 5 Crore+",57666000,,Y,0
4,http://myneta.info/TamilNadu2026/candidate.php?candidate_id=4,Dr.V.Sivasankaran,200,AMBASAMUDRAM,38,Naam Tamilar Katchi,Yes 1,Doctorate,,,1,"80,00,000 ~ 80 Lacs+",8000000,,,,1,"10,30,000 ~ 10 Lacs+",1030000,,Y,1
832,http://myneta.info/TamilNadu2026/candidate.php?candidate_id=832,R.Esaikannan,200,AMBASAMUDRAM,32,BSP,No,Graduate Professional,,,1,0 ~,0,,,,1,"1,67,000 ~ 1 Lacs+",167000,,Y,0
831,http://myneta.info/TamilNadu2026/candidate.php?candidate_id=831,S.Rajagopal,200,AMBASAMUDRAM,37,Tamilaga Vettri Kazhagam,Yes 1,Others,,,1,"2,14,40,000 ~ 2 Crore+",21440000,,,,1,0 ~,0,,Y,0
1411,http://myneta.info/TamilNadu2026/candidate.php?candidate_id=1411,V.P.Durai,200,AMBASAMUDRAM,43,INC,Yes 1,Graduate Professional,,,1,"17,93,28,000 ~ 17 Crore+",179328000,,,,1,"2,31,77,143 ~ 2 Crore+",23177143,,Y,1
3729,http://myneta.info/TamilNadu2026/candidate.php?candidate_id=3729,A.Rani Nadar Alias Pushparani,201,NANGUNERI,46,IND,No,Graduate,,,1,0 ~,0,,,,1,"2,52,000 ~ 2 Lacs+",252000,,Y,0
3717,http://myneta.info/TamilNadu2026/candidate.php?candidate_id=3717,Chithirai Selvan,201,NANGUNERI,44,Tamizhaga Vaazhvurimai Katchi,No,Graduate Professional,,,1,0 ~,0,,,,1,"5,30,000 ~ 5 Lacs+",530000,,Y,0
3733,http://myneta.info/TamilNadu2026/candidate.php?candidate_id=3733,Dev.P.Jegadeesan,201,NANGUNERI,60,IND,No,Graduate Professional,,,1,"7,88,76,500 ~ 7 Crore+",78876500,,,,1,"99,51,000 ~ 99 Lacs+",9951000,,Y,0
3720,http://myneta.info/TamilNadu2026/candidate.php?candidate_id=3720,Dr.S.Vellai Durai,201,NANGUNERI,61,All India Puratchi Thalaivar Makkal Munnettra Kazhagam,No,Doctorate,,,1,"1,69,50,000 ~ 1 Crore+",16950000,,,,1,"86,16,000 ~ 86 Lacs+",8616000,,Y,0
3719,http://myneta.info/TamilNadu2026/candidate.php?candidate_id=3719,Krish.Mariappan,201,NANGUNERI,46,Thamizhaka Padaippalar Makkal Katchi,No,8th Pass,,,1,"16,28,870 ~ 16 Lacs+",1628870,,,,1,0 ~,0,,Y,0
3721,http://myneta.info/TamilNadu2026/candidate.php?candidate_id=3721,M. Aruna,201,NANGUNERI,37,IND,No,8th Pass,,,1,0 ~,0,,,,1,0 ~,0,,Y,0
3724,http://myneta.info/TamilNadu2026/candidate.php?candidate_id=3724,M. Kumar,201,NANGUNERI,35,IND,Yes 2,5th Pass,,,1,"71,50,000 ~ 71 Lacs+",7150000,,,,1,"23,29,500 ~ 23 Lacs+",2329500,,Y,1
3723,http://myneta.info/TamilNadu2026/candidate.php?candidate_id=3723,N.Kalaberumal,201,NANGUNERI,49,IND,No,12th Pass,,,1,"98,00,000 ~ 98 Lacs+",9800000,,,,1,"1,60,000 ~ 1 Lacs+",160000,,Y,0
3728,http://myneta.info/TamilNadu2026/candidate.php?candidate_id=3728,Nallakkannu Alias Karthic.K,201,NANGUNERI,39,IND,No,Graduate Professional,,,1,0 ~,0,,,,1,0 ~,0,,Y,0
610,http://myneta.info/TamilNadu2026/candidate.php?candidate_id=610,R. Esakkimuthu,201,NANGUNERI,39,Amma Makkal Munnettra Kazagam,No,Graduate,,,1,"47,28,04,905 ~ 47 Crore+",472804905,,,,1,"12,35,82,289 ~ 12 Crore+",123582289,,Y,0
3716,http://myneta.info/TamilNadu2026/candidate.php?candidate_id=3716,R. Janarthanan,201,NANGUNERI,31,BSP,No,Others,,,1,0 ~,0,,,,1,"40,000 ~ 40 Thou+",40000,,Y,0
3722,http://myneta.info/TamilNadu2026/candidate.php?candidate_id=3722,R.Ananthi,201,NANGUNERI,30,IND,No,Graduate,,,1,"2,00,000 ~ 2 Lacs+",200000,,,,1,"1,04,400 ~ 1 Lacs+",104400,,Y,0
1064,http://myneta.info/TamilNadu2026/candidate.php?candidate_id=1064,Reddiarpatti V. Narayanan,201,NANGUNERI,58,Tamilaga Vettri Kazhagam,No,10th Pass,,,1,"12,27,50,000 ~ 12 Crore+",122750000,,,,1,"2,73,38,000 ~ 2 Crore+",27338000,,Y,0
1063,http://myneta.info/TamilNadu2026/candidate.php?candidate_id=1063,Ruby.R.Manoharan,201,NANGUNERI,66,INC,Yes 6,10th Pass,,,1,"60,68,07,657 ~ 60 Crore+",606807657,,,,1,"22,62,94,418 ~ 22 Crore+",226294418,,Y,0
104,http://myneta.info/TamilNadu2026/candidate.php?candidate_id=104,S. Selvam,201,NANGUNERI,44,Naam Tamilar Katchi,Yes 2,Graduate,,,1,"50,00,000 ~ 50 Lacs+",5000000,,,,1,"27,56,800 ~ 27 Lacs+",2756800,,Y,0
613,http://myneta.info/TamilNadu2026/candidate.php?candidate_id=613,S. Shunmuga Sundaram,201,NANGUNERI,39,Naam Indiar Party,No,12th Pass,,,1,0 ~,0,,,,1,0 ~,0,,Y,0
3730,http://myneta.info/TamilNadu2026/candidate.php?candidate_id=3730,S.Mariyappan,201,NANGUNERI,42,IND,No,Post Graduate,,,1,0 ~,0,,,,1,0 ~,0,,Y,0
3726,http://myneta.info/TamilNadu2026/candidate.php?candidate_id=3726,Shanmugam,201,NANGUNERI,32,IND,No,Others,,,1,"15,00,000 ~ 15 Lacs+",1500000,,,,1,0 ~,0,,Y,0
3731,http://myneta.info/TamilNadu2026/candidate.php?candidate_id=3731,Sudaroli S.Murugan Yadhav,201,NANGUNERI,48,IND,Yes 1,Graduate Professional,,,1,"32,00,000 ~ 32 Lacs+",3200000,,,,1,"15,20,000 ~ 15 Lacs+",1520000,,Y,2
614,http://myneta.info/TamilNadu2026/candidate.php?candidate_id=614,T. Lingadurai,201,NANGUNERI,41,IND,No,Post Graduate,,,1,"4,88,360 ~ 4 Lacs+",488360,,,,1,"6,74,000 ~ 6 Lacs+",674000,,Y,0
3732,http://myneta.info/TamilNadu2026/candidate.php?candidate_id=3732,T. Rajkumar,201,NANGUNERI,38,IND,No,10th Pass,,,1,0 ~,0,,,,1,"7,85,000 ~ 7 Lacs+",785000,,Y,0
3725,http://myneta.info/TamilNadu2026/candidate.php?candidate_id=3725,T. Sankar,201,NANGUNERI,40,IND,Yes 4,10th Pass,,,1,"27,39,935 ~ 27 Lacs+",2739935,,,,1,"32,91,511 ~ 32 Lacs+",3291511,,Y,4
3718,http://myneta.info/TamilNadu2026/candidate.php?candidate_id=3718,Tamilselvi,201,NANGUNERI,48,Puthiya Tamilagam,No,Literate,,,1,0 ~,0,,,,1,0 ~,0,,Y,0
3727,http://myneta.info/TamilNadu2026/candidate.php?candidate_id=3727,Thanithangam,201,NANGUNERI,45,IND,No,Post Graduate,,,1,"1,00,00,000 ~ 1 Crore+",10000000,,,,1,0 ~,0,,Y,0
612,http://myneta.info/TamilNadu2026/candidate.php?candidate_id=612,Thulasi Sudalai,201,NANGUNERI,32,Puthiya Makkal Tamil Desam Katchi,Yes 1,8th Pass,,,1,"5,00,000 ~ 5 Lacs+",500000,,,,1,"3,30,000 ~ 3 Lacs+",330000,,Y,0
3217,http://myneta.info/TamilNadu2026/candidate.php?candidate_id=3217,A. Sudhahar,202,PALAYAMKOTTAI,47,IND,No,Graduate Professional,,,1,0 ~,0,,,,1,"4,31,834 ~ 4 Lacs+",431834,,Y,0
3214,http://myneta.info/TamilNadu2026/candidate.php?candidate_id=3214,Abdul Koya,202,PALAYAMKOTTAI,42,IND,Yes 2,8th Pass,,,1,0 ~,0,,,,1,"87,100 ~ 87 Thou+",87100,,Y,2
3216,http://myneta.info/TamilNadu2026/candidate.php?candidate_id=3216,D.Santhiyagappar Antony,202,PALAYAMKOTTAI,28,IND,No,10th Pass,,,1,0 ~,0,,,,1,0 ~,0,,Y,0
3213,http://myneta.info/TamilNadu2026/candidate.php?candidate_id=3213,Esakkimuthu,202,PALAYAMKOTTAI,36,Puthiya Makkal Tamil Desam Katchi,No,5th Pass,,,1,0 ~,0,,,,1,"2,68,000 ~ 2 Lacs+",268000,,Y,0
3215,http://myneta.info/TamilNadu2026/candidate.php?candidate_id=3215,Karthick Narayanan S.,202,PALAYAMKOTTAI,50,IND,Yes 1,Graduate Professional,,,1,"85,70,000 ~ 85 Lacs+",8570000,,,,1,"28,16,381 ~ 28 Lacs+",2816381,,Y,1
1135,http://myneta.info/TamilNadu2026/candidate.php?candidate_id=1135,M.Abdul Wahab,202,PALAYAMKOTTAI,59,DMK,Yes 2,Graduate,,,1,"6,76,57,000 ~ 6 Crore+",67657000,,,,1,"27,84,554 ~ 27 Lacs+",2784554,,Y,8
3221,http://myneta.info/TamilNadu2026/candidate.php?candidate_id=3221,M.Manikandan,202,PALAYAMKOTTAI,32,IND,No,5th Pass,,,1,0 ~,0,,,,1,0 ~,0,,N,0
1065,http://myneta.info/TamilNadu2026/candidate.php?candidate_id=1065,Maria John,202,PALAYAMKOTTAI,69,Tamilaga Vettri Kazhagam,Yes 2,8th Pass,,,1,"81,65,30,481 ~ 81 Crore+",816530481,,,,1,"9,85,55,671 ~ 9 Crore+",98555671,,Y,0
3219,http://myneta.info/TamilNadu2026/candidate.php?candidate_id=3219,Nallakkannu Alias Karthic.K,202,PALAYAMKOTTAI,39,IND,No,Graduate Professional,,,1,0 ~,0,,,,1,0 ~,0,,Y,0
3220,http://myneta.info/TamilNadu2026/candidate.php?candidate_id=3220,Paulraj.V,202,PALAYAMKOTTAI,37,IND,No,Post Graduate,,,1,"1,27,50,000 ~ 1 Crore+",12750000,,,,1,"1,03,22,901 ~ 1 Crore+",10322901,,Y,0
3218,http://myneta.info/TamilNadu2026/candidate.php?candidate_id=3218,R.Sesu,202,PALAYAMKOTTAI,33,IND,No,Others,,,1,0 ~,0,,,,1,"20,94,516 ~ 20 Lacs+",2094516,,Y,0
616,http://myneta.info/TamilNadu2026/candidate.php?candidate_id=616,S.Thangadurai,202,PALAYAMKOTTAI,55,Naam Indiar Party,No,5th Pass,,,1,0 ~,0,,,,1,"10,000 ~ 10 Thou+",10000,,Y,0
115,http://myneta.info/TamilNadu2026/candidate.php?candidate_id=115,Sankara Narayanan Alias Saran,202,PALAYAMKOTTAI,28,Naam Tamilar Katchi,No,Post Graduate,,,1,0 ~,0,,,,1,"34,00,000 ~ 34 Lacs+",3400000,,Y,0
3223,http://myneta.info/TamilNadu2026/candidate.php?candidate_id=3223,Srinivash,202,PALAYAMKOTTAI,36,IND,No,10th Pass,,,1,0 ~,0,,,,1,"1,66,000 ~ 1 Lacs+",166000,,Y,0
1066,http://myneta.info/TamilNadu2026/candidate.php?candidate_id=1066,Syed Sulthan Samsudeen,202,PALAYAMKOTTAI,34,AIADMK,No,Graduate,,,1,0 ~,0,,,,1,"32,29,806 ~ 32 Lacs+",3229806,,Y,0
1067,http://myneta.info/TamilNadu2026/candidate.php?candidate_id=1067,T.A.Umar,202,PALAYAMKOTTAI,52,Tamizhaga Vaazhvurimai Katchi,No,Illiterate,,,1,"20,00,000 ~ 20 Lacs+",2000000,,,,1,0 ~,0,,Y,0
3222,http://myneta.info/TamilNadu2026/candidate.php?candidate_id=3222,V.George,202,PALAYAMKOTTAI,60,IND,No,Graduate,,,1,"20,00,000 ~ 20 Lacs+",2000000,,,,1,"3,26,000 ~ 3 Lacs+",326000,,Y,0
618,http://myneta.info/TamilNadu2026/candidate.php?candidate_id=618,Anand Prasad,203,RADHAPURAM,32,IND,No,12th Pass,,,1,0 ~,0,,,,1,0 ~,0,,Y,0
623,http://myneta.info/TamilNadu2026/candidate.php?candidate_id=623,Ananthi.R,203,RADHAPURAM,30,IND,No,Graduate,,,1,"2,00,000 ~ 2 Lacs+",200000,,,,1,"1,04,400 ~ 1 Lacs+",104400,,Y,0
1226,http://myneta.info/TamilNadu2026/candidate.php?candidate_id=1226,Appavu.M,203,RADHAPURAM,74,DMK,No,12th Pass,,,1,"90,35,000 ~ 90 Lacs+",9035000,,,,1,"2,14,36,297 ~ 2 Crore+",21436297,,Y,0
3800,http://myneta.info/TamilNadu2026/candidate.php?candidate_id=3800,Arunraj,203,RADHAPURAM,35,IND,No,Graduate Professional,,,1,0 ~,0,,,,1,"18,58,677 ~ 18 Lacs+",1858677,,Y,0
1225,http://myneta.info/TamilNadu2026/candidate.php?candidate_id=1225,Balakrishnan.S.P,203,RADHAPURAM,58,BJP,Yes 3,8th Pass,,,1,"31,80,19,270 ~ 31 Crore+",318019270,,,,1,"12,14,33,000 ~ 12 Crore+",121433000,,Y,0
3805,http://myneta.info/TamilNadu2026/candidate.php?candidate_id=3805,Daniel.A,203,RADHAPURAM,61,IND,No,8th Pass,,,1,"7,00,000 ~ 7 Lacs+",700000,,,,1,0 ~,0,,Y,0
1068,http://myneta.info/TamilNadu2026/candidate.php?candidate_id=1068,Dr.Sathish Christopher,203,RADHAPURAM,41,Tamilaga Vettri Kazhagam,No,Graduate Professional,,,1,0 ~,0,,,,1,"3,37,22,486 ~ 3 Crore+",33722486,,Y,0
3798,http://myneta.info/TamilNadu2026/candidate.php?candidate_id=3798,Essakkiammal.E,203,RADHAPURAM,46,BSP,No,Post Graduate,,,1,0 ~,0,,,,1,"5,56,000 ~ 5 Lacs+",556000,,Y,0
134,http://myneta.info/TamilNadu2026/candidate.php?candidate_id=134,Girija Thamaraipandian.D,203,RADHAPURAM,42,Naam Tamilar Katchi,Yes 1,Doctorate,,,1,"18,74,060 ~ 18 Lacs+",1874060,,,,1,"11,15,444 ~ 11 Lacs+",1115444,,Y,0
622,http://myneta.info/TamilNadu2026/candidate.php?candidate_id=622,Jesurajendran.J,203,RADHAPURAM,52,Naam Indiar Party,No,5th Pass,,,1,"5,00,000 ~ 5 Lacs+",500000,,,,1,"11,80,000 ~ 11 Lacs+",1180000,,Y,0
3810,http://myneta.info/TamilNadu2026/candidate.php?candidate_id=3810,Jeyaraj.P V S,203,RADHAPURAM,78,IND,No,Graduate Professional,,,1,0 ~,0,,,,1,0 ~,0,,Y,0
3802,http://myneta.info/TamilNadu2026/candidate.php?candidate_id=3802,Karthick.V,203,RADHAPURAM,29,IND,No,Others,,,1,"6,00,000 ~ 6 Lacs+",600000,,,,1,"5,26,000 ~ 5 Lacs+",526000,,Y,0
619,http://myneta.info/TamilNadu2026/candidate.php?candidate_id=619,Kingsly Isacc Jebaraj.S,203,RADHAPURAM,45,IND,No,10th Pass,,,1,"35,12,000 ~ 35 Lacs+",3512000,,,,1,"10,00,000 ~ 10 Lacs+",1000000,,Y,0
3799,http://myneta.info/TamilNadu2026/candidate.php?candidate_id=3799,Mahalakshmi,203,RADHAPURAM,36,Puthiya Makkal Tamil Desam Katchi,No,10th Pass,,,1,"8,00,000 ~ 8 Lacs+",800000,,,,1,"3,00,000 ~ 3 Lacs+",300000,,Y,0
620,http://myneta.info/TamilNadu2026/candidate.php?candidate_id=620,Manikandan.A.I,203,RADHAPURAM,44,IND,No,8th Pass,,,1,0 ~,0,,,,1,0 ~,0,,Y,0
3809,http://myneta.info/TamilNadu2026/candidate.php?candidate_id=3809,Manikandan.L,203,RADHAPURAM,37,IND,No,Others,,,1,0 ~,0,,,,1,0 ~,0,,Y,0
3807,http://myneta.info/TamilNadu2026/candidate.php?candidate_id=3807,Manikandan.S,203,RADHAPURAM,33,IND,No,Others,,,1,0 ~,0,,,,1,"85,000 ~ 85 Thou+",85000,,Y,0
617,http://myneta.info/TamilNadu2026/candidate.php?candidate_id=617,Murugan.P,203,RADHAPURAM,44,Thamizhaka Padaippalar Makkal Katchi,Yes 1,8th Pass,,,1,"10,96,000 ~ 10 Lacs+",1096000,,,,1,0 ~,0,,Y,0
3801,http://myneta.info/TamilNadu2026/candidate.php?candidate_id=3801,Oliver Anton Navamoni. S,203,RADHAPURAM,47,IND,No,Post Graduate,,,1,"1,73,17,570 ~ 1 Crore+",17317570,,,,1,"47,22,000 ~ 47 Lacs+",4722000,,Y,0
3806,http://myneta.info/TamilNadu2026/candidate.php?candidate_id=3806,Pon Santhana Kumaran.R,203,RADHAPURAM,37,IND,No,Others,,,1,"3,73,725 ~ 3 Lacs+",373725,,,,1,"35,84,422 ~ 35 Lacs+",3584422,,Y,0
3808,http://myneta.info/TamilNadu2026/candidate.php?candidate_id=3808,Rajan.P,203,RADHAPURAM,43,IND,No,Graduate,,,1,0 ~,0,,,,1,0 ~,0,,Y,0
3804,http://myneta.info/TamilNadu2026/candidate.php?candidate_id=3804,Selvan.T,203,RADHAPURAM,44,IND,Yes 1,10th Pass,,,1,"73,00,000 ~ 73 Lacs+",7300000,,,,1,"53,69,000 ~ 53 Lacs+",5369000,,Y,2
3803,http://myneta.info/TamilNadu2026/candidate.php?candidate_id=3803,Sundarajan.S,203,RADHAPURAM,51,IND,No,8th Pass,,,1,"5,00,000 ~ 5 Lacs+",500000,,,,1,"4,38,000 ~ 4 Lacs+",438000,,Y,0
3948,http://myneta.info/TamilNadu2026/candidate.php?candidate_id=3948,Arumugaraj. S.,204,TIRUNELVELI,48,Tamizhaga Vaazhvurimai Katchi,Yes 1,Graduate Professional,,,1,"1,05,50,000 ~ 1 Crore+",10550000,,,,1,"10,99,180 ~ 10 Lacs+",1099180,,Y,0
513,http://myneta.info/TamilNadu2026/candidate.php?candidate_id=513,Athisaya Pndiyan. V.,204,TIRUNELVELI,52,IND,Yes 10,8th Pass,,,1,0 ~,0,,,,1,0 ~,0,,Y,9
511,http://myneta.info/TamilNadu2026/candidate.php?candidate_id=511,Chendur Maharajan,204,TIRUNELVELI,37,Puthiya Makkal Tamil Desam Katchi,Yes 10,8th Pass,,,1,"5,00,000 ~ 5 Lacs+",500000,,,,1,"12,43,000 ~ 12 Lacs+",1243000,,Y,3
3953,http://myneta.info/TamilNadu2026/candidate.php?candidate_id=3953,Dr.Shyam Krishnasamy,204,TIRUNELVELI,33,Puthiya Tamilagam,Yes 3,Post Graduate,,,1,"15,08,06,415 ~ 15 Crore+",150806415,,,,1,"11,30,620 ~ 11 Lacs+",1130620,,Y,0
3954,http://myneta.info/TamilNadu2026/candidate.php?candidate_id=3954,Esakkiraja. V.,204,TIRUNELVELI,34,IND,No,Graduate Professional,,,1,"80,00,000 ~ 80 Lacs+",8000000,,,,1,"24,58,600 ~ 24 Lacs+",2458600,,Y,0
3949,http://myneta.info/TamilNadu2026/candidate.php?candidate_id=3949,Eswara Vadivu. S.,204,TIRUNELVELI,46,Naam Indiar Party,Yes 1,Post Graduate,,,1,0 ~,0,,,,1,"2,00,000 ~ 2 Lacs+",200000,,Y,0
3950,http://myneta.info/TamilNadu2026/candidate.php?candidate_id=3950,Kannan. G.,204,TIRUNELVELI,53,Aanaithinthiya Jananayaka Pathukappu Kazhagam,No,Others,,,1,0 ~,0,,,,1,0 ~,0,,Y,0
3956,http://myneta.info/TamilNadu2026/candidate.php?candidate_id=3956,Mugesh Subramanian,204,TIRUNELVELI,32,IND,No,Others,,,1,0 ~,0,,,,1,0 ~,0,,Y,0
3957,http://myneta.info/TamilNadu2026/candidate.php?candidate_id=3957,Murugalakshmanan,204,TIRUNELVELI,40,IND,No,Graduate Professional,,,1,"40,00,000 ~ 40 Lacs+",4000000,,,,1,0 ~,0,,Y,0
3952,http://myneta.info/TamilNadu2026/candidate.php?candidate_id=3952,Murugan. P.,204,TIRUNELVELI,44,Thamizhaka Padaippalar Makkal Katchi,Yes 1,8th Pass,,,1,"10,96,000 ~ 10 Lacs+",1096000,,,,1,0 ~,0,,Y,0
512,http://myneta.info/TamilNadu2026/candidate.php?candidate_id=512,Murugan.S.,204,TIRUNELVELI,50,IND,No,8th Pass,,,1,"4,50,000 ~ 4 Lacs+",450000,,,,1,"50,000 ~ 50 Thou+",50000,,Y,0
1069,http://myneta.info/TamilNadu2026/candidate.php?candidate_id=1069,Murughan.R.S.,204,TIRUNELVELI,58,Tamilaga Vettri Kazhagam,No,5th Pass,,,1,"94,24,25,000 ~ 94 Crore+",942425000,,,,1,"58,91,61,187 ~ 58 Crore+",589161187,,Y,0
192,http://myneta.info/TamilNadu2026/candidate.php?candidate_id=192,Sathya. B.,204,TIRUNELVELI,48,Naam Tamilar Katchi,Yes 4,Graduate,,,1,0 ~,0,,,,1,"35,10,000 ~ 35 Lacs+",3510000,,Y,1
3951,http://myneta.info/TamilNadu2026/candidate.php?candidate_id=3951,Selvakumar Singh,204,TIRUNELVELI,29,Bahujan Dravida Party,No,Graduate Professional,,,1,0 ~,0,,,,1,0 ~,0,,Y,0
3955,http://myneta.info/TamilNadu2026/candidate.php?candidate_id=3955,Subramanian. E.,204,TIRUNELVELI,29,IND,Yes 1,5th Pass,,,1,0 ~,0,,,,1,"1,85,000 ~ 1 Lacs+",185000,,Y,0
1071,http://myneta.info/TamilNadu2026/candidate.php?candidate_id=1071,Subramanian.S,204,TIRUNELVELI,50,DMK,No,Post Graduate,,,1,"2,00,00,000 ~ 2 Crore+",20000000,,,,1,"91,20,105 ~ 91 Lacs+",9120105,,Y,0
1070,http://myneta.info/TamilNadu2026/candidate.php?candidate_id=1070,Thachai Ganesaraja,204,TIRUNELVELI,64,AIADMK,Yes 32,10th Pass,,,1,"13,73,60,270 ~ 13 Crore+",137360270,,,,1,"3,11,51,133 ~ 3 Crore+",31151133,,Y,0
514,http://myneta.info/TamilNadu2026/candidate.php?candidate_id=514,Thalabathi Murugan. M.,204,TIRUNELVELI,51,IND,No,8th Pass,,,1,"20,00,000 ~ 20 Lacs+",2000000,,,,1,"20,000 ~ 20 Thou+",20000,,Y,0
3958,http://myneta.info/TamilNadu2026/candidate.php?candidate_id=3958,Veerabaghu. M.,204,TIRUNELVELI,44,IND,No,12th Pass,,,1,"1,05,000 ~ 1 Lacs+",105000,,,,1,"5,05,270 ~ 5 Lacs+",505270,,Y,0
3959,http://myneta.info/TamilNadu2026/candidate.php?candidate_id=3959,Velayutham. P.,204,TIRUNELVELI,48,IND,No,12th Pass,,,1,"10,00,000 ~ 10 Lacs+",1000000,,,,1,"80,000 ~ 80 Thou+",80000,,Y,0
3228,http://myneta.info/TamilNadu2026/candidate.php?candidate_id=3228,Anandhi.S,205,AVANASHI (SC),46,IND,No,Illiterate,,,1,"1,75,000 ~ 1 Lacs+",175000,,,,1,"1,00,000 ~ 1 Lacs+",100000,,N,0
3227,http://myneta.info/TamilNadu2026/candidate.php?candidate_id=3227,Arumugam. P,205,AVANASHI (SC),50,IND,Yes 1,Illiterate,,,1,0 ~,0,,,,1,0 ~,0,,Y,2
3225,http://myneta.info/TamilNadu2026/candidate.php?candidate_id=3225,Arumugam.R,205,AVANASHI (SC),62,Ganasangam Party of India,No,Not Given,,,1,"18,00,000 ~ 18 Lacs+",1800000,,,,1,"6,00,000 ~ 6 Lacs+",600000,,Y,0
3226,http://myneta.info/TamilNadu2026/candidate.php?candidate_id=3226,Chinnasamy.V,205,AVANASHI (SC),45,Tamizhaga Vaazhvurimai Katchi,No,8th Pass,,,1,0 ~,0,,,,1,0 ~,0,,Y,0
665,http://myneta.info/TamilNadu2026/candidate.php?candidate_id=665,Dhanabal.R,205,AVANASHI (SC),45,IND,No,10th Pass,,,1,0 ~,0,,,,1,"2,80,000 ~ 2 Lacs+",280000,,Y,0
1396,http://myneta.info/TamilNadu2026/candidate.php?candidate_id=1396,Dr. Gokilamani.V,205,AVANASHI (SC),28,DMK,No,Graduate Professional,,,1,0 ~,0,,,,1,0 ~,0,,Y,0
1397,http://myneta.info/TamilNadu2026/candidate.php?candidate_id=1397,Dr. L. Murugan,205,AVANASHI (SC),48,BJP,Yes 4,Doctorate,,,1,"2,35,25,000 ~ 2 Crore+",23525000,,,,1,"39,15,343 ~ 39 Lacs+",3915343,,Y,2
3229,http://myneta.info/TamilNadu2026/candidate.php?candidate_id=3229,Gokilamani. M,205,AVANASHI (SC),49,IND,No,5th Pass,,,1,0 ~,0,,,,1,0 ~,0,,N,0
3224,http://myneta.info/TamilNadu2026/candidate.php?candidate_id=3224,Govindan.P,205,AVANASHI (SC),65,BSP,No,10th Pass,,,1,"1,70,00,000 ~ 1 Crore+",17000000,,,,1,"9,00,000 ~ 9 Lacs+",900000,,Y,0
664,http://myneta.info/TamilNadu2026/candidate.php?candidate_id=664,Kamali.S,205,AVANASHI (SC),28,Tamilaga Vettri Kazhagam,No,Post Graduate,,,1,0 ~,0,,,,1,"1,53,000 ~ 1 Lacs+",153000,,Y,0
18,http://myneta.info/TamilNadu2026/candidate.php?candidate_id=18,Menaka. V,205,AVANASHI (SC),28,Naam Tamilar Katchi,No,Graduate,,,1,0 ~,0,,,,1,"63,000 ~ 63 Thou+",63000,,Y,0
3231,http://myneta.info/TamilNadu2026/candidate.php?candidate_id=3231,Moorthi.R,205,AVANASHI (SC),32,IND,No,5th Pass,,,1,0 ~,0,,,,1,0 ~,0,,Y,0
663,http://myneta.info/TamilNadu2026/candidate.php?candidate_id=663,Sathiyarasu. R,205,AVANASHI (SC),38,IND,No,5th Pass,,,1,0 ~,0,,,,1,"1,10,000 ~ 1 Lacs+",110000,,Y,0
3230,http://myneta.info/TamilNadu2026/candidate.php?candidate_id=3230,Subramani.C.K,205,AVANASHI (SC),59,IND,No,Illiterate,,,1,0 ~,0,,,,1,0 ~,0,,Y,0
287,http://myneta.info/TamilNadu2026/candidate.php?candidate_id=287,Ananthi.S,206,DHARAPURAM (SC),41,IND,No,Post Graduate,,,1,0 ~,0,,,,1,"77,000 ~ 77 Thou+",77000,,Y,0
286,http://myneta.info/TamilNadu2026/candidate.php?candidate_id=286,Dhivya,206,DHARAPURAM (SC),28,Naam Tamilar Katchi,No,Post Graduate,,,1,0 ~,0,,,,1,"5,03,000 ~ 5 Lacs+",503000,,Y,0
1075,http://myneta.info/TamilNadu2026/candidate.php?candidate_id=1075,Gowri Chitra,206,DHARAPURAM (SC),54,Tamilaga Vettri Kazhagam,No,Post Graduate,,,1,"82,00,000 ~ 82 Lacs+",8200000,,,,1,0 ~,0,,Y,0
2850,http://myneta.info/TamilNadu2026/candidate.php?candidate_id=2850,Gowri.P,206,DHARAPURAM (SC),36,IND,No,Others,,,1,0 ~,0,,,,1,0 ~,0,,Y,0
2849,http://myneta.info/TamilNadu2026/candidate.php?candidate_id=2849,Indhirani.C,206,DHARAPURAM (SC),51,IND,No,Illiterate,,,1,0 ~,0,,,,1,0 ~,0,,Y,0
1156,http://myneta.info/TamilNadu2026/candidate.php?candidate_id=1156,Indirani.T,206,DHARAPURAM (SC),64,DMK,No,Others,,,1,"6,87,00,000 ~ 6 Crore+",68700000,,,,1,"1,70,81,000 ~ 1 Crore+",17081000,,Y,0
2851,http://myneta.info/TamilNadu2026/candidate.php?candidate_id=2851,Mohanraj.M,206,DHARAPURAM (SC),25,IND,No,Post Graduate,,,1,0 ~,0,,,,1,0 ~,0,,Y,0
2852,http://myneta.info/TamilNadu2026/candidate.php?candidate_id=2852,Rohini.S,206,DHARAPURAM (SC),27,IND,No,Graduate Professional,,,1,0 ~,0,,,,1,0 ~,0,,Y,0
1117,http://myneta.info/TamilNadu2026/candidate.php?candidate_id=1117,Sathyabama.P,206,DHARAPURAM (SC),51,AIADMK,Yes 2,10th Pass,,,1,"9,16,00,000 ~ 9 Crore+",91600000,,,,1,"1,48,50,368 ~ 1 Crore+",14850368,,Y,1
3240,http://myneta.info/TamilNadu2026/candidate.php?candidate_id=3240,B.Rajendran,207,KANGAYAM,69,IND,No,Graduate,,,1,"20,00,000 ~ 20 Lacs+",2000000,,,,1,0 ~,0,,Y,0
3235,http://myneta.info/TamilNadu2026/candidate.php?candidate_id=3235,Gowtham,207,KANGAYAM,37,IND,No,Others,,,1,"55,00,000 ~ 55 Lacs+",5500000,,,,1,0 ~,0,,Y,0
3233,http://myneta.info/TamilNadu2026/candidate.php?candidate_id=3233,K.Arumugam,207,KANGAYAM,59,IND,No,Graduate,,,1,"4,00,000 ~ 4 Lacs+",400000,,,,1,"1,60,000 ~ 1 Lacs+",160000,,Y,0
288,http://myneta.info/TamilNadu2026/candidate.php?candidate_id=288,Karmegan.M,207,KANGAYAM,68,Naam Tamilar Katchi,Yes 1,Post Graduate,,,1,"22,47,00,000 ~ 22 Crore+",224700000,,,,1,0 ~,0,,Y,1
3234,http://myneta.info/TamilNadu2026/candidate.php?candidate_id=3234,Karthikeyan,207,KANGAYAM,41,IND,No,5th Pass,,,1,0 ~,0,,,,1,0 ~,0,,Y,0
1167,http://myneta.info/TamilNadu2026/candidate.php?candidate_id=1167,M.P.Saminathan,207,KANGAYAM,61,DMK,Yes 1,Graduate,,,1,"12,36,85,289 ~ 12 Crore+",123685289,,,,1,"3,11,32,727 ~ 3 Crore+",31132727,,Y,2
793,http://myneta.info/TamilNadu2026/candidate.php?candidate_id=793,Mani Gounder,207,KANGAYAM,72,Tamilaga Vettri Kazhagam,No,12th Pass,,,1,"14,43,20,000 ~ 14 Crore+",144320000,,,,1,"19,11,736 ~ 19 Lacs+",1911736,,Y,0
1364,http://myneta.info/TamilNadu2026/candidate.php?candidate_id=1364,Nsn Nataraj,207,KANGAYAM,68,AIADMK,No,Graduate,,,1,"47,57,42,000 ~ 47 Crore+",475742000,,,,1,"12,32,51,656 ~ 12 Crore+",123251656,,Y,0
3239,http://myneta.info/TamilNadu2026/candidate.php?candidate_id=3239,P.Mani,207,KANGAYAM,47,IND,No,5th Pass,,,1,"1,00,000 ~ 1 Lacs+",100000,,,,1,0 ~,0,,N,0
3238,http://myneta.info/TamilNadu2026/candidate.php?candidate_id=3238,P.Parthiban,207,KANGAYAM,37,IND,No,10th Pass,,,1,"7,75,000 ~ 7 Lacs+",775000,,,,1,0 ~,0,,Y,0
794,http://myneta.info/TamilNadu2026/candidate.php?candidate_id=794,P.Thirugnanasambantham,207,KANGAYAM,50,Party for the Rights of Other backward Classes,No,Graduate Professional,,,1,"6,62,00,000 ~ 6 Crore+",66200000,,,,1,"1,30,000 ~ 1 Lacs+",130000,,Y,0
3237,http://myneta.info/TamilNadu2026/candidate.php?candidate_id=3237,Palanisamy,207,KANGAYAM,46,IND,No,Literate,,,1,"2,22,000 ~ 2 Lacs+",222000,,,,1,0 ~,0,,Y,0
289,http://myneta.info/TamilNadu2026/candidate.php?candidate_id=289,R. Immanuvel,207,KANGAYAM,40,IND,No,12th Pass,,,1,0 ~,0,,,,1,0 ~,0,,Y,0
3232,http://myneta.info/TamilNadu2026/candidate.php?candidate_id=3232,R.Vijayalakshmi,207,KANGAYAM,49,Ganasangam Party of India,No,10th Pass,,,1,"20,00,000 ~ 20 Lacs+",2000000,,,,1,"11,00,000 ~ 11 Lacs+",1100000,,Y,0
3236,http://myneta.info/TamilNadu2026/candidate.php?candidate_id=3236,T.Nataraj,207,KANGAYAM,73,IND,No,5th Pass,,,1,"88,32,500 ~ 88 Lacs+",8832500,,,,1,0 ~,0,,Y,0
2855,http://myneta.info/TamilNadu2026/candidate.php?candidate_id=2855,A Shanmugavel,208,MADATHUKULAM,60,IND,No,5th Pass,,,1,"13,00,000 ~ 13 Lacs+",1300000,,,,1,0 ~,0,,Y,0
2853,http://myneta.info/TamilNadu2026/candidate.php?candidate_id=2853,Ak Senthilkumar,208,MADATHUKULAM,54,Puthiya Tamilagam,No,Graduate,,,1,"57,50,000 ~ 57 Lacs+",5750000,,,,1,"4,00,000 ~ 4 Lacs+",400000,,Y,0
825,http://myneta.info/TamilNadu2026/candidate.php?candidate_id=825,C Shanmugavelu,208,MADATHUKULAM,76,Amma Makkal Munnettra Kazagam,No,Post Graduate,,,1,"3,05,50,000 ~ 3 Crore+",30550000,,,,1,"25,82,860 ~ 25 Lacs+",2582860,,Y,0
2856,http://myneta.info/TamilNadu2026/candidate.php?candidate_id=2856,K Shanmugavel,208,MADATHUKULAM,37,IND,No,8th Pass,,,1,"75,00,000 ~ 75 Lacs+",7500000,,,,1,"11,31,000 ~ 11 Lacs+",1131000,,Y,0
824,http://myneta.info/TamilNadu2026/candidate.php?candidate_id=824,K Vadivazhagan Balaji,208,MADATHUKULAM,38,IND,No,Post Graduate,,,1,"3,47,000 ~ 3 Lacs+",347000,,,,1,0 ~,0,,Y,0
2854,http://myneta.info/TamilNadu2026/candidate.php?candidate_id=2854,M Ahamed Ali,208,MADATHUKULAM,46,IND,No,Others,,,1,0 ~,0,,,,1,0 ~,0,,Y,0
79,http://myneta.info/TamilNadu2026/candidate.php?candidate_id=79,M Radhamani,208,MADATHUKULAM,38,Naam Tamilar Katchi,No,Post Graduate,,,1,"55,00,000 ~ 55 Lacs+",5500000,,,,1,"3,43,913 ~ 3 Lacs+",343913,,Y,0
2858,http://myneta.info/TamilNadu2026/candidate.php?candidate_id=2858,M Shanugavel,208,MADATHUKULAM,45,IND,No,8th Pass,,,1,0 ~,0,,,,1,"5,10,000 ~ 5 Lacs+",510000,,Y,0
2859,http://myneta.info/TamilNadu2026/candidate.php?candidate_id=2859,P Thangaraj,208,MADATHUKULAM,51,IND,No,Literate,,,1,"6,00,000 ~ 6 Lacs+",600000,,,,1,"2,00,000 ~ 2 Lacs+",200000,,Y,0
822,http://myneta.info/TamilNadu2026/candidate.php?candidate_id=822,R Jayaramakrishnan,208,MADATHUKULAM,59,DMK,No,Graduate Professional,,,1,"2,70,90,000 ~ 2 Crore+",27090000,,,,1,"77,68,000 ~ 77 Lacs+",7768000,,Y,0
823,http://myneta.info/TamilNadu2026/candidate.php?candidate_id=823,R Thirumalai,208,MADATHUKULAM,33,Tamilaga Vettri Kazhagam,No,Graduate,,,1,0 ~,0,,,,1,"38,435 ~ 38 Thou+",38435,,Y,0
2857,http://myneta.info/TamilNadu2026/candidate.php?candidate_id=2857,S Shanmugavel,208,MADATHUKULAM,52,IND,No,Illiterate,,,1,"5,00,000 ~ 5 Lacs+",500000,,,,1,0 ~,0,,N,0
2860,http://myneta.info/TamilNadu2026/candidate.php?candidate_id=2860,Sp Mahendran,208,MADATHUKULAM,39,IND,No,Post Graduate,,,1,"60,00,000 ~ 60 Lacs+",6000000,,,,1,"48,90,000 ~ 48 Lacs+",4890000,,Y,0
2537,http://myneta.info/TamilNadu2026/candidate.php?candidate_id=2537,A. Ramesh,209,PALLADAM,43,IND,No,10th Pass,,,1,"31,00,000 ~ 31 Lacs+",3100000,,,,1,"29,02,002 ~ 29 Lacs+",2902002,,Y,0
2530,http://myneta.info/TamilNadu2026/candidate.php?candidate_id=2530,A.Annadurai,209,PALLADAM,53,IND,Yes 9,10th Pass,,,1,0 ~,0,,,,1,"10,87,250 ~ 10 Lacs+",1087250,,Y,2
2533,http://myneta.info/TamilNadu2026/candidate.php?candidate_id=2533,A.Saravanan,209,PALLADAM,52,IND,No,Literate,,,1,"3,00,000 ~ 3 Lacs+",300000,,,,1,0 ~,0,,Y,0
2531,http://myneta.info/TamilNadu2026/candidate.php?candidate_id=2531,Annadurai.R,209,PALLADAM,53,IND,No,Illiterate,,,1,0 ~,0,,,,1,0 ~,0,,Y,0
2534,http://myneta.info/TamilNadu2026/candidate.php?candidate_id=2534,G.Selvaraj,209,PALLADAM,65,IND,No,5th Pass,,,1,"24,00,000 ~ 24 Lacs+",2400000,,,,1,"4,25,000 ~ 4 Lacs+",425000,,Y,0
726,http://myneta.info/TamilNadu2026/candidate.php?candidate_id=726,K.P.Paramasivam,209,PALLADAM,70,AIADMK,No,8th Pass,,,1,"16,45,50,000 ~ 16 Crore+",164550000,,,,1,"2,60,000 ~ 2 Lacs+",260000,,Y,0
1077,http://myneta.info/TamilNadu2026/candidate.php?candidate_id=1077,K.Ramkumar,209,PALLADAM,37,Tamilaga Vettri Kazhagam,No,8th Pass,,,1,"19,00,000 ~ 19 Lacs+",1900000,,,,1,"3,65,414 ~ 3 Lacs+",365414,,Y,0
2527,http://myneta.info/TamilNadu2026/candidate.php?candidate_id=2527,K.Rathinasamy,209,PALLADAM,48,BSP,No,5th Pass,,,1,"10,00,000 ~ 10 Lacs+",1000000,,,,1,"45,500 ~ 45 Thou+",45500,,Y,0
2528,http://myneta.info/TamilNadu2026/candidate.php?candidate_id=2528,K.Sakthivel,209,PALLADAM,46,Anna Puratchi Thalaivar Amma Dravida Munnetra Kazhagam,No,10th Pass,,,1,"20,00,000 ~ 20 Lacs+",2000000,,,,1,0 ~,0,,Y,0
1113,http://myneta.info/TamilNadu2026/candidate.php?candidate_id=1113,K.Selvaraj,209,PALLADAM,70,DMK,No,5th Pass,,,1,"1,59,00,000 ~ 1 Crore+",15900000,,,,1,"42,25,656 ~ 42 Lacs+",4225656,,Y,0
116,http://myneta.info/TamilNadu2026/candidate.php?candidate_id=116,K.V.Thamiliniyan,209,PALLADAM,28,Naam Tamilar Katchi,No,Graduate,,,1,0 ~,0,,,,1,0 ~,0,,Y,0
2535,http://myneta.info/TamilNadu2026/candidate.php?candidate_id=2535,M. Selvaraj,209,PALLADAM,51,IND,No,10th Pass,,,1,0 ~,0,,,,1,0 ~,0,,Y,0
2532,http://myneta.info/TamilNadu2026/candidate.php?candidate_id=2532,S.Arumugam,209,PALLADAM,42,IND,No,Graduate,,,1,"3,00,000 ~ 3 Lacs+",300000,,,,1,0 ~,0,,Y,0
2529,http://myneta.info/TamilNadu2026/candidate.php?candidate_id=2529,S.Dharmaraj,209,PALLADAM,69,Tamilaga Makkal Nala Katchi,No,5th Pass,,,1,0 ~,0,,,,1,0 ~,0,,Y,0
2536,http://myneta.info/TamilNadu2026/candidate.php?candidate_id=2536,V.Mohanraj,209,PALLADAM,27,IND,No,Others,,,1,0 ~,0,,,,1,0 ~,0,,Y,0
2544,http://myneta.info/TamilNadu2026/candidate.php?candidate_id=2544,G.Balakrishnan,210,TIRUPPUR (NORTH),43,IND,Yes 11,8th Pass,,,1,"35,00,000 ~ 35 Lacs+",3500000,,,,1,"24,65,000 ~ 24 Lacs+",2465000,,Y,2
2543,http://myneta.info/TamilNadu2026/candidate.php?candidate_id=2543,Ganishkar,210,TIRUPPUR (NORTH),28,IND,No,Graduate Professional,,,1,"9,00,000 ~ 9 Lacs+",900000,,,,1,0 ~,0,,Y,0
2542,http://myneta.info/TamilNadu2026/candidate.php?candidate_id=2542,K.Anand,210,TIRUPPUR (NORTH),45,IND,No,Illiterate,,,1,0 ~,0,,,,1,0 ~,0,,Y,0
2548,http://myneta.info/TamilNadu2026/candidate.php?candidate_id=2548,K.Venkadaswamy,210,TIRUPPUR (NORTH),68,IND,No,10th Pass,,,1,"35,00,000 ~ 35 Lacs+",3500000,,,,1,0 ~,0,,Y,0
2538,http://myneta.info/TamilNadu2026/candidate.php?candidate_id=2538,L.James Reynold,210,TIRUPPUR (NORTH),47,BSP,No,8th Pass,,,1,0 ~,0,,,,1,0 ~,0,,Y,0
2545,http://myneta.info/TamilNadu2026/candidate.php?candidate_id=2545,M.Rangasamy,210,TIRUPPUR (NORTH),55,IND,No,8th Pass,,,1,"12,00,000 ~ 12 Lacs+",1200000,,,,1,"8,00,000 ~ 8 Lacs+",800000,,Y,0
735,http://myneta.info/TamilNadu2026/candidate.php?candidate_id=735,M.Ravi Alias M.Subramanian,210,TIRUPPUR (NORTH),70,CPI,No,10th Pass,,,1,"2,84,24,200 ~ 2 Crore+",28424200,,,,1,0 ~,0,,Y,0
1109,http://myneta.info/TamilNadu2026/candidate.php?candidate_id=1109,M.S.M.Anandan,210,TIRUPPUR (NORTH),64,AIADMK,Yes 3,10th Pass,,,1,"10,22,00,000 ~ 10 Crore+",102200000,,,,1,"2,63,59,238 ~ 2 Crore+",26359238,,Y,1
2546,http://myneta.info/TamilNadu2026/candidate.php?candidate_id=2546,P.Ravi,210,TIRUPPUR (NORTH),55,IND,No,5th Pass,,,1,"40,00,000 ~ 40 Lacs+",4000000,,,,1,"5,00,000 ~ 5 Lacs+",500000,,Y,0
2540,http://myneta.info/TamilNadu2026/candidate.php?candidate_id=2540,Py.Dhatchinamurthy,210,TIRUPPUR (NORTH),72,Tamizhaga Vaazhvurimai Katchi,No,10th Pass,,,1,0 ~,0,,,,1,0 ~,0,,Y,0
196,http://myneta.info/TamilNadu2026/candidate.php?candidate_id=196,R.Abinaya,210,TIRUPPUR (NORTH),29,Naam Tamilar Katchi,Yes 2,Graduate,,,1,"75,00,000 ~ 75 Lacs+",7500000,,,,1,"74,34,000 ~ 74 Lacs+",7434000,,Y,0
2547,http://myneta.info/TamilNadu2026/candidate.php?candidate_id=2547,R.Vishnumoorthy,210,TIRUPPUR (NORTH),46,IND,No,5th Pass,,,1,0 ~,0,,,,1,"65,000 ~ 65 Thou+",65000,,Y,0
2541,http://myneta.info/TamilNadu2026/candidate.php?candidate_id=2541,S.Anandhakumar,210,TIRUPPUR (NORTH),44,IND,No,12th Pass,,,1,"2,35,00,000 ~ 2 Crore+",23500000,,,,1,"1,84,98,937 ~ 1 Crore+",18498937,,Y,0
2539,http://myneta.info/TamilNadu2026/candidate.php?candidate_id=2539,T.Krishnaswamy,210,TIRUPPUR (NORTH),65,Anna Puratchi Thalaivar Amma Dravida Munnetra Kazhagam,No,Literate,,,1,"10,00,000 ~ 10 Lacs+",1000000,,,,1,0 ~,0,,Y,0
195,http://myneta.info/TamilNadu2026/candidate.php?candidate_id=195,V.Sathyabama,210,TIRUPPUR (NORTH),54,Tamilaga Vettri Kazhagam,Yes 1,Post Graduate,,,1,0 ~,0,,,,1,"96,012 ~ 96 Thou+",96012,,Y,0
1741,http://myneta.info/TamilNadu2026/candidate.php?candidate_id=1741,Amuthavel. P,211,TIRUPPUR (SOUTH),44,IND,No,Graduate,,,1,"30,00,000 ~ 30 Lacs+",3000000,,,,1,0 ~,0,,Y,0
1078,http://myneta.info/TamilNadu2026/candidate.php?candidate_id=1078,Balamurugan. S,211,TIRUPPUR (SOUTH),49,Tamilaga Vettri Kazhagam,Yes 3,12th Pass,,,1,"1,34,64,000 ~ 1 Crore+",13464000,,,,1,"1,29,53,804 ~ 1 Crore+",12953804,,Y,0
1745,http://myneta.info/TamilNadu2026/candidate.php?candidate_id=1745,Dhanabal. D,211,TIRUPPUR (SOUTH),47,IND,No,Graduate,,,1,"6,28,16,200 ~ 6 Crore+",62816200,,,,1,"22,18,504 ~ 22 Lacs+",2218504,,Y,0
197,http://myneta.info/TamilNadu2026/candidate.php?candidate_id=197,Dinesh. P.N,211,TIRUPPUR (SOUTH),38,Naam Tamilar Katchi,No,Post Graduate,,,1,"45,00,000 ~ 45 Lacs+",4500000,,,,1,"36,16,500 ~ 36 Lacs+",3616500,,Y,0
1747,http://myneta.info/TamilNadu2026/candidate.php?candidate_id=1747,Dineshkumar S/O Kalimuthu,211,TIRUPPUR (SOUTH),34,IND,No,12th Pass,,,1,0 ~,0,,,,1,0 ~,0,,Y,0
1746,http://myneta.info/TamilNadu2026/candidate.php?candidate_id=1746,Dineshkumar S/O P.Arumugam,211,TIRUPPUR (SOUTH),33,IND,No,10th Pass,,,1,0 ~,0,,,,1,"15,21,000 ~ 15 Lacs+",1521000,,Y,0
1287,http://myneta.info/TamilNadu2026/candidate.php?candidate_id=1287,Dineshkumar. N,211,TIRUPPUR (SOUTH),47,DMK,No,Post Graduate,,,1,"67,25,00,000 ~ 67 Crore+",672500000,,,,1,"8,07,04,823 ~ 8 Crore+",80704823,,Y,0
1748,http://myneta.info/TamilNadu2026/candidate.php?candidate_id=1748,Dineshkumar. V,211,TIRUPPUR (SOUTH),28,IND,No,12th Pass,,,1,"5,45,500 ~ 5 Lacs+",545500,,,,1,"37,44,880 ~ 37 Lacs+",3744880,,Y,0
1742,http://myneta.info/TamilNadu2026/candidate.php?candidate_id=1742,Dr. Ramakrishnan. S,211,TIRUPPUR (SOUTH),43,IND,Yes 1,Doctorate,,,1,0 ~,0,,,,1,"7,00,000 ~ 7 Lacs+",700000,,Y,1
1740,http://myneta.info/TamilNadu2026/candidate.php?candidate_id=1740,John Basha. A,211,TIRUPPUR (SOUTH),40,Tamizhaga Vaazhvurimai Katchi,Yes 2,12th Pass,,,1,"95,00,000 ~ 95 Lacs+",9500000,,,,1,"35,00,000 ~ 35 Lacs+",3500000,,Y,2
1736,http://myneta.info/TamilNadu2026/candidate.php?candidate_id=1736,Kalimuthu. K,211,TIRUPPUR (SOUTH),42,All India Forward Bloc,No,8th Pass,,,1,"2,63,60,000 ~ 2 Crore+",26360000,,,,1,"60,00,000 ~ 60 Lacs+",6000000,,Y,0
1743,http://myneta.info/TamilNadu2026/candidate.php?candidate_id=1743,Karthikadevi. K,211,TIRUPPUR (SOUTH),31,IND,No,5th Pass,,,1,0 ~,0,,,,1,"2,18,000 ~ 2 Lacs+",218000,,Y,0
1744,http://myneta.info/TamilNadu2026/candidate.php?candidate_id=1744,Kesavamurthi. N,211,TIRUPPUR (SOUTH),43,IND,No,10th Pass,,,1,"2,71,50,000 ~ 2 Crore+",27150000,,,,1,"48,16,000 ~ 48 Lacs+",4816000,,Y,0
1749,http://myneta.info/TamilNadu2026/candidate.php?candidate_id=1749,Mahalingam. V,211,TIRUPPUR (SOUTH),59,IND,No,Literate,,,1,0 ~,0,,,,1,0 ~,0,,Y,0
1737,http://myneta.info/TamilNadu2026/candidate.php?candidate_id=1737,Malarvizhi. G,211,TIRUPPUR (SOUTH),52,Indhu Dravida Makkal Katchi,No,Others,,,1,"15,00,000 ~ 15 Lacs+",1500000,,,,1,"16,54,000 ~ 16 Lacs+",1654000,,Y,0
1738,http://myneta.info/TamilNadu2026/candidate.php?candidate_id=1738,Mohamed Mubarak Ali,211,TIRUPPUR (SOUTH),42,Ganasangam Party of India,No,10th Pass,,,1,0 ~,0,,,,1,"78,000 ~ 78 Thou+",78000,,Y,0
1751,http://myneta.info/TamilNadu2026/candidate.php?candidate_id=1751,Ramesh. S,211,TIRUPPUR (SOUTH),48,IND,No,5th Pass,,,1,"1,00,00,000 ~ 1 Crore+",10000000,,,,1,"14,82,000 ~ 14 Lacs+",1482000,,Y,0
1735,http://myneta.info/TamilNadu2026/candidate.php?candidate_id=1735,Rangasamy. S,211,TIRUPPUR (SOUTH),41,BSP,No,8th Pass,,,1,0 ~,0,,,,1,"2,00,000 ~ 2 Lacs+",200000,,Y,0
1750,http://myneta.info/TamilNadu2026/candidate.php?candidate_id=1750,Rathinavel. M,211,TIRUPPUR (SOUTH),51,IND,No,12th Pass,,,1,"55,00,000 ~ 55 Lacs+",5500000,,,,1,"1,40,000 ~ 1 Lacs+",140000,,Y,0
1288,http://myneta.info/TamilNadu2026/candidate.php?candidate_id=1288,Thangaraj. S,211,TIRUPPUR (SOUTH),47,BJP,No,8th Pass,,,1,"19,28,51,700 ~ 19 Crore+",192851700,,,,1,"4,31,89,038 ~ 4 Crore+",43189038,,Y,0
1752,http://myneta.info/TamilNadu2026/candidate.php?candidate_id=1752,Vasanthamani. K,211,TIRUPPUR (SOUTH),56,IND,No,Literate,,,1,"1,00,00,000 ~ 1 Crore+",10000000,,,,1,0 ~,0,,Y,0
1753,http://myneta.info/TamilNadu2026/candidate.php?candidate_id=1753,Venkadasamy. K,211,TIRUPPUR (SOUTH),68,IND,No,10th Pass,,,1,"35,00,000 ~ 35 Lacs+",3500000,,,,1,0 ~,0,,Y,0
1754,http://myneta.info/TamilNadu2026/candidate.php?candidate_id=1754,Venkatachalam. G,211,TIRUPPUR (SOUTH),63,IND,No,10th Pass,,,1,"20,00,000 ~ 20 Lacs+",2000000,,,,1,0 ~,0,,Y,0
1739,http://myneta.info/TamilNadu2026/candidate.php?candidate_id=1739,Vijayakumar. M,211,TIRUPPUR (SOUTH),50,Anna Puratchi Thalaivar Amma Dravida Munnetra Kazhagam,No,12th Pass,,,1,"50,00,000 ~ 50 Lacs+",5000000,,,,1,0 ~,0,,Y,0
2550,http://myneta.info/TamilNadu2026/candidate.php?candidate_id=2550,Elsy C.,212,UDUMALAIPETTAI,66,IND,No,Others,,,1,0 ~,0,,,,1,0 ~,0,,Y,0
2551,http://myneta.info/TamilNadu2026/candidate.php?candidate_id=2551,Ganesh S.,212,UDUMALAIPETTAI,31,IND,No,8th Pass,,,1,0 ~,0,,,,1,0 ~,0,,Y,0
1299,http://myneta.info/TamilNadu2026/candidate.php?candidate_id=1299,Jayakumar M.,212,UDUMALAIPETTAI,50,DMK,No,Post Graduate,,,1,"2,71,80,000 ~ 2 Crore+",27180000,,,,1,"11,99,763 ~ 11 Lacs+",1199763,,Y,0
2552,http://myneta.info/TamilNadu2026/candidate.php?candidate_id=2552,Kalimuthu S.,212,UDUMALAIPETTAI,37,IND,No,12th Pass,,,1,"22,00,000 ~ 22 Lacs+",2200000,,,,1,"68,37,000 ~ 68 Lacs+",6837000,,Y,0
2554,http://myneta.info/TamilNadu2026/candidate.php?candidate_id=2554,Mahendran A.,212,UDUMALAIPETTAI,34,IND,No,8th Pass,,,1,"3,50,000 ~ 3 Lacs+",350000,,,,1,"12,21,327 ~ 12 Lacs+",1221327,,Y,0
2553,http://myneta.info/TamilNadu2026/candidate.php?candidate_id=2553,Padmendraprakash A.,212,UDUMALAIPETTAI,48,IND,No,8th Pass,,,1,0 ~,0,,,,1,"12,90,000 ~ 12 Lacs+",1290000,,Y,0
1300,http://myneta.info/TamilNadu2026/candidate.php?candidate_id=1300,Radhakrishnan K.,212,UDUMALAIPETTAI,60,AIADMK,Yes 3,Graduate,,,1,"1,89,00,000 ~ 1 Crore+",18900000,,,,1,"50,00,000 ~ 50 Lacs+",5000000,,Y,0
203,http://myneta.info/TamilNadu2026/candidate.php?candidate_id=203,Ram Kumar M.,212,UDUMALAIPETTAI,30,Naam Tamilar Katchi,No,Graduate Professional,,,1,0 ~,0,,,,1,"6,16,139 ~ 6 Lacs+",616139,,Y,0
2555,http://myneta.info/TamilNadu2026/candidate.php?candidate_id=2555,Ramasamy S.,212,UDUMALAIPETTAI,67,IND,No,12th Pass,,,1,"27,00,000 ~ 27 Lacs+",2700000,,,,1,0 ~,0,,Y,0
1079,http://myneta.info/TamilNadu2026/candidate.php?candidate_id=1079,Sankar K.,212,UDUMALAIPETTAI,50,Tamilaga Vettri Kazhagam,No,Literate,,,1,"24,75,000 ~ 24 Lacs+",2475000,,,,1,"7,02,901 ~ 7 Lacs+",702901,,Y,0
2549,http://myneta.info/TamilNadu2026/candidate.php?candidate_id=2549,Umar Ali D.,212,UDUMALAIPETTAI,58,IND,No,Illiterate,,,1,"8,00,000 ~ 8 Lacs+",800000,,,,1,0 ~,0,,Y,0
1592,http://myneta.info/TamilNadu2026/candidate.php?candidate_id=1592,A Poongodi,213,CHENGAM (SC),35,IND,No,12th Pass,,,1,0 ~,0,,,,1,"3,34,000 ~ 3 Lacs+",334000,,Y,0
1591,http://myneta.info/TamilNadu2026/candidate.php?candidate_id=1591,A.Bharathi,213,CHENGAM (SC),34,IND,No,Graduate,,,1,0 ~,0,,,,1,0 ~,0,,Y,0
1588,http://myneta.info/TamilNadu2026/candidate.php?candidate_id=1588,A.Chidambaram,213,CHENGAM (SC),42,IND,No,12th Pass,,,1,"11,00,000 ~ 11 Lacs+",1100000,,,,1,0 ~,0,,Y,0
1584,http://myneta.info/TamilNadu2026/candidate.php?candidate_id=1584,C Selvan,213,CHENGAM (SC),44,Republican Party of India (Athawale),No,8th Pass,,,1,0 ~,0,,,,1,0 ~,0,,Y,0
1587,http://myneta.info/TamilNadu2026/candidate.php?candidate_id=1587,C.Malathi,213,CHENGAM (SC),39,Tamizhaga Vaazhvurimai Katchi,No,8th Pass,,,1,"8,00,000 ~ 8 Lacs+",800000,,,,1,"46,000 ~ 46 Thou+",46000,,Y,0
1590,http://myneta.info/TamilNadu2026/candidate.php?candidate_id=1590,D Dhilipkumar,213,CHENGAM (SC),28,IND,No,Others,,,1,0 ~,0,,,,1,0 ~,0,,Y,0
24,http://myneta.info/TamilNadu2026/candidate.php?candidate_id=24,J.Shoba,213,CHENGAM (SC),31,Naam Tamilar Katchi,No,Post Graduate,,,1,"1,20,000 ~ 1 Lacs+",120000,,,,1,"8,10,000 ~ 8 Lacs+",810000,,Y,0
1585,http://myneta.info/TamilNadu2026/candidate.php?candidate_id=1585,K Bharathidhasan,213,CHENGAM (SC),46,Tamilaga Vettri Kazhagam,Yes 1,Graduate,,,1,"2,14,34,700 ~ 2 Crore+",21434700,,,,1,0 ~,0,,Y,1
1586,http://myneta.info/TamilNadu2026/candidate.php?candidate_id=1586,K Manikandan,213,CHENGAM (SC),30,Makkal Sananayaga Kudiyarasu Katchi,Yes 1,12th Pass,,,1,0 ~,0,,,,1,"9,67,790 ~ 9 Lacs+",967790,,Y,0
1595,http://myneta.info/TamilNadu2026/candidate.php?candidate_id=1595,K.Velu,213,CHENGAM (SC),35,IND,No,10th Pass,,,1,0 ~,0,,,,1,0 ~,0,,Y,0
1593,http://myneta.info/TamilNadu2026/candidate.php?candidate_id=1593,M.Mugilarasan,213,CHENGAM (SC),33,IND,No,Graduate,,,1,0 ~,0,,,,1,0 ~,0,,Y,0
1154,http://myneta.info/TamilNadu2026/candidate.php?candidate_id=1154,M.P.Giri,213,CHENGAM (SC),51,DMK,No,10th Pass,,,1,"3,62,50,000 ~ 3 Crore+",36250000,,,,1,"6,65,96,238 ~ 6 Crore+",66596238,,Y,0
1594,http://myneta.info/TamilNadu2026/candidate.php?candidate_id=1594,M.Raman Masilamani,213,CHENGAM (SC),63,IND,No,5th Pass,,,1,"60,00,000 ~ 60 Lacs+",6000000,,,,1,0 ~,0,,Y,0
1589,http://myneta.info/TamilNadu2026/candidate.php?candidate_id=1589,P.Selvam,213,CHENGAM (SC),47,IND,No,Post Graduate,,,1,"2,00,000 ~ 2 Lacs+",200000,,,,1,"54,000 ~ 54 Thou+",54000,,Y,0
1155,http://myneta.info/TamilNadu2026/candidate.php?candidate_id=1155,S.Velu,213,CHENGAM (SC),53,AIADMK,No,Graduate,,,1,"8,07,70,412 ~ 8 Crore+",80770412,,,,1,"12,78,000 ~ 12 Lacs+",1278000,,Y,0
1871,http://myneta.info/TamilNadu2026/candidate.php?candidate_id=1871,Velu. K,214,TIRUVANNAMALAI,42,IND,No,8th Pass,,,1,"1,25,000 ~ 1 Lacs+",125000,,,,1,0 ~,0,,Y,0
1856,http://myneta.info/TamilNadu2026/candidate.php?candidate_id=1856,Adhithya Palanisamy. A,214,TIRUVANNAMALAI,40,IND,No,Post Graduate,,,1,"77,20,000 ~ 77 Lacs+",7720000,,,,1,"1,16,28,403 ~ 1 Crore+",11628403,,Y,0
1857,http://myneta.info/TamilNadu2026/candidate.php?candidate_id=1857,Ananth. A. M,214,TIRUVANNAMALAI,47,IND,No,Graduate Professional,,,1,"25,00,000 ~ 25 Lacs+",2500000,,,,1,0 ~,0,,Y,0
1855,http://myneta.info/TamilNadu2026/candidate.php?candidate_id=1855,Anbalagan. M,214,TIRUVANNAMALAI,63,IND,No,12th Pass,,,1,0 ~,0,,,,1,0 ~,0,,N,0
1854,http://myneta.info/TamilNadu2026/candidate.php?candidate_id=1854,Arul Anand. V,214,TIRUVANNAMALAI,48,IND,No,Others,,,1,"16,50,000 ~ 16 Lacs+",1650000,,,,1,0 ~,0,,Y,0
1295,http://myneta.info/TamilNadu2026/candidate.php?candidate_id=1295,Arul Arumugam,214,TIRUVANNAMALAI,43,Tamilaga Vettri Kazhagam,Yes 13,Post Graduate,,,1,"3,20,00,000 ~ 3 Crore+",32000000,,,,1,0 ~,0,,Y,0
1853,http://myneta.info/TamilNadu2026/candidate.php?candidate_id=1853,Arul. K,214,TIRUVANNAMALAI,39,IND,No,8th Pass,,,1,0 ~,0,,,,1,0 ~,0,,Y,0
1849,http://myneta.info/TamilNadu2026/candidate.php?candidate_id=1849,Benny Rajan. C.J,214,TIRUVANNAMALAI,48,Republican Party of India (Athawale),No,Graduate,,,1,"3,36,000 ~ 3 Lacs+",336000,,,,1,"23,04,113 ~ 23 Lacs+",2304113,,Y,0
1858,http://myneta.info/TamilNadu2026/candidate.php?candidate_id=1858,Elumalai. A S/O Arumugam,214,TIRUVANNAMALAI,65,IND,No,Literate,,,1,0 ~,0,,,,1,0 ~,0,,Y,0
1294,http://myneta.info/TamilNadu2026/candidate.php?candidate_id=1294,Elumalai. C,214,TIRUVANNAMALAI,67,BJP,Yes 5,Post Graduate,,,1,"4,54,21,022 ~ 4 Crore+",45421022,,,,1,"1,85,00,000 ~ 1 Crore+",18500000,,Y,4
1859,http://myneta.info/TamilNadu2026/candidate.php?candidate_id=1859,Elumalai. C S/O Chinnakuzhanthai,214,TIRUVANNAMALAI,54,IND,No,8th Pass,,,1,0 ~,0,,,,1,0 ~,0,,N,0
1860,http://myneta.info/TamilNadu2026/candidate.php?candidate_id=1860,Elumalai. C S/O Chinnarasu,214,TIRUVANNAMALAI,41,IND,No,8th Pass,,,1,0 ~,0,,,,1,0 ~,0,,N,0
1847,http://myneta.info/TamilNadu2026/candidate.php?candidate_id=1847,Kannan. P,214,TIRUVANNAMALAI,49,Veerath Thiyagi Viswanathadoss Thozhilalarkal Katchi,No,8th Pass,,,1,0 ~,0,,,,1,0 ~,0,,Y,0
1861,http://myneta.info/TamilNadu2026/candidate.php?candidate_id=1861,Kothandapani. B,214,TIRUVANNAMALAI,48,IND,No,10th Pass,,,1,0 ~,0,,,,1,0 ~,0,,Y,0
1864,http://myneta.info/TamilNadu2026/candidate.php?candidate_id=1864,Maheswari. R,214,TIRUVANNAMALAI,50,IND,No,12th Pass,,,1,"18,00,000 ~ 18 Lacs+",1800000,,,,1,"26,00,000 ~ 26 Lacs+",2600000,,Y,0
1850,http://myneta.info/TamilNadu2026/candidate.php?candidate_id=1850,Malli. S,214,TIRUVANNAMALAI,30,Tamizhaga Vaazhvurimai Katchi,No,10th Pass,,,1,"2,00,000 ~ 2 Lacs+",200000,,,,1,0 ~,0,,Y,0
1865,http://myneta.info/TamilNadu2026/candidate.php?candidate_id=1865,Marikkannu. E,214,TIRUVANNAMALAI,33,IND,No,Graduate Professional,,,1,0 ~,0,,,,1,0 ~,0,,Y,0
1866,http://myneta.info/TamilNadu2026/candidate.php?candidate_id=1866,Moorthy. P,214,TIRUVANNAMALAI,43,IND,No,8th Pass,,,1,"1,50,000 ~ 1 Lacs+",150000,,,,1,0 ~,0,,Y,0
1848,http://myneta.info/TamilNadu2026/candidate.php?candidate_id=1848,Nakkiran. A,214,TIRUVANNAMALAI,51,Thamizhaka Padaippalar Makkal Katchi,No,Literate,,,1,0 ~,0,,,,1,0 ~,0,,Y,0
1863,http://myneta.info/TamilNadu2026/candidate.php?candidate_id=1863,Palani. N,214,TIRUVANNAMALAI,58,IND,No,12th Pass,,,1,"60,00,000 ~ 60 Lacs+",6000000,,,,1,0 ~,0,,Y,0
1868,http://myneta.info/TamilNadu2026/candidate.php?candidate_id=1868,Raja. V,214,TIRUVANNAMALAI,50,IND,No,5th Pass,,,1,0 ~,0,,,,1,0 ~,0,,Y,0
1867,http://myneta.info/TamilNadu2026/candidate.php?candidate_id=1867,Ramesh. V,214,TIRUVANNAMALAI,61,IND,No,12th Pass,,,1,"4,61,20,000 ~ 4 Crore+",46120000,,,,1,"95,10,000 ~ 95 Lacs+",9510000,,Y,0
1862,http://myneta.info/TamilNadu2026/candidate.php?candidate_id=1862,Salam .M,214,TIRUVANNAMALAI,71,IND,No,8th Pass,,,1,0 ~,0,,,,1,0 ~,0,,N,0
1293,http://myneta.info/TamilNadu2026/candidate.php?candidate_id=1293,Velu. E.V,214,TIRUVANNAMALAI,76,DMK,No,Post Graduate,,,1,"17,40,00,000 ~ 17 Crore+",174000000,,,,1,0 ~,0,,Y,0
1852,http://myneta.info/TamilNadu2026/candidate.php?candidate_id=1852,Velu. V,214,TIRUVANNAMALAI,39,Anti Corruption Dynamic Party,No,Graduate,,,1,0 ~,0,,,,1,0 ~,0,,Y,0
1870,http://myneta.info/TamilNadu2026/candidate.php?candidate_id=1870,Venkatesan. M,214,TIRUVANNAMALAI,43,IND,No,Graduate Professional,,,1,"7,11,000 ~ 7 Lacs+",711000,,,,1,0 ~,0,,Y,0
1869,http://myneta.info/TamilNadu2026/candidate.php?candidate_id=1869,Vignesh. M,214,TIRUVANNAMALAI,34,IND,No,Graduate Professional,,,1,0 ~,0,,,,1,0 ~,0,,Y,0
200,http://myneta.info/TamilNadu2026/candidate.php?candidate_id=200,Vignesh. S,214,TIRUVANNAMALAI,33,Naam Tamilar Katchi,No,Graduate Professional,,,1,0 ~,0,,,,1,0 ~,0,,Y,0
1851,http://myneta.info/TamilNadu2026/candidate.php?candidate_id=1851,Vijayakumar. S,214,TIRUVANNAMALAI,47,Naadaalum Makkal Katchi,No,Others,,,1,0 ~,0,,,,1,0 ~,0,,Y,0
3565,http://myneta.info/TamilNadu2026/candidate.php?candidate_id=3565,Athiyamaan.M,215,KILPENNATHUR,33,IND,No,Post Graduate,,,1,0 ~,0,,,,1,0 ~,0,,Y,0
342,http://myneta.info/TamilNadu2026/candidate.php?candidate_id=342,Dhilipkumar.D,215,KILPENNATHUR,28,IND,No,Others,,,1,0 ~,0,,,,1,0 ~,0,,Y,0
3564,http://myneta.info/TamilNadu2026/candidate.php?candidate_id=3564,Janakiraman.R,215,KILPENNATHUR,61,Aanaithinthiya Jananayaka Pathukappu Kazhagam,Yes 1,12th Pass,,,1,"2,05,000 ~ 2 Lacs+",205000,,,,1,0 ~,0,,Y,2
65,http://myneta.info/TamilNadu2026/candidate.php?candidate_id=65,Loganathan.V,215,KILPENNATHUR,40,Naam Tamilar Katchi,No,Graduate Professional,,,1,"90,00,800 ~ 90 Lacs+",9000800,,,,1,0 ~,0,,Y,0
3563,http://myneta.info/TamilNadu2026/candidate.php?candidate_id=3563,Lokeshwaran.R,215,KILPENNATHUR,27,Anti Corruption Dynamic Party,No,Others,,,1,0 ~,0,,,,1,0 ~,0,,Y,0
3573,http://myneta.info/TamilNadu2026/candidate.php?candidate_id=3573,Murugan.M,215,KILPENNATHUR,53,IND,No,12th Pass,,,1,0 ~,0,,,,1,0 ~,0,,Y,0
3570,http://myneta.info/TamilNadu2026/candidate.php?candidate_id=3570,Pichandi.D,215,KILPENNATHUR,61,IND,No,Graduate,,,1,0 ~,0,,,,1,0 ~,0,,N,0
3571,http://myneta.info/TamilNadu2026/candidate.php?candidate_id=3571,Pichandi.R,215,KILPENNATHUR,55,IND,No,10th Pass,,,1,0 ~,0,,,,1,0 ~,0,,N,0
3572,http://myneta.info/TamilNadu2026/candidate.php?candidate_id=3572,Pichandi.V,215,KILPENNATHUR,60,IND,No,8th Pass,,,1,0 ~,0,,,,1,0 ~,0,,N,0
1102,http://myneta.info/TamilNadu2026/candidate.php?candidate_id=1102,Pitchandi.K,215,KILPENNATHUR,71,DMK,No,Post Graduate,,,1,"2,97,95,000 ~ 2 Crore+",29795000,,,,1,"45,45,650 ~ 45 Lacs+",4545650,,Y,0
262,http://myneta.info/TamilNadu2026/candidate.php?candidate_id=262,Raja.D,215,KILPENNATHUR,33,Tamilaga Vettri Kazhagam,No,Post Graduate,,,1,"4,50,750 ~ 4 Lacs+",450750,,,,1,"14,54,000 ~ 14 Lacs+",1454000,,Y,0
3576,http://myneta.info/TamilNadu2026/candidate.php?candidate_id=3576,Rajasekar.I,215,KILPENNATHUR,34,IND,No,10th Pass,,,1,0 ~,0,,,,1,0 ~,0,,N,0
344,http://myneta.info/TamilNadu2026/candidate.php?candidate_id=344,Rajkumar.R,215,KILPENNATHUR,38,IND,No,12th Pass,,,1,"3,00,000 ~ 3 Lacs+",300000,,,,1,0 ~,0,,Y,0
3575,http://myneta.info/TamilNadu2026/candidate.php?candidate_id=3575,Ramachandiran.R,215,KILPENNATHUR,35,IND,No,8th Pass,,,1,0 ~,0,,,,1,0 ~,0,,Y,0
3566,http://myneta.info/TamilNadu2026/candidate.php?candidate_id=3566,Ramachandran.K S/O Kaliyamoorthi,215,KILPENNATHUR,47,IND,No,10th Pass,,,1,0 ~,0,,,,1,0 ~,0,,Y,0
3574,http://myneta.info/TamilNadu2026/candidate.php?candidate_id=3574,Ramachandran.K S/O Kannan,215,KILPENNATHUR,55,IND,No,Illiterate,,,1,"1,55,00,000 ~ 1 Crore+",15500000,,,,1,0 ~,0,,N,0
1173,http://myneta.info/TamilNadu2026/candidate.php?candidate_id=1173,Ramachandran.S,215,KILPENNATHUR,65,AIADMK,No,10th Pass,,,1,"10,52,25,500 ~ 10 Crore+",105225500,,,,1,"15,56,13,312 ~ 15 Crore+",155613312,,Y,0
3568,http://myneta.info/TamilNadu2026/candidate.php?candidate_id=3568,Sampathraj.M,215,KILPENNATHUR,46,IND,No,Graduate,,,1,"3,70,000 ~ 3 Lacs+",370000,,,,1,"5,50,000 ~ 5 Lacs+",550000,,Y,0
343,http://myneta.info/TamilNadu2026/candidate.php?candidate_id=343,Santhoshkumar.E,215,KILPENNATHUR,35,IND,No,10th Pass,,,1,0 ~,0,,,,1,0 ~,0,,Y,0
3567,http://myneta.info/TamilNadu2026/candidate.php?candidate_id=3567,Sasikumar.S,215,KILPENNATHUR,49,IND,No,12th Pass,,,1,0 ~,0,,,,1,0 ~,0,,Y,0
341,http://myneta.info/TamilNadu2026/candidate.php?candidate_id=341,Shanmugam.A,215,KILPENNATHUR,58,Thamizhaka Padaippalar Makkal Katchi,No,10th Pass,,,1,0 ~,0,,,,1,0 ~,0,,Y,0
3569,http://myneta.info/TamilNadu2026/candidate.php?candidate_id=3569,Suryaprakash.S,215,KILPENNATHUR,34,IND,No,Doctorate,,,1,"7,04,000 ~ 7 Lacs+",704000,,,,1,0 ~,0,,Y,0
1367,http://myneta.info/TamilNadu2026/candidate.php?candidate_id=1367,Agri Krishnamurthy. S S,216,KALASAPAKKAM,66,AIADMK,Yes 1,Graduate Professional,,,1,"3,97,87,100 ~ 3 Crore+",39787100,,,,1,"2,76,12,118 ~ 2 Crore+",27612118,,Y,0
387,http://myneta.info/TamilNadu2026/candidate.php?candidate_id=387,Balaji. P,216,KALASAPAKKAM,53,IND,No,Literate,,,1,"50,00,000 ~ 50 Lacs+",5000000,,,,1,"10,00,000 ~ 10 Lacs+",1000000,,Y,0
388,http://myneta.info/TamilNadu2026/candidate.php?candidate_id=388,Baskaran. R,216,KALASAPAKKAM,52,IND,No,Others,,,1,"15,00,000 ~ 15 Lacs+",1500000,,,,1,0 ~,0,,Y,0
389,http://myneta.info/TamilNadu2026/candidate.php?candidate_id=389,Deiveegan. P,216,KALASAPAKKAM,50,IND,No,12th Pass,,,1,"62,55,000 ~ 62 Lacs+",6255000,,,,1,"9,66,700 ~ 9 Lacs+",966700,,Y,0
384,http://myneta.info/TamilNadu2026/candidate.php?candidate_id=384,Elumalai. P,216,KALASAPAKKAM,34,Tamilaga Vettri Kazhagam,No,Graduate Professional,,,1,"8,00,000 ~ 8 Lacs+",800000,,,,1,"5,35,000 ~ 5 Lacs+",535000,,Y,0
3524,http://myneta.info/TamilNadu2026/candidate.php?candidate_id=3524,Elumalai. S,216,KALASAPAKKAM,46,IND,No,10th Pass,,,1,"40,00,000 ~ 40 Lacs+",4000000,,,,1,"2,83,500 ~ 2 Lacs+",283500,,Y,0
3525,http://myneta.info/TamilNadu2026/candidate.php?candidate_id=3525,Elumalai. T,216,KALASAPAKKAM,61,IND,No,12th Pass,,,1,"30,00,000 ~ 30 Lacs+",3000000,,,,1,"1,85,000 ~ 1 Lacs+",185000,,Y,0
3526,http://myneta.info/TamilNadu2026/candidate.php?candidate_id=3526,Kamaraj. G,216,KALASAPAKKAM,46,IND,No,8th Pass,,,1,0 ~,0,,,,1,0 ~,0,,Y,0
3530,http://myneta.info/TamilNadu2026/candidate.php?candidate_id=3530,Kothandapani. B,216,KALASAPAKKAM,48,IND,No,10th Pass,,,1,0 ~,0,,,,1,0 ~,0,,Y,0
3528,http://myneta.info/TamilNadu2026/candidate.php?candidate_id=3528,Krishnamurthy. M,216,KALASAPAKKAM,54,IND,No,5th Pass,,,1,"24,50,000 ~ 24 Lacs+",2450000,,,,1,0 ~,0,,Y,0
3529,http://myneta.info/TamilNadu2026/candidate.php?candidate_id=3529,Krishnamurthy. R,216,KALASAPAKKAM,63,IND,No,5th Pass,,,1,"2,80,000 ~ 2 Lacs+",280000,,,,1,"25,000 ~ 25 Thou+",25000,,Y,0
3527,http://myneta.info/TamilNadu2026/candidate.php?candidate_id=3527,Krishnamurthy. S,216,KALASAPAKKAM,56,IND,No,Illiterate,,,1,0 ~,0,,,,1,0 ~,0,,Y,0
386,http://myneta.info/TamilNadu2026/candidate.php?candidate_id=386,Manikandan. K,216,KALASAPAKKAM,29,IND,No,Graduate Professional,,,1,"10,00,000 ~ 10 Lacs+",1000000,,,,1,"64,000 ~ 64 Thou+",64000,,Y,0
3532,http://myneta.info/TamilNadu2026/candidate.php?candidate_id=3532,Raja. N,216,KALASAPAKKAM,52,IND,No,10th Pass,,,1,0 ~,0,,,,1,0 ~,0,,Y,0
385,http://myneta.info/TamilNadu2026/candidate.php?candidate_id=385,Santhakumaran. A,216,KALASAPAKKAM,44,IND,No,Graduate Professional,,,1,"6,60,000 ~ 6 Lacs+",660000,,,,1,0 ~,0,,Y,0
3531,http://myneta.info/TamilNadu2026/candidate.php?candidate_id=3531,Saravanan. K,216,KALASAPAKKAM,42,IND,No,10th Pass,,,1,"23,50,000 ~ 23 Lacs+",2350000,,,,1,0 ~,0,,Y,0
1366,http://myneta.info/TamilNadu2026/candidate.php?candidate_id=1366,Saravanan. P.S.T,216,KALASAPAKKAM,57,DMK,No,Post Graduate,,,1,"5,87,96,000 ~ 5 Crore+",58796000,,,,1,"1,86,255 ~ 1 Lacs+",186255,,Y,0
3522,http://myneta.info/TamilNadu2026/candidate.php?candidate_id=3522,Saravanan. V,216,KALASAPAKKAM,39,Tamizhaga Vaazhvurimai Katchi,No,10th Pass,,,1,0 ~,0,,,,1,0 ~,0,,Y,0
3521,http://myneta.info/TamilNadu2026/candidate.php?candidate_id=3521,Sathya. V,216,KALASAPAKKAM,35,Naadaalum Makkal Katchi,No,8th Pass,,,1,0 ~,0,,,,1,0 ~,0,,Y,0
53,http://myneta.info/TamilNadu2026/candidate.php?candidate_id=53,Seetha Sivanandam. P,216,KALASAPAKKAM,36,Naam Tamilar Katchi,No,Post Graduate,,,1,"3,00,000 ~ 3 Lacs+",300000,,,,1,0 ~,0,,Y,0
3523,http://myneta.info/TamilNadu2026/candidate.php?candidate_id=3523,Suman. M,216,KALASAPAKKAM,43,Aanaithinthiya Jananayaka Pathukappu Kazhagam,No,12th Pass,,,1,"3,00,000 ~ 3 Lacs+",300000,,,,1,"8,88,569 ~ 8 Lacs+",888569,,Y,0
1080,http://myneta.info/TamilNadu2026/candidate.php?candidate_id=1080,Abishek. R,217,POLUR,30,Tamilaga Vettri Kazhagam,Yes 1,Post Graduate,,,1,0 ~,0,,,,1,0 ~,0,,Y,1
1828,http://myneta.info/TamilNadu2026/candidate.php?candidate_id=1828,Banupriya. D,217,POLUR,43,Republican Party of India (Athawale),No,8th Pass,,,1,0 ~,0,,,,1,0 ~,0,,Y,0
1834,http://myneta.info/TamilNadu2026/candidate.php?candidate_id=1834,Baskaran. C,217,POLUR,50,IND,No,10th Pass,,,1,"9,00,000 ~ 9 Lacs+",900000,,,,1,"4,00,000 ~ 4 Lacs+",400000,,Y,0
1221,http://myneta.info/TamilNadu2026/candidate.php?candidate_id=1221,Baskaran. C. R,217,POLUR,64,Pattali Makkal Katchi,No,Post Graduate,,,1,"2,84,00,000 ~ 2 Crore+",28400000,,,,1,0 ~,0,,Y,0
1827,http://myneta.info/TamilNadu2026/candidate.php?candidate_id=1827,Dhavamani. P,217,POLUR,56,Anti Corruption Dynamic Party,No,12th Pass,,,1,"79,88,000 ~ 79 Lacs+",7988000,,,,1,"31,70,000 ~ 31 Lacs+",3170000,,Y,0
1830,http://myneta.info/TamilNadu2026/candidate.php?candidate_id=1830,Ezhil Arasu. M M.A. L.L.M.,217,POLUR,42,IND,No,Post Graduate,,,1,0 ~,0,,,,1,0 ~,0,,Y,0
1829,http://myneta.info/TamilNadu2026/candidate.php?candidate_id=1829,Manikandan. R,217,POLUR,38,Aanaithinthiya Jananayaka Pathukappu Kazhagam,No,Others,,,1,0 ~,0,,,,1,"5,80,000 ~ 5 Lacs+",580000,,Y,0
1835,http://myneta.info/TamilNadu2026/candidate.php?candidate_id=1835,Purusothaman. M,217,POLUR,43,IND,No,Graduate Professional,,,1,0 ~,0,,,,1,0 ~,0,,N,0
1832,http://myneta.info/TamilNadu2026/candidate.php?candidate_id=1832,Saravanan. M,217,POLUR,40,IND,No,Graduate,,,1,0 ~,0,,,,1,"45,000 ~ 45 Thou+",45000,,Y,0
1831,http://myneta.info/TamilNadu2026/candidate.php?candidate_id=1831,Saravanan. P,217,POLUR,48,IND,No,8th Pass,,,1,"5,00,000 ~ 5 Lacs+",500000,,,,1,0 ~,0,,N,0
1220,http://myneta.info/TamilNadu2026/candidate.php?candidate_id=1220,Saravanan. P,217,POLUR,51,Desiya Murpokku Dravida Kazhagam,Yes 1,Post Graduate,,,1,"1,28,75,000 ~ 1 Crore+",12875000,,,,1,"19,94,707 ~ 19 Lacs+",1994707,,Y,0
1825,http://myneta.info/TamilNadu2026/candidate.php?candidate_id=1825,Shanmugavelu. A,217,POLUR,49,Veerath Thiyagi Viswanathadoss Thozhilalarkal Katchi,No,10th Pass,,,1,0 ~,0,,,,1,0 ~,0,,Y,0
1833,http://myneta.info/TamilNadu2026/candidate.php?candidate_id=1833,Subha. A,217,POLUR,41,IND,No,12th Pass,,,1,0 ~,0,,,,1,"7,80,000 ~ 7 Lacs+",780000,,Y,0
1826,http://myneta.info/TamilNadu2026/candidate.php?candidate_id=1826,Syed Mukram. R. N,217,POLUR,39,Tamizhaga Vaazhvurimai Katchi,No,5th Pass,,,1,"5,82,500 ~ 5 Lacs+",582500,,,,1,0 ~,0,,Y,0
129,http://myneta.info/TamilNadu2026/candidate.php?candidate_id=129,Umadevi. A,217,POLUR,42,Naam Tamilar Katchi,No,Graduate,,,1,"37,21,000 ~ 37 Lacs+",3721000,,,,1,"35,78,457 ~ 35 Lacs+",3578457,,Y,0
3409,http://myneta.info/TamilNadu2026/candidate.php?candidate_id=3409,Ammu. V,218,ARANI,52,IND,No,12th Pass,,,1,0 ~,0,,,,1,0 ~,0,,Y,0
3414,http://myneta.info/TamilNadu2026/candidate.php?candidate_id=3414,Baskaran. S,218,ARANI,47,IND,No,10th Pass,,,1,0 ~,0,,,,1,0 ~,0,,Y,0
3413,http://myneta.info/TamilNadu2026/candidate.php?candidate_id=3413,Dhamotharan. M,218,ARANI,44,IND,No,Graduate,,,1,"35,90,000 ~ 35 Lacs+",3590000,,,,1,0 ~,0,,Y,0
315,http://myneta.info/TamilNadu2026/candidate.php?candidate_id=315,Dhavamani. R,218,ARANI,34,Naam Tamilar Katchi,No,Post Graduate,,,1,"7,39,087 ~ 7 Lacs+",739087,,,,1,"15,47,929 ~ 15 Lacs+",1547929,,Y,0
313,http://myneta.info/TamilNadu2026/candidate.php?candidate_id=313,Ekambaram. V,218,ARANI,47,IND,No,10th Pass,,,1,"5,00,000 ~ 5 Lacs+",500000,,,,1,0 ~,0,,Y,0
403,http://myneta.info/TamilNadu2026/candidate.php?candidate_id=403,Ganapathy. S,218,ARANI,34,Thamizhaka Padaippalar Makkal Katchi,No,Others,,,1,0 ~,0,,,,1,"4,00,000 ~ 4 Lacs+",400000,,Y,0
3418,http://myneta.info/TamilNadu2026/candidate.php?candidate_id=3418,Jayanthi. E,218,ARANI,44,IND,No,12th Pass,,,1,0 ~,0,,,,1,0 ~,0,,Y,0
3419,http://myneta.info/TamilNadu2026/candidate.php?candidate_id=3419,Jayanthi. M,218,ARANI,52,IND,No,12th Pass,,,1,0 ~,0,,,,1,0 ~,0,,Y,0
1406,http://myneta.info/TamilNadu2026/candidate.php?candidate_id=1406,Jayasudha. L,218,ARANI,51,AIADMK,No,12th Pass,,,1,"28,75,14,000 ~ 28 Crore+",287514000,,,,1,"9,13,89,457 ~ 9 Crore+",91389457,,Y,0
3406,http://myneta.info/TamilNadu2026/candidate.php?candidate_id=3406,Kalaimani. V,218,ARANI,45,Aanaithinthiya Jananayaka Pathukappu Kazhagam,Yes 1,10th Pass,,,1,"26,63,000 ~ 26 Lacs+",2663000,,,,1,"11,90,000 ~ 11 Lacs+",1190000,,Y,0
3405,http://myneta.info/TamilNadu2026/candidate.php?candidate_id=3405,Mahalakshmi Govarthanan,218,ARANI,44,DMK,No,Graduate Professional,,,1,"1,57,08,050 ~ 1 Crore+",15708050,,,,1,"3,04,05,317 ~ 3 Crore+",30405317,,Y,0
3415,http://myneta.info/TamilNadu2026/candidate.php?candidate_id=3415,Mahalakshmi. G W/O Ganesan,218,ARANI,37,IND,No,10th Pass,,,1,0 ~,0,,,,1,"90,000 ~ 90 Thou+",90000,,Y,0
1407,http://myneta.info/TamilNadu2026/candidate.php?candidate_id=1407,Mahalakshmi. G W/O Gopalakrishnan,218,ARANI,33,IND,No,5th Pass,,,1,"60,000 ~ 60 Thou+",60000,,,,1,0 ~,0,,Y,0
404,http://myneta.info/TamilNadu2026/candidate.php?candidate_id=404,Sakthivel. S,218,ARANI,38,IND,No,10th Pass,,,1,0 ~,0,,,,1,0 ~,0,,N,0
3410,http://myneta.info/TamilNadu2026/candidate.php?candidate_id=3410,Saravanan. S,218,ARANI,52,IND,No,Others,,,1,0 ~,0,,,,1,0 ~,0,,Y,0
314,http://myneta.info/TamilNadu2026/candidate.php?candidate_id=314,Selvakotti. E,218,ARANI,46,Veerath Thiyagi Viswanathadoss Thozhilalarkal Katchi,No,5th Pass,,,1,0 ~,0,,,,1,0 ~,0,,Y,0
3412,http://myneta.info/TamilNadu2026/candidate.php?candidate_id=3412,Sethurama Sasthri. G,218,ARANI,46,IND,No,10th Pass,,,1,"32,00,000 ~ 32 Lacs+",3200000,,,,1,0 ~,0,,Y,0
405,http://myneta.info/TamilNadu2026/candidate.php?candidate_id=405,Silambarasan. C,218,ARANI,36,IND,No,10th Pass,,,1,0 ~,0,,,,1,"4,86,000 ~ 4 Lacs+",486000,,Y,0
3411,http://myneta.info/TamilNadu2026/candidate.php?candidate_id=3411,Sudha. S,218,ARANI,41,IND,No,12th Pass,,,1,0 ~,0,,,,1,0 ~,0,,Y,0
3407,http://myneta.info/TamilNadu2026/candidate.php?candidate_id=3407,Suresh. S,218,ARANI,36,Tamizhaga Vaazhvurimai Katchi,No,5th Pass,,,1,0 ~,0,,,,1,"2,50,000 ~ 2 Lacs+",250000,,Y,0
3408,http://myneta.info/TamilNadu2026/candidate.php?candidate_id=3408,Tamilmannan. D,218,ARANI,65,Samaniya Makkal Nala Katchi,No,10th Pass,,,1,0 ~,0,,,,1,0 ~,0,,Y,0
3417,http://myneta.info/TamilNadu2026/candidate.php?candidate_id=3417,Venkatesan. P,218,ARANI,42,IND,No,Literate,,,1,0 ~,0,,,,1,0 ~,0,,Y,0
402,http://myneta.info/TamilNadu2026/candidate.php?candidate_id=402,Venkatesh Kumar. D,218,ARANI,49,Tamilaga Vettri Kazhagam,No,Post Graduate,,,1,"1,64,36,000 ~ 1 Crore+",16436000,,,,1,"25,47,000 ~ 25 Lacs+",2547000,,Y,0
3416,http://myneta.info/TamilNadu2026/candidate.php?candidate_id=3416,Vinoth. A,218,ARANI,33,IND,Yes 2,5th Pass,,,1,0 ~,0,,,,1,0 ~,0,,Y,0
2847,http://myneta.info/TamilNadu2026/candidate.php?candidate_id=2847,Arjunan. M,219,CHEYYAR,50,IND,No,8th Pass,,,1,0 ~,0,,,,1,0 ~,0,,Y,0
2841,http://myneta.info/TamilNadu2026/candidate.php?candidate_id=2841,Chandrasekaran. M,219,CHEYYAR,48,All India Jananayaka Makkal Kazhagam,No,8th Pass,,,1,0 ~,0,,,,1,0 ~,0,,Y,0
2843,http://myneta.info/TamilNadu2026/candidate.php?candidate_id=2843,Durugan. M,219,CHEYYAR,58,Vanchit Bahujan Aaghadi,No,Graduate,,,1,"1,00,000 ~ 1 Lacs+",100000,,,,1,0 ~,0,,Y,0
678,http://myneta.info/TamilNadu2026/candidate.php?candidate_id=678,Dusi K Mohan,219,CHEYYAR,68,Tamilaga Vettri Kazhagam,Yes 1,Graduate,,,1,"5,10,00,000 ~ 5 Crore+",51000000,,,,1,"32,05,903 ~ 32 Lacs+",3205903,,Y,0
1394,http://myneta.info/TamilNadu2026/candidate.php?candidate_id=1394,Jothi. O,219,CHEYYAR,55,DMK,No,Graduate,,,1,"2,43,46,000 ~ 2 Crore+",24346000,,,,1,"2,80,000 ~ 2 Lacs+",280000,,Y,0
679,http://myneta.info/TamilNadu2026/candidate.php?candidate_id=679,Kuttimani. S,219,CHEYYAR,41,Veerath Thiyagi Viswanathadoss Thozhilalarkal Katchi,No,5th Pass,,,1,"5,00,000 ~ 5 Lacs+",500000,,,,1,0 ~,0,,Y,0
2848,http://myneta.info/TamilNadu2026/candidate.php?candidate_id=2848,Mohan. R,219,CHEYYAR,30,IND,No,Graduate,,,1,0 ~,0,,,,1,0 ~,0,,Y,0
295,http://myneta.info/TamilNadu2026/candidate.php?candidate_id=295,Mukkur N. Subramanian,219,CHEYYAR,67,AIADMK,Yes 2,Graduate,,,1,"3,24,73,896 ~ 3 Crore+",32473896,,,,1,"2,58,76,500 ~ 2 Crore+",25876500,,Y,0
2844,http://myneta.info/TamilNadu2026/candidate.php?candidate_id=2844,Palani. M,219,CHEYYAR,41,Tamizhaga Vaazhvurimai Katchi,Yes 1,10th Pass,,,1,"19,00,000 ~ 19 Lacs+",1900000,,,,1,"11,59,066 ~ 11 Lacs+",1159066,,Y,0
2845,http://myneta.info/TamilNadu2026/candidate.php?candidate_id=2845,Ragupathi. S,219,CHEYYAR,58,Anti Corruption Dynamic Party,Yes 1,Graduate,,,1,"2,75,000 ~ 2 Lacs+",275000,,,,1,"80,000 ~ 80 Thou+",80000,,Y,2
2842,http://myneta.info/TamilNadu2026/candidate.php?candidate_id=2842,Srinivasan. K,219,CHEYYAR,46,Aanaithinthiya Jananayaka Pathukappu Kazhagam,Yes 1,10th Pass,,,1,"1,52,00,000 ~ 1 Crore+",15200000,,,,1,"46,53,000 ~ 46 Lacs+",4653000,,Y,0
25,http://myneta.info/TamilNadu2026/candidate.php?candidate_id=25,Tamilselvan. M,219,CHEYYAR,25,Naam Tamilar Katchi,No,Graduate Professional,,,1,0 ~,0,,,,1,0 ~,0,,Y,0
2846,http://myneta.info/TamilNadu2026/candidate.php?candidate_id=2846,Venkatesan. V,219,CHEYYAR,70,Anaithindia Samudaya Munnetra Kazhagam,No,Post Graduate,,,1,"4,75,00,000 ~ 4 Crore+",47500000,,,,1,"9,45,000 ~ 9 Lacs+",945000,,Y,0
1759,http://myneta.info/TamilNadu2026/candidate.php?candidate_id=1759,Ambedkar. T,220,VANDAVASI (SC),26,IND,No,Post Graduate,,,1,0 ~,0,,,,1,"9,00,000 ~ 9 Lacs+",900000,,Y,0
1307,http://myneta.info/TamilNadu2026/candidate.php?candidate_id=1307,Ambethkumar. S,220,VANDAVASI (SC),49,DMK,Yes 2,10th Pass,,,1,"13,38,70,815 ~ 13 Crore+",133870815,,,,1,"9,45,39,371 ~ 9 Crore+",94539371,,Y,0
1760,http://myneta.info/TamilNadu2026/candidate.php?candidate_id=1760,Arjunan. M,220,VANDAVASI (SC),50,IND,No,8th Pass,,,1,0 ~,0,,,,1,0 ~,0,,Y,0
207,http://myneta.info/TamilNadu2026/candidate.php?candidate_id=207,Ganesh. R,220,VANDAVASI (SC),42,Naam Tamilar Katchi,Yes 1,Graduate,,,1,"14,81,600 ~ 14 Lacs+",1481600,,,,1,"39,28,648 ~ 39 Lacs+",3928648,,Y,0
1765,http://myneta.info/TamilNadu2026/candidate.php?candidate_id=1765,Jaisankar. M,220,VANDAVASI (SC),43,IND,No,5th Pass,,,1,0 ~,0,,,,1,0 ~,0,,Y,0
1762,http://myneta.info/TamilNadu2026/candidate.php?candidate_id=1762,Kanniyappan. S,220,VANDAVASI (SC),56,IND,No,8th Pass,,,1,"15,00,000 ~ 15 Lacs+",1500000,,,,1,0 ~,0,,Y,0
1757,http://myneta.info/TamilNadu2026/candidate.php?candidate_id=1757,Muthuperumal. K,220,VANDAVASI (SC),33,Aanaithinthiya Jananayaka Pathukappu Kazhagam,Yes 1,Post Graduate,,,1,"85,00,000 ~ 85 Lacs+",8500000,,,,1,"11,72,000 ~ 11 Lacs+",1172000,,Y,0
1756,http://myneta.info/TamilNadu2026/candidate.php?candidate_id=1756,Muthuselvam. V,220,VANDAVASI (SC),38,Anti Corruption Dynamic Party,No,Graduate,,,1,"6,30,000 ~ 6 Lacs+",630000,,,,1,"2,50,000 ~ 2 Lacs+",250000,,Y,0
1763,http://myneta.info/TamilNadu2026/candidate.php?candidate_id=1763,Ponnambalam. P,220,VANDAVASI (SC),56,IND,No,Graduate,,,1,0 ~,0,,,,1,0 ~,0,,Y,0
1758,http://myneta.info/TamilNadu2026/candidate.php?candidate_id=1758,Rakesh Sharma. R,220,VANDAVASI (SC),37,Thakkam Katchi,No,Graduate Professional,,,1,0 ~,0,,,,1,0 ~,0,,Y,0
1764,http://myneta.info/TamilNadu2026/candidate.php?candidate_id=1764,Rani. A,220,VANDAVASI (SC),53,IND,No,Illiterate,,,1,0 ~,0,,,,1,0 ~,0,,Y,0
1082,http://myneta.info/TamilNadu2026/candidate.php?candidate_id=1082,Rani. P,220,VANDAVASI (SC),54,AIADMK,No,5th Pass,,,1,"22,50,000 ~ 22 Lacs+",2250000,,,,1,0 ~,0,,Y,0
1755,http://myneta.info/TamilNadu2026/candidate.php?candidate_id=1755,Thamarai Selvi. S,220,VANDAVASI (SC),38,Tamizhaga Vaazhvurimai Katchi,No,8th Pass,,,1,0 ~,0,,,,1,0 ~,0,,Y,0
1081,http://myneta.info/TamilNadu2026/candidate.php?candidate_id=1081,Udhayakumar. M,220,VANDAVASI (SC),32,Tamilaga Vettri Kazhagam,Yes 3,Others,,,1,"4,00,000 ~ 4 Lacs+",400000,,,,1,"16,32,000 ~ 16 Lacs+",1632000,,Y,0
1761,http://myneta.info/TamilNadu2026/candidate.php?candidate_id=1761,Udhayakumar. N,220,VANDAVASI (SC),36,IND,No,10th Pass,,,1,0 ~,0,,,,1,0 ~,0,,Y,0
334,http://myneta.info/TamilNadu2026/candidate.php?candidate_id=334,D. Ramu,221,KATPADI,33,IND,No,Others,,,1,"4,00,000 ~ 4 Lacs+",400000,,,,1,"3,80,922 ~ 3 Lacs+",380922,,Y,0
3549,http://myneta.info/TamilNadu2026/candidate.php?candidate_id=3549,Dhananchezhiyan,221,KATPADI,45,IND,Yes 1,10th Pass,,,1,"10,50,000 ~ 10 Lacs+",1050000,,,,1,0 ~,0,,Y,0
3548,http://myneta.info/TamilNadu2026/candidate.php?candidate_id=3548,Dhanasekar,221,KATPADI,53,IND,No,10th Pass,,,1,0 ~,0,,,,1,0 ~,0,,Y,0
799,http://myneta.info/TamilNadu2026/candidate.php?candidate_id=799,Dr M Sudhakar,221,KATPADI,52,Tamilaga Vettri Kazhagam,Yes 2,Graduate Professional,,,1,"4,89,44,000 ~ 4 Crore+",48944000,,,,1,"90,72,809 ~ 90 Lacs+",9072809,,Y,2
1116,http://myneta.info/TamilNadu2026/candidate.php?candidate_id=1116,Duraimurugan,221,KATPADI,87,DMK,Yes 9,Post Graduate,,,1,"55,72,72,875 ~ 55 Crore+",557272875,,,,1,"15,31,43,441 ~ 15 Crore+",153143441,,Y,2
3542,http://myneta.info/TamilNadu2026/candidate.php?candidate_id=3542,Ganesan .P,221,KATPADI,45,Indhu Dravida Makkal Katchi,No,5th Pass,,,1,0 ~,0,,,,1,0 ~,0,,Y,0
335,http://myneta.info/TamilNadu2026/candidate.php?candidate_id=335,Indu .W,221,KATPADI,31,Tamil Manila Murpokku Dravida Kazhagam,No,Post Graduate,,,1,0 ~,0,,,,1,0 ~,0,,Y,0
3541,http://myneta.info/TamilNadu2026/candidate.php?candidate_id=3541,J. Ramesh,221,KATPADI,53,BSP,No,10th Pass,,,1,0 ~,0,,,,1,"4,06,500 ~ 4 Lacs+",406500,,Y,0
3547,http://myneta.info/TamilNadu2026/candidate.php?candidate_id=3547,M. Suthakar,221,KATPADI,44,IND,No,10th Pass,,,1,0 ~,0,,,,1,0 ~,0,,Y,0
3544,http://myneta.info/TamilNadu2026/candidate.php?candidate_id=3544,S. Balaji,221,KATPADI,32,Tamil Nadu Ilangyar Katchi,No,8th Pass,,,1,0 ~,0,,,,1,0 ~,0,,Y,0
3545,http://myneta.info/TamilNadu2026/candidate.php?candidate_id=3545,S. Raman,221,KATPADI,70,IND,No,Others,,,1,"10,95,000 ~ 10 Lacs+",1095000,,,,1,0 ~,0,,Y,0
61,http://myneta.info/TamilNadu2026/candidate.php?candidate_id=61,S. Thirukkumaran,221,KATPADI,40,Naam Tamilar Katchi,No,Post Graduate,,,1,"68,11,459 ~ 68 Lacs+",6811459,,,,1,"83,75,000 ~ 83 Lacs+",8375000,,Y,0
3546,http://myneta.info/TamilNadu2026/candidate.php?candidate_id=3546,Saravanan .D,221,KATPADI,44,IND,No,12th Pass,,,1,"1,25,00,000 ~ 1 Crore+",12500000,,,,1,"28,00,000 ~ 28 Lacs+",2800000,,Y,0
3543,http://myneta.info/TamilNadu2026/candidate.php?candidate_id=3543,V. Chandran,221,KATPADI,73,All India Puratchi Thalaivar Makkal Munnettra Kazhagam,Yes 1,10th Pass,,,1,"10,00,000 ~ 10 Lacs+",1000000,,,,1,"3,65,250 ~ 3 Lacs+",365250,,Y,1
1169,http://myneta.info/TamilNadu2026/candidate.php?candidate_id=1169,V. Ramu,221,KATPADI,53,AIADMK,Yes 4,Graduate Professional,,,1,"81,00,000 ~ 81 Lacs+",8100000,,,,1,"14,40,754 ~ 14 Lacs+",1440754,,Y,2
216,http://myneta.info/TamilNadu2026/candidate.php?candidate_id=216,A.Soniya,222,VELLORE,25,Naam Tamilar Katchi,No,12th Pass,,,1,0 ~,0,,,,1,"8,75,481 ~ 8 Lacs+",875481,,Y,0
2559,http://myneta.info/TamilNadu2026/candidate.php?candidate_id=2559,K.M.Vinaayagam,222,VELLORE,52,Viro Ke Vir Indian Party,No,Others,,,1,"52,50,000 ~ 52 Lacs+",5250000,,,,1,"16,50,000 ~ 16 Lacs+",1650000,,Y,0
2558,http://myneta.info/TamilNadu2026/candidate.php?candidate_id=2558,K.Muniyappan,222,VELLORE,74,ALL PENSIONERS PARTY,No,Post Graduate,,,1,"30,00,000 ~ 30 Lacs+",3000000,,,,1,0 ~,0,,Y,0
2560,http://myneta.info/TamilNadu2026/candidate.php?candidate_id=2560,K.Vimala,222,VELLORE,41,Naam Indiar Party,No,Illiterate,,,1,0 ~,0,,,,1,0 ~,0,,Y,0
2565,http://myneta.info/TamilNadu2026/candidate.php?candidate_id=2565,M.Loganathan,222,VELLORE,40,IND,No,Others,,,1,0 ~,0,,,,1,0 ~,0,,Y,0
217,http://myneta.info/TamilNadu2026/candidate.php?candidate_id=217,M.M.Vinoth Kannan,222,VELLORE,37,Tamilaga Vettri Kazhagam,No,10th Pass,,,1,"62,68,000 ~ 62 Lacs+",6268000,,,,1,"1,12,03,537 ~ 1 Crore+",11203537,,Y,0
2561,http://myneta.info/TamilNadu2026/candidate.php?candidate_id=2561,M.Vinothkumar,222,VELLORE,34,Anna MGR Dravida Munnetra Kazhagam,No,Others,,,1,"33,00,000 ~ 33 Lacs+",3300000,,,,1,0 ~,0,,Y,0
1104,http://myneta.info/TamilNadu2026/candidate.php?candidate_id=1104,P.Karthikeyan,222,VELLORE,65,DMK,No,5th Pass,,,1,"19,01,98,000 ~ 19 Crore+",190198000,,,,1,"5,69,13,547 ~ 5 Crore+",56913547,,Y,0
1084,http://myneta.info/TamilNadu2026/candidate.php?candidate_id=1084,S R K Appu,222,VELLORE,48,AIADMK,No,Graduate,,,1,"3,38,50,000 ~ 3 Crore+",33850000,,,,1,"99,68,712 ~ 99 Lacs+",9968712,,Y,0
2562,http://myneta.info/TamilNadu2026/candidate.php?candidate_id=2562,S.Appu,222,VELLORE,25,All India Jananayaka Makkal Kazhagam,No,Graduate Professional,,,1,0 ~,0,,,,1,0 ~,0,,Y,0
2557,http://myneta.info/TamilNadu2026/candidate.php?candidate_id=2557,S.Giridhara Prasad,222,VELLORE,56,Party for the Rights of Other backward Classes,No,Graduate Professional,,,1,0 ~,0,,,,1,"14,56,603 ~ 14 Lacs+",1456603,,Y,0
2556,http://myneta.info/TamilNadu2026/candidate.php?candidate_id=2556,S.M.Irshad,222,VELLORE,56,Tamizhaga Vaazhvurimai Katchi,No,8th Pass,,,1,0 ~,0,,,,1,0 ~,0,,Y,0
2563,http://myneta.info/TamilNadu2026/candidate.php?candidate_id=2563,S.Madhan Kumar,222,VELLORE,35,IND,No,Others,,,1,0 ~,0,,,,1,"2,61,094 ~ 2 Lacs+",261094,,Y,0
2564,http://myneta.info/TamilNadu2026/candidate.php?candidate_id=2564,S.Rajkamal,222,VELLORE,31,IND,No,Graduate Professional,,,1,0 ~,0,,,,1,"88,000 ~ 88 Thou+",88000,,Y,0
2566,http://myneta.info/TamilNadu2026/candidate.php?candidate_id=2566,U.Vijaya Kumar,222,VELLORE,34,IND,No,Others,,,1,0 ~,0,,,,1,0 ~,0,,Y,0
1410,http://myneta.info/TamilNadu2026/candidate.php?candidate_id=1410,A.P.Nandakumar,223,ANAIKATTU,57,DMK,Yes 10,12th Pass,,,1,"35,11,50,000 ~ 35 Crore+",351150000,,,,1,"22,68,55,775 ~ 22 Crore+",226855775,,Y,1
842,http://myneta.info/TamilNadu2026/candidate.php?candidate_id=842,D.Velazhagan,223,ANAIKATTU,56,AIADMK,Yes 2,10th Pass,,,1,"4,29,28,287 ~ 4 Crore+",42928287,,,,1,"37,48,845 ~ 37 Lacs+",3748845,,Y,1
3375,http://myneta.info/TamilNadu2026/candidate.php?candidate_id=3375,E.Suresh,223,ANAIKATTU,40,IND,No,Graduate,,,1,0 ~,0,,,,1,0 ~,0,,Y,0
3376,http://myneta.info/TamilNadu2026/candidate.php?candidate_id=3376,K.Manoharan,223,ANAIKATTU,55,IND,No,5th Pass,,,1,"8,00,000 ~ 8 Lacs+",800000,,,,1,0 ~,0,,Y,0
647,http://myneta.info/TamilNadu2026/candidate.php?candidate_id=647,M.Nandha Kumar,223,ANAIKATTU,38,IND,No,10th Pass,,,1,0 ~,0,,,,1,0 ~,0,,Y,0
6,http://myneta.info/TamilNadu2026/candidate.php?candidate_id=6,M.Ravikumar,223,ANAIKATTU,29,Naam Tamilar Katchi,No,Others,,,1,0 ~,0,,,,1,"10,40,000 ~ 10 Lacs+",1040000,,Y,0
3374,http://myneta.info/TamilNadu2026/candidate.php?candidate_id=3374,P.Jayaseelan,223,ANAIKATTU,52,Puthiya Tamilagam,No,Graduate Professional,,,1,0 ~,0,,,,1,0 ~,0,,Y,0
3371,http://myneta.info/TamilNadu2026/candidate.php?candidate_id=3371,R.Saravanan,223,ANAIKATTU,47,Namadhu Makkal Katchi,No,5th Pass,,,1,0 ~,0,,,,1,"2,19,343 ~ 2 Lacs+",219343,,Y,0
649,http://myneta.info/TamilNadu2026/candidate.php?candidate_id=649,R.Velmurugan,223,ANAIKATTU,46,Tamilaga Vettri Kazhagam,Yes 4,8th Pass,,,1,"50,00,000 ~ 50 Lacs+",5000000,,,,1,"20,44,568 ~ 20 Lacs+",2044568,,Y,0
648,http://myneta.info/TamilNadu2026/candidate.php?candidate_id=648,S.Selvamoorthy,223,ANAIKATTU,65,IND,No,Graduate,,,1,"11,25,000 ~ 11 Lacs+",1125000,,,,1,"7,47,000 ~ 7 Lacs+",747000,,Y,0
3373,http://myneta.info/TamilNadu2026/candidate.php?candidate_id=3373,V.S.Venkatesh,223,ANAIKATTU,53,Aanaithinthiya Jananayaka Pathukappu Kazhagam,Yes 2,Post Graduate,,,1,0 ~,0,,,,1,"40,00,000 ~ 40 Lacs+",4000000,,Y,3
3372,http://myneta.info/TamilNadu2026/candidate.php?candidate_id=3372,V.Vinothkanna,223,ANAIKATTU,44,Tamizhaga Vaazhvurimai Katchi,Yes 2,10th Pass,,,1,0 ~,0,,,,1,"16,38,100 ~ 16 Lacs+",1638100,,Y,1
807,http://myneta.info/TamilNadu2026/candidate.php?candidate_id=807,Anandalai Thangaraj. M,224,KILVAITHINANKUPPAM (SC),67,All India Puratchi Thalaivar Makkal Munnettra Kazhagam,No,Post Graduate,,,1,"1,00,50,000 ~ 1 Crore+",10050000,,,,1,"5,20,00,000 ~ 5 Crore+",52000000,,Y,0
739,http://myneta.info/TamilNadu2026/candidate.php?candidate_id=739,Dr. Rajeswari. R,224,KILVAITHINANKUPPAM (SC),50,DMK,No,Others,,,1,"5,57,56,297 ~ 5 Crore+",55756297,,,,1,"1,37,20,921 ~ 1 Crore+",13720921,,Y,0
3245,http://myneta.info/TamilNadu2026/candidate.php?candidate_id=3245,Jaya Bharath. J,224,KILVAITHINANKUPPAM (SC),28,IND,No,Graduate Professional,,,1,0 ~,0,,,,1,"30,000 ~ 30 Thou+",30000,,Y,0
3244,http://myneta.info/TamilNadu2026/candidate.php?candidate_id=3244,Jayashankar. J,224,KILVAITHINANKUPPAM (SC),37,IND,No,8th Pass,,,1,0 ~,0,,,,1,0 ~,0,,Y,0
1174,http://myneta.info/TamilNadu2026/candidate.php?candidate_id=1174,Jegan Moorthy. M,224,KILVAITHINANKUPPAM (SC),59,AIADMK,Yes 7,12th Pass,,,1,"75,30,000 ~ 75 Lacs+",7530000,,,,1,"63,72,952 ~ 63 Lacs+",6372952,,Y,1
66,http://myneta.info/TamilNadu2026/candidate.php?candidate_id=66,Kalaiyenthiri. R,224,KILVAITHINANKUPPAM (SC),35,Naam Tamilar Katchi,No,Graduate Professional,,,1,"7,00,000 ~ 7 Lacs+",700000,,,,1,"21,12,853 ~ 21 Lacs+",2112853,,Y,0
3241,http://myneta.info/TamilNadu2026/candidate.php?candidate_id=3241,Kumaresan. L,224,KILVAITHINANKUPPAM (SC),52,IND,No,10th Pass,,,1,0 ~,0,,,,1,0 ~,0,,Y,0
3243,http://myneta.info/TamilNadu2026/candidate.php?candidate_id=3243,Murugan. K.P,224,KILVAITHINANKUPPAM (SC),36,IND,No,Others,,,1,"10,000 ~ 10 Thou+",10000,,,,1,0 ~,0,,Y,0
806,http://myneta.info/TamilNadu2026/candidate.php?candidate_id=806,Raja. M,224,KILVAITHINANKUPPAM (SC),51,Tamizhaga Vaazhvurimai Katchi,No,10th Pass,,,1,0 ~,0,,,,1,0 ~,0,,Y,0
3242,http://myneta.info/TamilNadu2026/candidate.php?candidate_id=3242,Sathish. A,224,KILVAITHINANKUPPAM (SC),37,IND,No,Graduate,,,1,0 ~,0,,,,1,0 ~,0,,Y,0
805,http://myneta.info/TamilNadu2026/candidate.php?candidate_id=805,Thenral Kumar. E,224,KILVAITHINANKUPPAM (SC),34,Tamilaga Vettri Kazhagam,No,Graduate Professional,,,1,"65,50,000 ~ 65 Lacs+",6550000,,,,1,"42,25,000 ~ 42 Lacs+",4225000,,Y,0
2573,http://myneta.info/TamilNadu2026/candidate.php?candidate_id=2573,A.Rajesh,225,GUDIYATTAM (SC),47,IND,No,10th Pass,,,1,"50,00,000 ~ 50 Lacs+",5000000,,,,1,0 ~,0,,Y,0
2572,http://myneta.info/TamilNadu2026/candidate.php?candidate_id=2572,Bharath Mathiruban,225,GUDIYATTAM (SC),39,IND,No,Graduate Professional,,,1,"17,10,000 ~ 17 Lacs+",1710000,,,,1,"14,86,000 ~ 14 Lacs+",1486000,,Y,0
47,http://myneta.info/TamilNadu2026/candidate.php?candidate_id=47,J.Emalan,225,GUDIYATTAM (SC),73,Naam Tamilar Katchi,No,Post Graduate,,,1,"11,57,902 ~ 11 Lacs+",1157902,,,,1,0 ~,0,,Y,0
2568,http://myneta.info/TamilNadu2026/candidate.php?candidate_id=2568,K.Asha,225,GUDIYATTAM (SC),40,Puthiya Tamilagam,No,12th Pass,,,1,0 ~,0,,,,1,0 ~,0,,Y,0
1370,http://myneta.info/TamilNadu2026/candidate.php?candidate_id=1370,K.B.Pradap,225,GUDIYATTAM (SC),46,Desiya Murpokku Dravida Kazhagam,Yes 2,Graduate,,,1,"14,61,610 ~ 14 Lacs+",1461610,,,,1,0 ~,0,,Y,0
1083,http://myneta.info/TamilNadu2026/candidate.php?candidate_id=1083,K.Sindu,225,GUDIYATTAM (SC),37,Tamilaga Vettri Kazhagam,No,Post Graduate,,,1,"5,00,000 ~ 5 Lacs+",500000,,,,1,"7,00,000 ~ 7 Lacs+",700000,,Y,0
2569,http://myneta.info/TamilNadu2026/candidate.php?candidate_id=2569,K.Thabithal,225,GUDIYATTAM (SC),52,All India Puratchi Thalaivar Makkal Munnettra Kazhagam,No,Post Graduate,,,1,"10,00,000 ~ 10 Lacs+",1000000,,,,1,0 ~,0,,Y,0
2571,http://myneta.info/TamilNadu2026/candidate.php?candidate_id=2571,M.Sumathi,225,GUDIYATTAM (SC),46,IND,No,8th Pass,,,1,0 ~,0,,,,1,0 ~,0,,Y,0
1369,http://myneta.info/TamilNadu2026/candidate.php?candidate_id=1369,Paritha Purushothaman.G,225,GUDIYATTAM (SC),42,AIADMK,Yes 1,Post Graduate,,,1,"14,75,000 ~ 14 Lacs+",1475000,,,,1,"20,00,558 ~ 20 Lacs+",2000558,,Y,1
2570,http://myneta.info/TamilNadu2026/candidate.php?candidate_id=2570,Subakaran.A,225,GUDIYATTAM (SC),49,IND,No,Graduate,,,1,0 ~,0,,,,1,"2,50,000 ~ 2 Lacs+",250000,,Y,0
2567,http://myneta.info/TamilNadu2026/candidate.php?candidate_id=2567,T.Poovarasan,225,GUDIYATTAM (SC),34,BSP,No,10th Pass,,,1,"4,00,000 ~ 4 Lacs+",400000,,,,1,0 ~,0,,Y,0
290,http://myneta.info/TamilNadu2026/candidate.php?candidate_id=290,Advocate Krishnan E,226,GINGEE,36,Naam Tamilar Katchi,No,Graduate Professional,,,1,0 ~,0,,,,1,"3,21,000 ~ 3 Lacs+",321000,,Y,0
3252,http://myneta.info/TamilNadu2026/candidate.php?candidate_id=3252,Banukumar R,226,GINGEE,43,IND,No,Others,,,1,"3,00,000 ~ 3 Lacs+",300000,,,,1,"1,03,500 ~ 1 Lacs+",103500,,Y,0
1085,http://myneta.info/TamilNadu2026/candidate.php?candidate_id=1085,Chandrasekaran B,226,GINGEE,41,Tamilaga Vettri Kazhagam,Yes 1,Graduate Professional,,,1,"99,00,000 ~ 99 Lacs+",9900000,,,,1,"29,92,856 ~ 29 Lacs+",2992856,,Y,1
3251,http://myneta.info/TamilNadu2026/candidate.php?candidate_id=3251,Devendiran M,226,GINGEE,35,IND,No,Graduate Professional,,,1,0 ~,0,,,,1,0 ~,0,,Y,0
1161,http://myneta.info/TamilNadu2026/candidate.php?candidate_id=1161,Ganeshkumar A,226,GINGEE,41,Pattali Makkal Katchi,Yes 1,Doctorate,,,1,"11,53,61,190 ~ 11 Crore+",115361190,,,,1,"76,20,529 ~ 76 Lacs+",7620529,,Y,0
1371,http://myneta.info/TamilNadu2026/candidate.php?candidate_id=1371,Gingee Masthan K S,226,GINGEE,70,DMK,No,8th Pass,,,1,"2,34,31,825 ~ 2 Crore+",23431825,,,,1,"75,00,000 ~ 75 Lacs+",7500000,,Y,0
3250,http://myneta.info/TamilNadu2026/candidate.php?candidate_id=3250,Gokulraj S,226,GINGEE,29,IND,No,12th Pass,,,1,0 ~,0,,,,1,0 ~,0,,Y,0
292,http://myneta.info/TamilNadu2026/candidate.php?candidate_id=292,Mohammad Siddiq M H,226,GINGEE,45,Veerath Thiyagi Viswanathadoss Thozhilalarkal Katchi,No,Others,,,1,0 ~,0,,,,1,0 ~,0,,Y,0
3256,http://myneta.info/TamilNadu2026/candidate.php?candidate_id=3256,Mohan A,226,GINGEE,55,IND,No,12th Pass,,,1,"20,00,000 ~ 20 Lacs+",2000000,,,,1,0 ~,0,,Y,0
3255,http://myneta.info/TamilNadu2026/candidate.php?candidate_id=3255,Munusamy A,226,GINGEE,65,IND,Yes 1,5th Pass,,,1,0 ~,0,,,,1,0 ~,0,,Y,0
3249,http://myneta.info/TamilNadu2026/candidate.php?candidate_id=3249,Perumal N,226,GINGEE,56,Aanaithinthiya Jananayaka Pathukappu Kazhagam,Yes 1,12th Pass,,,1,"30,00,000 ~ 30 Lacs+",3000000,,,,1,0 ~,0,,Y,0
3254,http://myneta.info/TamilNadu2026/candidate.php?candidate_id=3254,Poyyathappan K,226,GINGEE,59,IND,No,Doctorate,,,1,"1,32,50,000 ~ 1 Crore+",13250000,,,,1,"47,61,977 ~ 47 Lacs+",4761977,,Y,0
3253,http://myneta.info/TamilNadu2026/candidate.php?candidate_id=3253,Prabakaran M,226,GINGEE,56,IND,No,10th Pass,,,1,0 ~,0,,,,1,0 ~,0,,Y,0
3257,http://myneta.info/TamilNadu2026/candidate.php?candidate_id=3257,Ramesh R,226,GINGEE,31,IND,No,Post Graduate,,,1,0 ~,0,,,,1,"1,57,000 ~ 1 Lacs+",157000,,Y,0
3246,http://myneta.info/TamilNadu2026/candidate.php?candidate_id=3246,Rangarajan E,226,GINGEE,45,BSP,No,Graduate Professional,,,1,"15,00,000 ~ 15 Lacs+",1500000,,,,1,0 ~,0,,Y,0
3247,http://myneta.info/TamilNadu2026/candidate.php?candidate_id=3247,Rasanayagam N,226,GINGEE,55,Tamizhaga Vaazhvurimai Katchi,No,12th Pass,,,1,"2,80,000 ~ 2 Lacs+",280000,,,,1,0 ~,0,,Y,0
291,http://myneta.info/TamilNadu2026/candidate.php?candidate_id=291,Sakthivel A,226,GINGEE,45,Thakkam Katchi,No,Post Graduate,,,1,"50,00,000 ~ 50 Lacs+",5000000,,,,1,"8,33,000 ~ 8 Lacs+",833000,,Y,0
3258,http://myneta.info/TamilNadu2026/candidate.php?candidate_id=3258,Sridhar G,226,GINGEE,43,IND,No,Graduate Professional,,,1,"64,61,000 ~ 64 Lacs+",6461000,,,,1,0 ~,0,,Y,0
3248,http://myneta.info/TamilNadu2026/candidate.php?candidate_id=3248,Thanigaimalai R,226,GINGEE,56,Anti Corruption Dynamic Party,Yes 1,10th Pass,,,1,"89,50,000 ~ 89 Lacs+",8950000,,,,1,0 ~,0,,Y,1
2862,http://myneta.info/TamilNadu2026/candidate.php?candidate_id=2862,Anandhababu M,227,MAILAM,40,Tamizhaga Vaazhvurimai Katchi,No,10th Pass,,,1,0 ~,0,,,,1,0 ~,0,,Y,0
2861,http://myneta.info/TamilNadu2026/candidate.php?candidate_id=2861,Ayyanar N,227,MAILAM,53,Anti Corruption Dynamic Party,No,8th Pass,,,1,"12,50,000 ~ 12 Lacs+",1250000,,,,1,0 ~,0,,Y,0
2865,http://myneta.info/TamilNadu2026/candidate.php?candidate_id=2865,Divya P,227,MAILAM,32,Naam Indiar Party,No,Graduate Professional,,,1,"1,70,605 ~ 1 Lacs+",170605,,,,1,0 ~,0,,Y,0
2871,http://myneta.info/TamilNadu2026/candidate.php?candidate_id=2871,Gopu V S,227,MAILAM,46,IND,No,Graduate Professional,,,1,0 ~,0,,,,1,"11,14,000 ~ 11 Lacs+",1114000,,Y,0
2869,http://myneta.info/TamilNadu2026/candidate.php?candidate_id=2869,Karvannan K,227,MAILAM,38,IND,No,Post Graduate,,,1,"17,00,000 ~ 17 Lacs+",1700000,,,,1,0 ~,0,,Y,0
2870,http://myneta.info/TamilNadu2026/candidate.php?candidate_id=2870,Krishnamurthy K,227,MAILAM,43,IND,No,Graduate,,,1,"6,00,000 ~ 6 Lacs+",600000,,,,1,"25,90,000 ~ 25 Lacs+",2590000,,Y,0
2867,http://myneta.info/TamilNadu2026/candidate.php?candidate_id=2867,Manavalan A,227,MAILAM,40,Anna MGR Dravida Makkal Kalgam,No,12th Pass,,,1,0 ~,0,,,,1,0 ~,0,,Y,0
2866,http://myneta.info/TamilNadu2026/candidate.php?candidate_id=2866,Purushothaman K,227,MAILAM,33,Desiya Makkal Sakthi Katchi,Yes 1,Illiterate,,,1,"17,00,000 ~ 17 Lacs+",1700000,,,,1,0 ~,0,,Y,0
515,http://myneta.info/TamilNadu2026/candidate.php?candidate_id=515,Ranjith Kumar M,227,MAILAM,31,BSP,No,12th Pass,,,1,"7,00,000 ~ 7 Lacs+",700000,,,,1,0 ~,0,,Y,0
2875,http://myneta.info/TamilNadu2026/candidate.php?candidate_id=2875,Ranjitha V,227,MAILAM,35,IND,No,Graduate Professional,,,1,0 ~,0,,,,1,"9,68,000 ~ 9 Lacs+",968000,,Y,0
2864,http://myneta.info/TamilNadu2026/candidate.php?candidate_id=2864,Sekar Nayakar I M,227,MAILAM,63,All India Puratchi Thalaivar Makkal Munnettra Kazhagam,Yes 3,Graduate,,,1,"33,00,000 ~ 33 Lacs+",3300000,,,,1,0 ~,0,,Y,3
1189,http://myneta.info/TamilNadu2026/candidate.php?candidate_id=1189,Shanmugam C Ve,227,MAILAM,61,AIADMK,Yes 3,Graduate Professional,,,1,"2,73,00,000 ~ 2 Crore+",27300000,,,,1,"20,00,000 ~ 20 Lacs+",2000000,,Y,2
2872,http://myneta.info/TamilNadu2026/candidate.php?candidate_id=2872,Siva S,227,MAILAM,50,IND,No,Post Graduate,,,1,"40,00,000 ~ 40 Lacs+",4000000,,,,1,"15,00,000 ~ 15 Lacs+",1500000,,Y,0
2863,http://myneta.info/TamilNadu2026/candidate.php?candidate_id=2863,Suresh Kumar S,227,MAILAM,47,Indhia Kudiarasu Katchi,No,Post Graduate,,,1,0 ~,0,,,,1,"6,58,000 ~ 6 Lacs+",658000,,Y,0
2874,http://myneta.info/TamilNadu2026/candidate.php?candidate_id=2874,Tamizharasan M,227,MAILAM,33,IND,No,Others,,,1,0 ~,0,,,,1,0 ~,0,,Y,0
761,http://myneta.info/TamilNadu2026/candidate.php?candidate_id=761,Venkatesan L,227,MAILAM,58,Desiya Murpokku Dravida Kazhagam,No,Post Graduate,,,1,"13,13,97,375 ~ 13 Crore+",131397375,,,,1,"7,22,94,518 ~ 7 Crore+",72294518,,Y,0
87,http://myneta.info/TamilNadu2026/candidate.php?candidate_id=87,Vidjaivikram S,227,MAILAM,37,Naam Tamilar Katchi,No,Post Graduate,,,1,"24,43,000 ~ 24 Lacs+",2443000,,,,1,"2,01,53,989 ~ 2 Crore+",20153989,,Y,0
2868,http://myneta.info/TamilNadu2026/candidate.php?candidate_id=2868,Vijay Niranjan A,227,MAILAM,28,Tamilaga Vettri Kazhagam,Yes 1,Post Graduate,,,1,"4,08,22,000 ~ 4 Crore+",40822000,,,,1,"9,85,773 ~ 9 Lacs+",985773,,Y,0
2876,http://myneta.info/TamilNadu2026/candidate.php?candidate_id=2876,Vijayaganth K,227,MAILAM,39,IND,No,Graduate Professional,,,1,"75,00,000 ~ 75 Lacs+",7500000,,,,1,"72,16,093 ~ 72 Lacs+",7216093,,Y,0
516,http://myneta.info/TamilNadu2026/candidate.php?candidate_id=516,Vinoth R,227,MAILAM,37,Thakkam Katchi,No,Graduate Professional,,,1,0 ~,0,,,,1,"3,92,000 ~ 3 Lacs+",392000,,Y,0
1278,http://myneta.info/TamilNadu2026/candidate.php?candidate_id=1278,Arjunan. P,228,TINDIVANAM (SC),56,AIADMK,Yes 1,10th Pass,,,1,"2,60,00,000 ~ 2 Crore+",26000000,,,,1,"26,11,000 ~ 26 Lacs+",2611000,,Y,1
517,http://myneta.info/TamilNadu2026/candidate.php?candidate_id=517,Chandaran. A,228,TINDIVANAM (SC),41,IND,No,Graduate Professional,,,1,"5,00,000 ~ 5 Lacs+",500000,,,,1,"1,10,000 ~ 1 Lacs+",110000,,Y,0
2165,http://myneta.info/TamilNadu2026/candidate.php?candidate_id=2165,Devakumaran. E,228,TINDIVANAM (SC),33,IND,No,Graduate Professional,,,1,0 ~,0,,,,1,0 ~,0,,Y,0
2164,http://myneta.info/TamilNadu2026/candidate.php?candidate_id=2164,Durkali. N,228,TINDIVANAM (SC),36,IND,No,10th Pass,,,1,0 ~,0,,,,1,0 ~,0,,Y,0
2162,http://myneta.info/TamilNadu2026/candidate.php?candidate_id=2162,Mohan. A,228,TINDIVANAM (SC),44,MAKKAL SAKTHI KATCHI,No,12th Pass,,,1,0 ~,0,,,,1,"1,76,250 ~ 1 Lacs+",176250,,Y,0
181,http://myneta.info/TamilNadu2026/candidate.php?candidate_id=181,Pachimuthu. P,228,TINDIVANAM (SC),34,Naam Tamilar Katchi,Yes 2,Graduate Professional,,,1,"7,07,333 ~ 7 Lacs+",707333,,,,1,"12,44,681 ~ 12 Lacs+",1244681,,Y,0
2166,http://myneta.info/TamilNadu2026/candidate.php?candidate_id=2166,Pon.Sivakumar,228,TINDIVANAM (SC),51,IND,Yes 3,Graduate Professional,,,1,0 ~,0,,,,1,0 ~,0,,Y,2
519,http://myneta.info/TamilNadu2026/candidate.php?candidate_id=519,Ramneshwaran. V,228,TINDIVANAM (SC),38,Thakkam Katchi,No,Graduate Professional,,,1,"60,00,000 ~ 60 Lacs+",6000000,,,,1,"11,80,000 ~ 11 Lacs+",1180000,,Y,0
2161,http://myneta.info/TamilNadu2026/candidate.php?candidate_id=2161,Sakthivel. S,228,TINDIVANAM (SC),45,Tamilaga Vettri Kazhagam,No,Graduate Professional,,,1,"10,00,000 ~ 10 Lacs+",1000000,,,,1,"10,37,000 ~ 10 Lacs+",1037000,,Y,0
2163,http://myneta.info/TamilNadu2026/candidate.php?candidate_id=2163,Vanjinathan. C,228,TINDIVANAM (SC),49,Tamizhaga Vaazhvurimai Katchi,No,Post Graduate,,,1,0 ~,0,,,,1,0 ~,0,,Y,0
1277,http://myneta.info/TamilNadu2026/candidate.php?candidate_id=1277,Vanni Arasu,228,TINDIVANAM (SC),55,Viduthalai Chiruthaigal Katchi,Yes 3,12th Pass,,,1,"54,00,000 ~ 54 Lacs+",5400000,,,,1,0 ~,0,,Y,4
520,http://myneta.info/TamilNadu2026/candidate.php?candidate_id=520,Venkatachalapathy. A,228,TINDIVANAM (SC),56,BSP,No,10th Pass,,,1,0 ~,0,,,,1,0 ~,0,,Y,0
2167,http://myneta.info/TamilNadu2026/candidate.php?candidate_id=2167,Vinoth. S,228,TINDIVANAM (SC),44,IND,No,Others,,,1,0 ~,0,,,,1,0 ~,0,,Y,0
518,http://myneta.info/TamilNadu2026/candidate.php?candidate_id=518,Viswanathan. S.A,228,TINDIVANAM (SC),49,IND,No,5th Pass,,,1,0 ~,0,,,,1,0 ~,0,,Y,0
521,http://myneta.info/TamilNadu2026/candidate.php?candidate_id=521,Anandakumar P M,229,VANUR (SC),36,Thakkam Katchi,No,Graduate,,,1,0 ~,0,,,,1,"8,00,000 ~ 8 Lacs+",800000,,Y,0
2879,http://myneta.info/TamilNadu2026/candidate.php?candidate_id=2879,Ayyanar E,229,VANUR (SC),40,IND,Yes 1,8th Pass,,,1,"60,000 ~ 60 Thou+",60000,,,,1,0 ~,0,,Y,0
1087,http://myneta.info/TamilNadu2026/candidate.php?candidate_id=1087,Gowtham D,229,VANUR (SC),32,DMK,No,Graduate Professional,,,1,"1,22,40,000 ~ 1 Crore+",12240000,,,,1,"2,36,75,425 ~ 2 Crore+",23675425,,Y,0
209,http://myneta.info/TamilNadu2026/candidate.php?candidate_id=209,Karikalan B,229,VANUR (SC),28,Naam Tamilar Katchi,Yes 1,Graduate Professional,,,1,"4,56,023 ~ 4 Lacs+",456023,,,,1,0 ~,0,,Y,0
2884,http://myneta.info/TamilNadu2026/candidate.php?candidate_id=2884,Murali M,229,VANUR (SC),44,IND,Yes 1,8th Pass,,,1,"6,00,000 ~ 6 Lacs+",600000,,,,1,0 ~,0,,Y,0
1309,http://myneta.info/TamilNadu2026/candidate.php?candidate_id=1309,Murugan P,229,VANUR (SC),58,AIADMK,Yes 1,Graduate Professional,,,1,"1,92,00,000 ~ 1 Crore+",19200000,,,,1,"2,57,14,314 ~ 2 Crore+",25714314,,Y,0
2885,http://myneta.info/TamilNadu2026/candidate.php?candidate_id=2885,Radhika S,229,VANUR (SC),33,IND,No,10th Pass,,,1,"29,97,900 ~ 29 Lacs+",2997900,,,,1,"19,19,763 ~ 19 Lacs+",1919763,,Y,0
2878,http://myneta.info/TamilNadu2026/candidate.php?candidate_id=2878,Sakthivel S,229,VANUR (SC),51,Tamizhaga Vaazhvurimai Katchi,No,5th Pass,,,1,"14,00,000 ~ 14 Lacs+",1400000,,,,1,"25,00,000 ~ 25 Lacs+",2500000,,Y,0
2880,http://myneta.info/TamilNadu2026/candidate.php?candidate_id=2880,Sathyaraman P,229,VANUR (SC),43,IND,Yes 1,8th Pass,,,1,"15,00,000 ~ 15 Lacs+",1500000,,,,1,0 ~,0,,Y,0
2881,http://myneta.info/TamilNadu2026/candidate.php?candidate_id=2881,Sivakumar R,229,VANUR (SC),49,IND,No,12th Pass,,,1,0 ~,0,,,,1,0 ~,0,,Y,0
2882,http://myneta.info/TamilNadu2026/candidate.php?candidate_id=2882,Suresh C V,229,VANUR (SC),41,IND,No,Graduate Professional,,,1,"50,000 ~ 50 Thou+",50000,,,,1,0 ~,0,,Y,0
1088,http://myneta.info/TamilNadu2026/candidate.php?candidate_id=1088,Suresh P,229,VANUR (SC),41,Tamilaga Vettri Kazhagam,Yes 1,Graduate Professional,,,1,"29,97,900 ~ 29 Lacs+",2997900,,,,1,"19,19,736 ~ 19 Lacs+",1919736,,Y,0
2883,http://myneta.info/TamilNadu2026/candidate.php?candidate_id=2883,Thangarasu N,229,VANUR (SC),41,IND,No,10th Pass,,,1,"5,00,000 ~ 5 Lacs+",500000,,,,1,"7,88,000 ~ 7 Lacs+",788000,,Y,0
2886,http://myneta.info/TamilNadu2026/candidate.php?candidate_id=2886,Vetrivel G,229,VANUR (SC),34,IND,No,10th Pass,,,1,"15,00,000 ~ 15 Lacs+",1500000,,,,1,"4,26,000 ~ 4 Lacs+",426000,,Y,0
2877,http://myneta.info/TamilNadu2026/candidate.php?candidate_id=2877,Vinayagamoorthy M,229,VANUR (SC),39,BSP,No,12th Pass,,,1,0 ~,0,,,,1,0 ~,0,,Y,0
223,http://myneta.info/TamilNadu2026/candidate.php?candidate_id=223,Abinaya Ponnivalavan,230,VILLUPURAM,30,Naam Tamilar Katchi,No,Post Graduate,,,1,0 ~,0,,,,1,"35,64,427 ~ 35 Lacs+",3564427,,Y,0
3261,http://myneta.info/TamilNadu2026/candidate.php?candidate_id=3261,Akbar Ali P,230,VILLUPURAM,57,IND,No,10th Pass,,,1,0 ~,0,,,,1,0 ~,0,,N,0
3262,http://myneta.info/TamilNadu2026/candidate.php?candidate_id=3262,Arumugam M,230,VILLUPURAM,58,IND,No,10th Pass,,,1,0 ~,0,,,,1,0 ~,0,,Y,0
3264,http://myneta.info/TamilNadu2026/candidate.php?candidate_id=3264,Balamurugan N,230,VILLUPURAM,49,IND,No,10th Pass,,,1,"1,00,000 ~ 1 Lacs+",100000,,,,1,"10,00,000 ~ 10 Lacs+",1000000,,Y,0
3260,http://myneta.info/TamilNadu2026/candidate.php?candidate_id=3260,Kumaran R,230,VILLUPURAM,52,Tamizhaga Vaazhvurimai Katchi,Yes 4,8th Pass,,,1,"29,50,000 ~ 29 Lacs+",2950000,,,,1,"5,15,817 ~ 5 Lacs+",515817,,Y,0
3271,http://myneta.info/TamilNadu2026/candidate.php?candidate_id=3271,Lakshmanan K,230,VILLUPURAM,43,IND,No,8th Pass,,,1,0 ~,0,,,,1,0 ~,0,,Y,0
744,http://myneta.info/TamilNadu2026/candidate.php?candidate_id=744,Lakshmanan R,230,VILLUPURAM,54,DMK,Yes 1,Graduate Professional,,,1,"19,85,15,000 ~ 19 Crore+",198515000,,,,1,"4,23,36,909 ~ 4 Crore+",42336909,,Y,0
3272,http://myneta.info/TamilNadu2026/candidate.php?candidate_id=3272,Lakshmanan R S/O Ramachandran,230,VILLUPURAM,46,IND,No,Illiterate,,,1,"2,60,000 ~ 2 Lacs+",260000,,,,1,0 ~,0,,Y,0
3270,http://myneta.info/TamilNadu2026/candidate.php?candidate_id=3270,Lakshmanan R S/O Ramanujam,230,VILLUPURAM,58,IND,No,10th Pass,,,1,"23,00,000 ~ 23 Lacs+",2300000,,,,1,"15,00,000 ~ 15 Lacs+",1500000,,Y,0
3266,http://myneta.info/TamilNadu2026/candidate.php?candidate_id=3266,Mohamed Ali Jinna M,230,VILLUPURAM,60,IND,No,10th Pass,,,1,0 ~,0,,,,1,0 ~,0,,N,0
3267,http://myneta.info/TamilNadu2026/candidate.php?candidate_id=3267,Mohan C,230,VILLUPURAM,52,IND,No,8th Pass,,,1,0 ~,0,,,,1,0 ~,0,,N,0
1322,http://myneta.info/TamilNadu2026/candidate.php?candidate_id=1322,Mohanraj N,230,VILLUPURAM,42,Tamilaga Vettri Kazhagam,Yes 5,8th Pass,,,1,"5,00,000 ~ 5 Lacs+",500000,,,,1,"2,95,000 ~ 2 Lacs+",295000,,Y,0
3259,http://myneta.info/TamilNadu2026/candidate.php?candidate_id=3259,Murugan S,230,VILLUPURAM,46,BSP,No,8th Pass,,,1,0 ~,0,,,,1,0 ~,0,,Y,0
232,http://myneta.info/TamilNadu2026/candidate.php?candidate_id=232,Nagarajan P,230,VILLUPURAM,48,Veerath Thiyagi Viswanathadoss Thozhilalarkal Katchi,No,10th Pass,,,1,0 ~,0,,,,1,0 ~,0,,Y,0
3265,http://myneta.info/TamilNadu2026/candidate.php?candidate_id=3265,Praveen Kumar R,230,VILLUPURAM,26,IND,No,Graduate Professional,,,1,0 ~,0,,,,1,"2,45,000 ~ 2 Lacs+",245000,,Y,0
3268,http://myneta.info/TamilNadu2026/candidate.php?candidate_id=3268,Raghul R,230,VILLUPURAM,32,IND,No,Graduate Professional,,,1,0 ~,0,,,,1,"8,00,000 ~ 8 Lacs+",800000,,Y,0
233,http://myneta.info/TamilNadu2026/candidate.php?candidate_id=233,Rajkumar S,230,VILLUPURAM,38,IND,No,Graduate,,,1,0 ~,0,,,,1,0 ~,0,,Y,0
3263,http://myneta.info/TamilNadu2026/candidate.php?candidate_id=3263,Raman K,230,VILLUPURAM,38,IND,No,5th Pass,,,1,"8,60,000 ~ 8 Lacs+",860000,,,,1,"2,00,000 ~ 2 Lacs+",200000,,Y,0
3269,http://myneta.info/TamilNadu2026/candidate.php?candidate_id=3269,Rayar K,230,VILLUPURAM,68,IND,Yes 2,Doctorate,,,1,"66,00,00,000 ~ 66 Crore+",660000000,,,,1,"12,51,513 ~ 12 Lacs+",1251513,,Y,0
3274,http://myneta.info/TamilNadu2026/candidate.php?candidate_id=3274,Vijaya D,230,VILLUPURAM,52,IND,No,12th Pass,,,1,"19,20,000 ~ 19 Lacs+",1920000,,,,1,0 ~,0,,Y,0
3273,http://myneta.info/TamilNadu2026/candidate.php?candidate_id=3273,Vijaya K,230,VILLUPURAM,64,IND,No,Literate,,,1,0 ~,0,,,,1,0 ~,0,,Y,0
3276,http://myneta.info/TamilNadu2026/candidate.php?candidate_id=3276,Vijaya M W/O Moorthy,230,VILLUPURAM,51,IND,No,8th Pass,,,1,0 ~,0,,,,1,0 ~,0,,N,0
3275,http://myneta.info/TamilNadu2026/candidate.php?candidate_id=3275,Vijaya M W/O Murugan,230,VILLUPURAM,40,IND,No,5th Pass,,,1,"6,96,800 ~ 6 Lacs+",696800,,,,1,0 ~,0,,Y,0
1323,http://myneta.info/TamilNadu2026/candidate.php?candidate_id=1323,Vijayasureshbabu,230,VILLUPURAM,54,AIADMK,No,12th Pass,,,1,"56,44,150 ~ 56 Lacs+",5644150,,,,1,0 ~,0,,Y,0
1317,http://myneta.info/TamilNadu2026/candidate.php?candidate_id=1317,Anniyur Siva Alias Sivashanmugam A,231,VIKRAVANDI,54,DMK,No,10th Pass,,,1,"6,16,49,750 ~ 6 Crore+",61649750,,,,1,"1,69,12,894 ~ 1 Crore+",16912894,,Y,0
2220,http://myneta.info/TamilNadu2026/candidate.php?candidate_id=2220,Backiyalakshmi C,231,VIKRAVANDI,26,Thakkam Katchi,No,Graduate Professional,,,1,0 ~,0,,,,1,0 ~,0,,Y,0
2225,http://myneta.info/TamilNadu2026/candidate.php?candidate_id=2225,Gokul Raj B,231,VIKRAVANDI,27,IND,No,12th Pass,,,1,0 ~,0,,,,1,"3,00,000 ~ 3 Lacs+",300000,,Y,0
2217,http://myneta.info/TamilNadu2026/candidate.php?candidate_id=2217,Inbarasan G,231,VIKRAVANDI,35,BSP,No,10th Pass,,,1,0 ~,0,,,,1,0 ~,0,,Y,0
2221,http://myneta.info/TamilNadu2026/candidate.php?candidate_id=2221,Mohammad Siddiq M H,231,VIKRAVANDI,45,Veerath Thiyagi Viswanathadoss Thozhilalarkal Katchi,No,Others,,,1,0 ~,0,,,,1,0 ~,0,,Y,0
2234,http://myneta.info/TamilNadu2026/candidate.php?candidate_id=2234,Murugan C,231,VIKRAVANDI,42,IND,No,12th Pass,,,1,"1,20,000 ~ 1 Lacs+",120000,,,,1,"6,45,000 ~ 6 Lacs+",645000,,Y,0
2233,http://myneta.info/TamilNadu2026/candidate.php?candidate_id=2233,Prabhakaran D,231,VIKRAVANDI,36,IND,No,8th Pass,,,1,0 ~,0,,,,1,0 ~,0,,Y,0
2236,http://myneta.info/TamilNadu2026/candidate.php?candidate_id=2236,Rajaram M,231,VIKRAVANDI,58,IND,No,Illiterate,,,1,"10,00,000 ~ 10 Lacs+",1000000,,,,1,0 ~,0,,Y,0
2235,http://myneta.info/TamilNadu2026/candidate.php?candidate_id=2235,Ramachandran A,231,VIKRAVANDI,34,IND,No,10th Pass,,,1,"4,00,000 ~ 4 Lacs+",400000,,,,1,0 ~,0,,Y,0
2222,http://myneta.info/TamilNadu2026/candidate.php?candidate_id=2222,Ramachandran P,231,VIKRAVANDI,58,Anti Corruption Dynamic Party,No,12th Pass,,,1,"10,00,000 ~ 10 Lacs+",1000000,,,,1,"1,27,000 ~ 1 Lacs+",127000,,Y,0
2226,http://myneta.info/TamilNadu2026/candidate.php?candidate_id=2226,Sakthivel A,231,VIKRAVANDI,40,IND,No,Graduate Professional,,,1,"31,00,000 ~ 31 Lacs+",3100000,,,,1,"1,55,000 ~ 1 Lacs+",155000,,Y,0
2227,http://myneta.info/TamilNadu2026/candidate.php?candidate_id=2227,Sanmugam B,231,VIKRAVANDI,27,IND,No,Graduate Professional,,,1,0 ~,0,,,,1,0 ~,0,,N,0
2231,http://myneta.info/TamilNadu2026/candidate.php?candidate_id=2231,Selvakumar S,231,VIKRAVANDI,30,IND,No,Graduate Professional,,,1,"1,95,000 ~ 1 Lacs+",195000,,,,1,0 ~,0,,Y,0
2218,http://myneta.info/TamilNadu2026/candidate.php?candidate_id=2218,Settu C,231,VIKRAVANDI,43,Tamizhaga Vaazhvurimai Katchi,No,8th Pass,,,1,"27,35,625 ~ 27 Lacs+",2735625,,,,1,"3,44,02,972 ~ 3 Crore+",34402972,,Y,0
2228,http://myneta.info/TamilNadu2026/candidate.php?candidate_id=2228,Shanmugam P,231,VIKRAVANDI,47,IND,No,Graduate,,,1,0 ~,0,,,,1,0 ~,0,,Y,0
2229,http://myneta.info/TamilNadu2026/candidate.php?candidate_id=2229,Shanmugam R,231,VIKRAVANDI,47,IND,No,8th Pass,,,1,0 ~,0,,,,1,0 ~,0,,Y,0
1316,http://myneta.info/TamilNadu2026/candidate.php?candidate_id=1316,Sivakumar C,231,VIKRAVANDI,52,Pattali Makkal Katchi,Yes 2,8th Pass,,,1,"2,05,19,500 ~ 2 Crore+",20519500,,,,1,"1,34,62,828 ~ 1 Crore+",13462828,,Y,2
2230,http://myneta.info/TamilNadu2026/candidate.php?candidate_id=2230,Sivakumar S,231,VIKRAVANDI,48,IND,No,12th Pass,,,1,0 ~,0,,,,1,"1,05,350 ~ 1 Lacs+",105350,,Y,0
2223,http://myneta.info/TamilNadu2026/candidate.php?candidate_id=2223,Stalin D,231,VIKRAVANDI,47,Aanaithinthiya Jananayaka Pathukappu Kazhagam,No,Others,,,1,"30,00,000 ~ 30 Lacs+",3000000,,,,1,"51,47,300 ~ 51 Lacs+",5147300,,Y,0
219,http://myneta.info/TamilNadu2026/candidate.php?candidate_id=219,Subha Chandrasekaran A,231,VIKRAVANDI,36,Naam Tamilar Katchi,No,Graduate,,,1,"30,00,000 ~ 30 Lacs+",3000000,,,,1,"40,09,000 ~ 40 Lacs+",4009000,,Y,0
2232,http://myneta.info/TamilNadu2026/candidate.php?candidate_id=2232,Tamilselvan D,231,VIKRAVANDI,31,IND,No,Illiterate,,,1,0 ~,0,,,,1,"2,52,000 ~ 2 Lacs+",252000,,Y,0
2219,http://myneta.info/TamilNadu2026/candidate.php?candidate_id=2219,Thamizhvengai Ka,231,VIKRAVANDI,50,Desiya Makkal Sakthi Katchi,No,10th Pass,,,1,"15,00,000 ~ 15 Lacs+",1500000,,,,1,0 ~,0,,Y,0
1089,http://myneta.info/TamilNadu2026/candidate.php?candidate_id=1089,Vijai Vadivel A,231,VIKRAVANDI,42,Tamilaga Vettri Kazhagam,No,10th Pass,,,1,"12,10,000 ~ 12 Lacs+",1210000,,,,1,"8,06,649 ~ 8 Lacs+",806649,,Y,0
2224,http://myneta.info/TamilNadu2026/candidate.php?candidate_id=2224,Yeasuraja M,231,VIKRAVANDI,41,IND,No,Graduate,,,1,0 ~,0,,,,1,0 ~,0,,Y,0
1283,http://myneta.info/TamilNadu2026/candidate.php?candidate_id=1283,Dr Pon Gauthamsigamani,232,TIRUKKOYILUR,51,DMK,Yes 2,Post Graduate,,,1,"12,76,17,170 ~ 12 Crore+",127617170,,,,1,"20,38,33,473 ~ 20 Crore+",203833473,,Y,0
3279,http://myneta.info/TamilNadu2026/candidate.php?candidate_id=3279,Edwin Abinesh A,232,TIRUKKOYILUR,26,IND,No,Post Graduate,,,1,"10,00,000 ~ 10 Lacs+",1000000,,,,1,"1,00,517 ~ 1 Lacs+",100517,,Y,0
3277,http://myneta.info/TamilNadu2026/candidate.php?candidate_id=3277,Govindhakannan M,232,TIRUKKOYILUR,52,BSP,No,10th Pass,,,1,0 ~,0,,,,1,0 ~,0,,Y,0
3281,http://myneta.info/TamilNadu2026/candidate.php?candidate_id=3281,Gowtham S,232,TIRUKKOYILUR,25,IND,No,Graduate,,,1,0 ~,0,,,,1,0 ~,0,,Y,0
191,http://myneta.info/TamilNadu2026/candidate.php?candidate_id=191,Hemarajan K,232,TIRUKKOYILUR,39,Naam Tamilar Katchi,No,Graduate Professional,,,1,"11,00,000 ~ 11 Lacs+",1100000,,,,1,"16,28,774 ~ 16 Lacs+",1628774,,Y,0
3280,http://myneta.info/TamilNadu2026/candidate.php?candidate_id=3280,Karthick S,232,TIRUKKOYILUR,31,IND,No,Others,,,1,0 ~,0,,,,1,0 ~,0,,Y,0
3282,http://myneta.info/TamilNadu2026/candidate.php?candidate_id=3282,Palanisamy E,232,TIRUKKOYILUR,57,IND,No,8th Pass,,,1,0 ~,0,,,,1,0 ~,0,,Y,0
1282,http://myneta.info/TamilNadu2026/candidate.php?candidate_id=1282,Palanisamy S,232,TIRUKKOYILUR,64,AIADMK,Yes 3,10th Pass,,,1,"2,51,99,082 ~ 2 Crore+",25199082,,,,1,"1,32,89,000 ~ 1 Crore+",13289000,,Y,1
3283,http://myneta.info/TamilNadu2026/candidate.php?candidate_id=3283,Prabhakaran V J,232,TIRUKKOYILUR,36,IND,No,Graduate,,,1,"2,50,000 ~ 2 Lacs+",250000,,,,1,"1,45,000 ~ 1 Lacs+",145000,,Y,0
3285,http://myneta.info/TamilNadu2026/candidate.php?candidate_id=3285,Ramakrishnan M,232,TIRUKKOYILUR,54,IND,No,12th Pass,,,1,"62,13,000 ~ 62 Lacs+",6213000,,,,1,"13,20,000 ~ 13 Lacs+",1320000,,Y,0
3284,http://myneta.info/TamilNadu2026/candidate.php?candidate_id=3284,Ravichandran G,232,TIRUKKOYILUR,59,IND,No,Post Graduate,,,1,"43,01,080 ~ 43 Lacs+",4301080,,,,1,0 ~,0,,Y,0
510,http://myneta.info/TamilNadu2026/candidate.php?candidate_id=510,Selvam K,232,TIRUKKOYILUR,55,Veerath Thiyagi Viswanathadoss Thozhilalarkal Katchi,No,10th Pass,,,1,"30,00,000 ~ 30 Lacs+",3000000,,,,1,0 ~,0,,Y,0
3278,http://myneta.info/TamilNadu2026/candidate.php?candidate_id=3278,Tamilselvam R,232,TIRUKKOYILUR,33,Tamizhaga Vaazhvurimai Katchi,Yes 1,Others,,,1,"2,75,000 ~ 2 Lacs+",275000,,,,1,0 ~,0,,Y,3
509,http://myneta.info/TamilNadu2026/candidate.php?candidate_id=509,Vijayamoorthi E,232,TIRUKKOYILUR,30,IND,No,Graduate Professional,,,1,0 ~,0,,,,1,"8,28,931 ~ 8 Lacs+",828931,,Y,0
3290,http://myneta.info/TamilNadu2026/candidate.php?candidate_id=3290,Alagumurugan. S,233,RAJAPALAYAM,32,IND,No,8th Pass,,,1,0 ~,0,,,,1,0 ~,0,,Y,0
3289,http://myneta.info/TamilNadu2026/candidate.php?candidate_id=3289,Alagupandian. A,233,RAJAPALAYAM,63,IND,No,8th Pass,,,1,"42,81,78,400 ~ 42 Crore+",428178400,,,,1,"9,35,00,000 ~ 9 Crore+",93500000,,Y,0
3298,http://myneta.info/TamilNadu2026/candidate.php?candidate_id=3298,Balamurugan. V,233,RAJAPALAYAM,50,IND,No,10th Pass,,,1,"3,00,000 ~ 3 Lacs+",300000,,,,1,0 ~,0,,Y,0
135,http://myneta.info/TamilNadu2026/candidate.php?candidate_id=135,Dr. Karthikeyan. T.E.,233,RAJAPALAYAM,33,Naam Tamilar Katchi,Yes 2,Graduate Professional,,,1,"10,00,00,000 ~ 10 Crore+",100000000,,,,1,"12,51,09,885 ~ 12 Crore+",125109885,,Y,0
3291,http://myneta.info/TamilNadu2026/candidate.php?candidate_id=3291,Ganesan. K,233,RAJAPALAYAM,43,IND,No,Graduate,,,1,"6,00,000 ~ 6 Lacs+",600000,,,,1,"18,40,000 ~ 18 Lacs+",1840000,,Y,0
3288,http://myneta.info/TamilNadu2026/candidate.php?candidate_id=3288,Harish. A,233,RAJAPALAYAM,28,All India Puratchi Thalaivar Makkal Munnettra Kazhagam,No,Graduate Professional,,,1,"42,81,78,400 ~ 42 Crore+",428178400,,,,1,"9,35,00,000 ~ 9 Crore+",93500000,,Y,0
1090,http://myneta.info/TamilNadu2026/candidate.php?candidate_id=1090,Jegadeshwari. K,233,RAJAPALAYAM,40,Tamilaga Vettri Kazhagam,No,Graduate,,,1,0 ~,0,,,,1,"13,35,916 ~ 13 Lacs+",1335916,,Y,0
3301,http://myneta.info/TamilNadu2026/candidate.php?candidate_id=3301,Jegathishwari. N,233,RAJAPALAYAM,47,IND,No,5th Pass,,,1,"7,00,000 ~ 7 Lacs+",700000,,,,1,"12,42,183 ~ 12 Lacs+",1242183,,Y,0
627,http://myneta.info/TamilNadu2026/candidate.php?candidate_id=627,Manmathan. M,233,RAJAPALAYAM,71,IND,No,8th Pass,,,1,"10,00,000 ~ 10 Lacs+",1000000,,,,1,"3,50,000 ~ 3 Lacs+",350000,,Y,0
3300,http://myneta.info/TamilNadu2026/candidate.php?candidate_id=3300,Murugan. D,233,RAJAPALAYAM,56,IND,No,5th Pass,,,1,0 ~,0,,,,1,0 ~,0,,Y,0
3299,http://myneta.info/TamilNadu2026/candidate.php?candidate_id=3299,Muthulakshmi. R,233,RAJAPALAYAM,45,IND,No,Post Graduate,,,1,0 ~,0,,,,1,"42,62,000 ~ 42 Lacs+",4262000,,Y,0
3286,http://myneta.info/TamilNadu2026/candidate.php?candidate_id=3286,Nasrin Banu. T,233,RAJAPALAYAM,41,Republican Party of India (Athawale),No,12th Pass,,,1,0 ~,0,,,,1,0 ~,0,,Y,0
1227,http://myneta.info/TamilNadu2026/candidate.php?candidate_id=1227,Priscilla Pandian. J,233,RAJAPALAYAM,56,BJP,No,Doctorate,,,1,"37,28,13,875 ~ 37 Crore+",372813875,,,,1,"2,36,80,155 ~ 2 Crore+",23680155,,Y,0
3287,http://myneta.info/TamilNadu2026/candidate.php?candidate_id=3287,Ramadevi. T,233,RAJAPALAYAM,38,Puthiya Tamilagam,No,Post Graduate,,,1,0 ~,0,,,,1,"4,50,000 ~ 4 Lacs+",450000,,Y,0
3294,http://myneta.info/TamilNadu2026/candidate.php?candidate_id=3294,Samuel Raj,233,RAJAPALAYAM,34,IND,No,12th Pass,,,1,0 ~,0,,,,1,0 ~,0,,Y,0
3293,http://myneta.info/TamilNadu2026/candidate.php?candidate_id=3293,Saravanan. G,233,RAJAPALAYAM,50,IND,No,Doctorate,,,1,0 ~,0,,,,1,0 ~,0,,N,0
3295,http://myneta.info/TamilNadu2026/candidate.php?candidate_id=3295,Selvakumar. A,233,RAJAPALAYAM,30,IND,No,Graduate,,,1,0 ~,0,,,,1,0 ~,0,,Y,0
3296,http://myneta.info/TamilNadu2026/candidate.php?candidate_id=3296,Selvi. K,233,RAJAPALAYAM,35,IND,No,Post Graduate,,,1,0 ~,0,,,,1,0 ~,0,,Y,0
3292,http://myneta.info/TamilNadu2026/candidate.php?candidate_id=3292,Shanmugachandra Velavan. C.C,233,RAJAPALAYAM,58,IND,No,10th Pass,,,1,0 ~,0,,,,1,0 ~,0,,Y,0
3297,http://myneta.info/TamilNadu2026/candidate.php?candidate_id=3297,Thangapandi. B,233,RAJAPALAYAM,33,IND,No,Graduate Professional,,,1,0 ~,0,,,,1,0 ~,0,,Y,0
1091,http://myneta.info/TamilNadu2026/candidate.php?candidate_id=1091,Thangapandian. S,233,RAJAPALAYAM,57,DMK,No,5th Pass,,,1,"23,41,89,500 ~ 23 Crore+",234189500,,,,1,"7,24,70,134 ~ 7 Crore+",72470134,,Y,0
628,http://myneta.info/TamilNadu2026/candidate.php?candidate_id=628,Vijendran. G,233,RAJAPALAYAM,67,IND,No,Doctorate,,,1,"1,20,00,000 ~ 1 Crore+",12000000,,,,1,0 ~,0,,Y,0
629,http://myneta.info/TamilNadu2026/candidate.php?candidate_id=629,Alaguraja T,234,SRIVILLIPUTHUR (SC),31,IND,No,Graduate,,,1,0 ~,0,,,,1,"9,48,000 ~ 9 Lacs+",948000,,Y,0
3302,http://myneta.info/TamilNadu2026/candidate.php?candidate_id=3302,Chandra.M,234,SRIVILLIPUTHUR (SC),51,All India Puratchi Thalaivar Makkal Munnettra Kazhagam,No,Others,,,1,"95,00,000 ~ 95 Lacs+",9500000,,,,1,"23,00,000 ~ 23 Lacs+",2300000,,Y,0
1252,http://myneta.info/TamilNadu2026/candidate.php?candidate_id=1252,Chandraprabha.M,234,SRIVILLIPUTHUR (SC),44,AIADMK,No,Post Graduate,,,1,"1,62,10,000 ~ 1 Crore+",16210000,,,,1,"2,38,85,514 ~ 2 Crore+",23885514,,Y,0
3306,http://myneta.info/TamilNadu2026/candidate.php?candidate_id=3306,Devialakshmi Saranya.K,234,SRIVILLIPUTHUR (SC),38,IND,No,Graduate,,,1,0 ~,0,,,,1,0 ~,0,,Y,0
3303,http://myneta.info/TamilNadu2026/candidate.php?candidate_id=3303,Dr. Shyam Krishnasamy,234,SRIVILLIPUTHUR (SC),33,Puthiya Tamilagam,Yes 3,Post Graduate,,,1,"15,08,06,415 ~ 15 Crore+",150806415,,,,1,"11,30,620 ~ 11 Lacs+",1130620,,Y,0
158,http://myneta.info/TamilNadu2026/candidate.php?candidate_id=158,Karikalapandiyan.A,234,SRIVILLIPUTHUR (SC),46,Naam Tamilar Katchi,Yes 3,Graduate Professional,,,1,"8,00,000 ~ 8 Lacs+",800000,,,,1,"12,00,000 ~ 12 Lacs+",1200000,,Y,1
1095,http://myneta.info/TamilNadu2026/candidate.php?candidate_id=1095,Karthik.A,234,SRIVILLIPUTHUR (SC),37,Tamilaga Vettri Kazhagam,No,Post Graduate,,,1,"58,20,000 ~ 58 Lacs+",5820000,,,,1,"53,49,061 ~ 53 Lacs+",5349061,,Y,0
1096,http://myneta.info/TamilNadu2026/candidate.php?candidate_id=1096,Mahalingam.P,234,SRIVILLIPUTHUR (SC),53,CPI,Yes 5,Graduate Professional,,,1,"80,60,000 ~ 80 Lacs+",8060000,,,,1,"40,05,000 ~ 40 Lacs+",4005000,,Y,0
3309,http://myneta.info/TamilNadu2026/candidate.php?candidate_id=3309,Murugesan.S,234,SRIVILLIPUTHUR (SC),47,IND,No,10th Pass,,,1,0 ~,0,,,,1,0 ~,0,,Y,0
3308,http://myneta.info/TamilNadu2026/candidate.php?candidate_id=3308,Muthuraj.U,234,SRIVILLIPUTHUR (SC),44,IND,No,5th Pass,,,1,"14,00,000 ~ 14 Lacs+",1400000,,,,1,"43,000 ~ 43 Thou+",43000,,Y,0
3307,http://myneta.info/TamilNadu2026/candidate.php?candidate_id=3307,Pandiyammal.M,234,SRIVILLIPUTHUR (SC),37,IND,No,Others,,,1,"5,00,000 ~ 5 Lacs+",500000,,,,1,0 ~,0,,Y,0
3304,http://myneta.info/TamilNadu2026/candidate.php?candidate_id=3304,Sudandiradoss.M,234,SRIVILLIPUTHUR (SC),25,IND,No,Others,,,1,0 ~,0,,,,1,0 ~,0,,Y,0
3305,http://myneta.info/TamilNadu2026/candidate.php?candidate_id=3305,Suryaprakash.R,234,SRIVILLIPUTHUR (SC),28,IND,No,Graduate Professional,,,1,"43,80,000 ~ 43 Lacs+",4380000,,,,1,"4,50,000 ~ 4 Lacs+",450000,,Y,0
630,http://myneta.info/TamilNadu2026/candidate.php?candidate_id=630,Varatharajan.A,234,SRIVILLIPUTHUR (SC),54,Naam Indiar Party,No,Graduate,,,1,0 ~,0,,,,1,"6,56,900 ~ 6 Lacs+",656900,,Y,0
1237,http://myneta.info/TamilNadu2026/candidate.php?candidate_id=1237,Ajith. M,235,SATTUR,32,Tamilaga Vettri Kazhagam,No,Post Graduate,,,1,0 ~,0,,,,1,"2,56,184 ~ 2 Lacs+",256184,,Y,0
3853,http://myneta.info/TamilNadu2026/candidate.php?candidate_id=3853,Ajithkumar. S,235,SATTUR,28,IND,No,Graduate Professional,,,1,0 ~,0,,,,1,0 ~,0,,Y,0
148,http://myneta.info/TamilNadu2026/candidate.php?candidate_id=148,Anandharaja. D.,235,SATTUR,49,Naam Tamilar Katchi,No,Graduate,,,1,"40,00,000 ~ 40 Lacs+",4000000,,,,1,"20,98,000 ~ 20 Lacs+",2098000,,Y,0
3850,http://myneta.info/TamilNadu2026/candidate.php?candidate_id=3850,Esakkiraja. K,235,SATTUR,39,All India Puratchi Thalaivar Makkal Munnettra Kazhagam,Yes 10,8th Pass,,,1,"4,59,160 ~ 4 Lacs+",459160,,,,1,"52,396 ~ 52 Thou+",52396,,Y,1
1238,http://myneta.info/TamilNadu2026/candidate.php?candidate_id=1238,Kadarkarairaj. A,235,SATTUR,67,DMK,No,8th Pass,,,1,"71,35,413 ~ 71 Lacs+",7135413,,,,1,"35,07,808 ~ 35 Lacs+",3507808,,Y,0
3854,http://myneta.info/TamilNadu2026/candidate.php?candidate_id=3854,Kaliraj. M,235,SATTUR,34,IND,No,Literate,,,1,0 ~,0,,,,1,0 ~,0,,Y,0
3849,http://myneta.info/TamilNadu2026/candidate.php?candidate_id=3849,Kamala Vel Selvan. P,235,SATTUR,53,BSP,No,Graduate Professional,,,1,"33,00,000 ~ 33 Lacs+",3300000,,,,1,"20,62,123 ~ 20 Lacs+",2062123,,Y,0
3857,http://myneta.info/TamilNadu2026/candidate.php?candidate_id=3857,Mahendran. M,235,SATTUR,32,IND,No,Post Graduate,,,1,0 ~,0,,,,1,0 ~,0,,Y,0
3858,http://myneta.info/TamilNadu2026/candidate.php?candidate_id=3858,Maheshkumar. M,235,SATTUR,36,IND,No,Graduate,,,1,0 ~,0,,,,1,0 ~,0,,Y,0
3859,http://myneta.info/TamilNadu2026/candidate.php?candidate_id=3859,Manivasagam.S,235,SATTUR,47,IND,No,Graduate,,,1,0 ~,0,,,,1,0 ~,0,,Y,0
3860,http://myneta.info/TamilNadu2026/candidate.php?candidate_id=3860,Mayakkannan. V,235,SATTUR,35,IND,No,Graduate,,,1,0 ~,0,,,,1,"2,92,200 ~ 2 Lacs+",292200,,Y,0
3861,http://myneta.info/TamilNadu2026/candidate.php?candidate_id=3861,Mutharasan. M,235,SATTUR,37,IND,No,Post Graduate,,,1,0 ~,0,,,,1,0 ~,0,,Y,0
631,http://myneta.info/TamilNadu2026/candidate.php?candidate_id=631,Muthukannu. C,235,SATTUR,59,Tamilaga Makkal Nala Katchi,No,Graduate Professional,,,1,"12,00,000 ~ 12 Lacs+",1200000,,,,1,0 ~,0,,Y,0
1092,http://myneta.info/TamilNadu2026/candidate.php?candidate_id=1092,Nainar Nagenthran,235,SATTUR,65,BJP,Yes 6,Post Graduate,,,1,"14,43,95,777 ~ 14 Crore+",144395777,,,,1,"2,60,79,350 ~ 2 Crore+",26079350,,Y,10
632,http://myneta.info/TamilNadu2026/candidate.php?candidate_id=632,Narmada Nandhakumar,235,SATTUR,48,IND,Yes 8,Post Graduate,,,1,"50,000 ~ 50 Thou+",50000,,,,1,0 ~,0,,Y,4
3862,http://myneta.info/TamilNadu2026/candidate.php?candidate_id=3862,Ramesh Kumar. B,235,SATTUR,44,IND,No,Others,,,1,0 ~,0,,,,1,0 ~,0,,Y,0
3855,http://myneta.info/TamilNadu2026/candidate.php?candidate_id=3855,Saravanan. P,235,SATTUR,52,IND,No,Graduate,,,1,0 ~,0,,,,1,0 ~,0,,Y,0
3851,http://myneta.info/TamilNadu2026/candidate.php?candidate_id=3851,Thanga Durai. P,235,SATTUR,33,Puthiya Makkal Tamil Desam Katchi,No,10th Pass,,,1,"7,00,000 ~ 7 Lacs+",700000,,,,1,"2,06,000 ~ 2 Lacs+",206000,,Y,0
3856,http://myneta.info/TamilNadu2026/candidate.php?candidate_id=3856,Thanga Mariappan. J,235,SATTUR,53,IND,Yes 1,Graduate,,,1,0 ~,0,,,,1,0 ~,0,,Y,1
3852,http://myneta.info/TamilNadu2026/candidate.php?candidate_id=3852,Velmurugan. S,235,SATTUR,50,Puthiya Tamilagam,No,10th Pass,,,1,0 ~,0,,,,1,0 ~,0,,Y,0
3863,http://myneta.info/TamilNadu2026/candidate.php?candidate_id=3863,Venkatesan. M,235,SATTUR,31,IND,No,Others,,,1,"1,00,000 ~ 1 Lacs+",100000,,,,1,0 ~,0,,Y,0
633,http://myneta.info/TamilNadu2026/candidate.php?candidate_id=633,Vijendran. G,235,SATTUR,67,IND,No,Post Graduate,,,1,"1,20,00,000 ~ 1 Crore+",12000000,,,,1,0 ~,0,,Y,0
1094,http://myneta.info/TamilNadu2026/candidate.php?candidate_id=1094,Ashokan G,236,SIVAKASI,67,INC,Yes 1,Graduate,,,1,"44,85,00,000 ~ 44 Crore+",448500000,,,,1,"33,08,40,000 ~ 33 Crore+",330840000,,Y,0
636,http://myneta.info/TamilNadu2026/candidate.php?candidate_id=636,Chinnadurai Alias Dimitro S,236,SIVAKASI,38,CPI(ML)(L),No,10th Pass,,,1,"4,00,000 ~ 4 Lacs+",400000,,,,1,"26,03,587 ~ 26 Lacs+",2603587,,Y,0
155,http://myneta.info/TamilNadu2026/candidate.php?candidate_id=155,Esther Mary Diana A,236,SIVAKASI,45,Naam Tamilar Katchi,No,12th Pass,,,1,"5,00,000 ~ 5 Lacs+",500000,,,,1,"4,62,333 ~ 4 Lacs+",462333,,Y,0
3886,http://myneta.info/TamilNadu2026/candidate.php?candidate_id=3886,Ganesan M,236,SIVAKASI,70,All India Puratchi Thalaivar Makkal Munnettra Kazhagam,No,8th Pass,,,1,"4,40,00,000 ~ 4 Crore+",44000000,,,,1,"2,23,91,821 ~ 2 Crore+",22391821,,Y,0
3888,http://myneta.info/TamilNadu2026/candidate.php?candidate_id=3888,Ganesan S,236,SIVAKASI,57,IND,No,8th Pass,,,1,"5,00,000 ~ 5 Lacs+",500000,,,,1,"1,21,000 ~ 1 Lacs+",121000,,Y,0
635,http://myneta.info/TamilNadu2026/candidate.php?candidate_id=635,Ganesan V,236,SIVAKASI,70,IND,No,Illiterate,,,1,"4,00,000 ~ 4 Lacs+",400000,,,,1,"70,000 ~ 70 Thou+",70000,,Y,0
3887,http://myneta.info/TamilNadu2026/candidate.php?candidate_id=3887,Kanipandi M,236,SIVAKASI,29,Puthiya Tamilagam,Yes 1,5th Pass,,,1,0 ~,0,,,,1,"16,00,000 ~ 16 Lacs+",1600000,,Y,1
1093,http://myneta.info/TamilNadu2026/candidate.php?candidate_id=1093,Keerthana S,236,SIVAKASI,30,Tamilaga Vettri Kazhagam,No,Post Graduate,,,1,0 ~,0,,,,1,"12,75,777 ~ 12 Lacs+",1275777,,Y,0
3890,http://myneta.info/TamilNadu2026/candidate.php?candidate_id=3890,Murugan M,236,SIVAKASI,43,IND,Yes 1,8th Pass,,,1,0 ~,0,,,,1,0 ~,0,,Y,0
1246,http://myneta.info/TamilNadu2026/candidate.php?candidate_id=1246,Rajenthrabhalaji K T,236,SIVAKASI,62,AIADMK,Yes 3,10th Pass,,,1,"2,71,74,140 ~ 2 Crore+",27174140,,,,1,"1,11,67,354 ~ 1 Crore+",11167354,,Y,6
3891,http://myneta.info/TamilNadu2026/candidate.php?candidate_id=3891,Ramesh P,236,SIVAKASI,39,IND,No,Graduate Professional,,,1,"8,00,000 ~ 8 Lacs+",800000,,,,1,"14,00,000 ~ 14 Lacs+",1400000,,Y,0
3885,http://myneta.info/TamilNadu2026/candidate.php?candidate_id=3885,Suresh K,236,SIVAKASI,32,BSP,No,Graduate Professional,,,1,0 ~,0,,,,1,0 ~,0,,Y,0
634,http://myneta.info/TamilNadu2026/candidate.php?candidate_id=634,Venkatesh V,236,SIVAKASI,33,IND,No,Graduate,,,1,0 ~,0,,,,1,0 ~,0,,Y,0
1467,http://myneta.info/TamilNadu2026/candidate.php?candidate_id=1467,Ajay I,237,VIRUDHUNAGAR,27,IND,No,12th Pass,,,1,0 ~,0,,,,1,"96,000 ~ 96 Thou+",96000,,Y,0
1466,http://myneta.info/TamilNadu2026/candidate.php?candidate_id=1466,Amirtha Pandi M.V,237,VIRUDHUNAGAR,30,IND,No,12th Pass,,,1,"6,00,000 ~ 6 Lacs+",600000,,,,1,0 ~,0,,Y,0
1464,http://myneta.info/TamilNadu2026/candidate.php?candidate_id=1464,Balasubramaniam M,237,VIRUDHUNAGAR,57,Puthiya Tamilagam,No,Literate,,,1,"15,00,000 ~ 15 Lacs+",1500000,,,,1,"2,30,000 ~ 2 Lacs+",230000,,Y,0
1111,http://myneta.info/TamilNadu2026/candidate.php?candidate_id=1111,Ganesan V.G.,237,VIRUDHUNAGAR,51,AIADMK,Yes 1,10th Pass,,,1,"38,46,91,000 ~ 38 Crore+",384691000,,,,1,"5,03,21,255 ~ 5 Crore+",50321255,,Y,0
1468,http://myneta.info/TamilNadu2026/candidate.php?candidate_id=1468,Gunasundaram R,237,VIRUDHUNAGAR,71,IND,No,Doctorate,,,1,"20,00,000 ~ 20 Lacs+",2000000,,,,1,0 ~,0,,Y,0
1469,http://myneta.info/TamilNadu2026/candidate.php?candidate_id=1469,Gurusamy S,237,VIRUDHUNAGAR,68,IND,No,10th Pass,,,1,0 ~,0,,,,1,0 ~,0,,Y,0
225,http://myneta.info/TamilNadu2026/candidate.php?candidate_id=225,Lakshmanan,237,VIRUDHUNAGAR,27,Naam Tamilar Katchi,No,Graduate,,,1,"30,00,000 ~ 30 Lacs+",3000000,,,,1,"11,71,484 ~ 11 Lacs+",1171484,,Y,0
1472,http://myneta.info/TamilNadu2026/candidate.php?candidate_id=1472,Muthuvel S,237,VIRUDHUNAGAR,58,IND,No,Graduate Professional,,,1,"60,00,000 ~ 60 Lacs+",6000000,,,,1,0 ~,0,,Y,0
1473,http://myneta.info/TamilNadu2026/candidate.php?candidate_id=1473,Ranjith S,237,VIRUDHUNAGAR,30,IND,No,Graduate Professional,,,1,0 ~,0,,,,1,0 ~,0,,Y,0
1465,http://myneta.info/TamilNadu2026/candidate.php?candidate_id=1465,Rathinaraja S,237,VIRUDHUNAGAR,54,Nam Naadu Nam Makkal Nam Ethirkaalam Katchi,No,Post Graduate,,,1,"79,00,000 ~ 79 Lacs+",7900000,,,,1,"1,10,71,820 ~ 1 Crore+",11071820,,Y,0
1470,http://myneta.info/TamilNadu2026/candidate.php?candidate_id=1470,Santhosh Kumar R,237,VIRUDHUNAGAR,29,IND,No,Graduate,,,1,0 ~,0,,,,1,"1,09,900 ~ 1 Lacs+",109900,,Y,0
1326,http://myneta.info/TamilNadu2026/candidate.php?candidate_id=1326,Selvam P,237,VIRUDHUNAGAR,31,Tamilaga Vettri Kazhagam,Yes 3,Others,,,1,"3,18,25,000 ~ 3 Crore+",31825000,,,,1,"55,000 ~ 55 Thou+",55000,,Y,1
1471,http://myneta.info/TamilNadu2026/candidate.php?candidate_id=1471,Subburaj K,237,VIRUDHUNAGAR,48,IND,Yes 1,8th Pass,,,1,"3,45,185 ~ 3 Lacs+",345185,,,,1,0 ~,0,,Y,0
1327,http://myneta.info/TamilNadu2026/candidate.php?candidate_id=1327,Vijayaprabhakar,237,VIRUDHUNAGAR,35,Desiya Murpokku Dravida Kazhagam,No,Graduate Professional,,,1,"9,02,27,333 ~ 9 Crore+",90227333,,,,1,"41,59,26,507 ~ 41 Crore+",415926507,,Y,0
637,http://myneta.info/TamilNadu2026/candidate.php?candidate_id=637,Vikraman N,237,VIRUDHUNAGAR,41,Desa Makkal Munnetrak Kazhagam,No,Post Graduate,,,1,0 ~,0,,,,1,0 ~,0,,Y,0
3319,http://myneta.info/TamilNadu2026/candidate.php?candidate_id=3319,Sundaramahalingam. A,238,ARUPPUKOTTAI,39,IND,No,12th Pass,,,1,0 ~,0,,,,1,"4,00,000 ~ 4 Lacs+",400000,,Y,0
3317,http://myneta.info/TamilNadu2026/candidate.php?candidate_id=3317,Advocate Sadhuragiri. M,238,ARUPPUKOTTAI,27,IND,No,Graduate Professional,,,1,0 ~,0,,,,1,0 ~,0,,Y,0
3315,http://myneta.info/TamilNadu2026/candidate.php?candidate_id=3315,Anandhan. A,238,ARUPPUKOTTAI,58,IND,No,8th Pass,,,1,0 ~,0,,,,1,0 ~,0,,Y,0
3314,http://myneta.info/TamilNadu2026/candidate.php?candidate_id=3314,Arumugam. V,238,ARUPPUKOTTAI,29,IND,Yes 2,Graduate,,,1,0 ~,0,,,,1,0 ~,0,,Y,0
3318,http://myneta.info/TamilNadu2026/candidate.php?candidate_id=3318,Chinnasamy. G,238,ARUPPUKOTTAI,48,IND,No,5th Pass,,,1,"36,000 ~ 36 Thou+",36000,,,,1,0 ~,0,,Y,0
3312,http://myneta.info/TamilNadu2026/candidate.php?candidate_id=3312,Dharmaraj. P,238,ARUPPUKOTTAI,47,All India Puratchi Thalaivar Makkal Munnettra Kazhagam,No,Literate,,,1,"17,00,000 ~ 17 Lacs+",1700000,,,,1,"1,76,912 ~ 1 Lacs+",176912,,Y,0
3310,http://myneta.info/TamilNadu2026/candidate.php?candidate_id=3310,Elango. G,238,ARUPPUKOTTAI,45,Ezhuchi Tamilargal Munnetra Kazhagam,No,Others,,,1,"1,25,00,000 ~ 1 Crore+",12500000,,,,1,0 ~,0,,Y,0
3311,http://myneta.info/TamilNadu2026/candidate.php?candidate_id=3311,Ganesan. V,238,ARUPPUKOTTAI,41,Puthiya Makkal Tamil Desam Katchi,No,10th Pass,,,1,0 ~,0,,,,1,"26,62,300 ~ 26 Lacs+",2662300,,Y,0
1400,http://myneta.info/TamilNadu2026/candidate.php?candidate_id=1400,Karthik Kumar. K,238,ARUPPUKOTTAI,31,Tamilaga Vettri Kazhagam,No,Others,,,1,"24,60,000 ~ 24 Lacs+",2460000,,,,1,"9,00,000 ~ 9 Lacs+",900000,,Y,0
3316,http://myneta.info/TamilNadu2026/candidate.php?candidate_id=3316,Karthik. M,238,ARUPPUKOTTAI,31,IND,No,5th Pass,,,1,0 ~,0,,,,1,0 ~,0,,N,0
14,http://myneta.info/TamilNadu2026/candidate.php?candidate_id=14,Manimaran. G,238,ARUPPUKOTTAI,41,Naam Tamilar Katchi,No,Others,,,1,"15,00,000 ~ 15 Lacs+",1500000,,,,1,0 ~,0,,Y,0
3323,http://myneta.info/TamilNadu2026/candidate.php?candidate_id=3323,Marivel. K,238,ARUPPUKOTTAI,35,IND,No,12th Pass,,,1,"28,00,000 ~ 28 Lacs+",2800000,,,,1,"3,00,000 ~ 3 Lacs+",300000,,Y,0
3324,http://myneta.info/TamilNadu2026/candidate.php?candidate_id=3324,Muniyandi. M,238,ARUPPUKOTTAI,46,IND,No,Literate,,,1,0 ~,0,,,,1,0 ~,0,,Y,0
3322,http://myneta.info/TamilNadu2026/candidate.php?candidate_id=3322,Palanikumar. M,238,ARUPPUKOTTAI,46,IND,No,10th Pass,,,1,"90,00,000 ~ 90 Lacs+",9000000,,,,1,0 ~,0,,Y,0
3313,http://myneta.info/TamilNadu2026/candidate.php?candidate_id=3313,Ragupathi. K,238,ARUPPUKOTTAI,51,Puthiya Tamilagam,Yes 1,12th Pass,,,1,"1,00,000 ~ 1 Lacs+",100000,,,,1,0 ~,0,,Y,0
1401,http://myneta.info/TamilNadu2026/candidate.php?candidate_id=1401,Ramachandran. K.K.S.S.R,238,ARUPPUKOTTAI,76,DMK,Yes 1,8th Pass,,,1,"1,32,32,000 ~ 1 Crore+",13232000,,,,1,"73,60,150 ~ 73 Lacs+",7360150,,Y,0
3325,http://myneta.info/TamilNadu2026/candidate.php?candidate_id=3325,Ramakrishnan. S,238,ARUPPUKOTTAI,32,IND,No,8th Pass,,,1,"30,00,000 ~ 30 Lacs+",3000000,,,,1,0 ~,0,,Y,0
3326,http://myneta.info/TamilNadu2026/candidate.php?candidate_id=3326,Ramamoorthy. G,238,ARUPPUKOTTAI,48,IND,No,Post Graduate,,,1,0 ~,0,,,,1,0 ~,0,,Y,0
639,http://myneta.info/TamilNadu2026/candidate.php?candidate_id=639,Sanjay Gandhi. V,238,ARUPPUKOTTAI,34,Desa Makkal Munnetrak Kazhagam,No,8th Pass,,,1,0 ~,0,,,,1,0 ~,0,,Y,0
638,http://myneta.info/TamilNadu2026/candidate.php?candidate_id=638,Senthilkumar. S,238,ARUPPUKOTTAI,48,IND,No,Graduate,,,1,"40,00,000 ~ 40 Lacs+",4000000,,,,1,"8,500 ~ 8 Thou+",8500,,Y,0
762,http://myneta.info/TamilNadu2026/candidate.php?candidate_id=762,Sethupathy. S,238,ARUPPUKOTTAI,53,AIADMK,No,Literate,,,1,"83,17,864 ~ 83 Lacs+",8317864,,,,1,"22,95,220 ~ 22 Lacs+",2295220,,Y,0
3320,http://myneta.info/TamilNadu2026/candidate.php?candidate_id=3320,Sundaramoorthi. S,238,ARUPPUKOTTAI,41,IND,No,10th Pass,,,1,"15,00,000 ~ 15 Lacs+",1500000,,,,1,"5,10,824 ~ 5 Lacs+",510824,,Y,0
3321,http://myneta.info/TamilNadu2026/candidate.php?candidate_id=3321,Sureshkumar. K,238,ARUPPUKOTTAI,30,IND,No,10th Pass,,,1,0 ~,0,,,,1,0 ~,0,,Y,0
3327,http://myneta.info/TamilNadu2026/candidate.php?candidate_id=3327,Veeraraj. R,238,ARUPPUKOTTAI,28,IND,No,5th Pass,,,1,0 ~,0,,,,1,0 ~,0,,Y,0
3328,http://myneta.info/TamilNadu2026/candidate.php?candidate_id=3328,Venkatesan. P.S,238,ARUPPUKOTTAI,59,IND,No,12th Pass,,,1,"30,00,000 ~ 30 Lacs+",3000000,,,,1,0 ~,0,,Y,0
3940,http://myneta.info/TamilNadu2026/candidate.php?candidate_id=3940,Advocate Thangapandian,239,TIRUCHULI,42,IND,No,Graduate Professional,,,1,0 ~,0,,,,1,0 ~,0,,Y,0
3935,http://myneta.info/TamilNadu2026/candidate.php?candidate_id=3935,Aravinthasamy.J,239,TIRUCHULI,28,IND,Yes 1,Others,,,1,0 ~,0,,,,1,0 ~,0,,Y,0
190,http://myneta.info/TamilNadu2026/candidate.php?candidate_id=190,Avarangadu Karthik Raja,239,TIRUCHULI,34,Naam Tamilar Katchi,No,Post Graduate,,,1,"56,30,500 ~ 56 Lacs+",5630500,,,,1,"79,51,299 ~ 79 Lacs+",7951299,,Y,0
3938,http://myneta.info/TamilNadu2026/candidate.php?candidate_id=3938,Chenna Kesavan.P,239,TIRUCHULI,45,IND,No,5th Pass,,,1,"1,50,000 ~ 1 Lacs+",150000,,,,1,"6,723 ~ 6 Thou+",6723,,Y,0
3932,http://myneta.info/TamilNadu2026/candidate.php?candidate_id=3932,Gunasekaran.G,239,TIRUCHULI,53,Puthiya Tamilagam,Yes 3,8th Pass,,,1,0 ~,0,,,,1,"1,66,000 ~ 1 Lacs+",166000,,N,0
3937,http://myneta.info/TamilNadu2026/candidate.php?candidate_id=3937,Gurusamy.T,239,TIRUCHULI,54,IND,Yes 3,5th Pass,,,1,"2,54,50,000 ~ 2 Crore+",25450000,,,,1,"14,55,000 ~ 14 Lacs+",1455000,,Y,2
3947,http://myneta.info/TamilNadu2026/candidate.php?candidate_id=3947,Jeyachitra,239,TIRUCHULI,35,IND,No,Graduate Professional,,,1,0 ~,0,,,,1,"95,500 ~ 95 Thou+",95500,,N,0
3936,http://myneta.info/TamilNadu2026/candidate.php?candidate_id=3936,Kalimuthu.S,239,TIRUCHULI,55,IND,No,Illiterate,,,1,"4,60,000 ~ 4 Lacs+",460000,,,,1,"68,000 ~ 68 Thou+",68000,,Y,0
3931,http://myneta.info/TamilNadu2026/candidate.php?candidate_id=3931,Kannan.G,239,TIRUCHULI,39,Ezhuchi Tamilargal Munnetra Kazhagam,No,Others,,,1,"12,00,000 ~ 12 Lacs+",1200000,,,,1,0 ~,0,,Y,0
506,http://myneta.info/TamilNadu2026/candidate.php?candidate_id=506,Malai Alagu.M,239,TIRUCHULI,43,IND,No,Graduate,,,1,"3,35,000 ~ 3 Lacs+",335000,,,,1,0 ~,0,,Y,0
3943,http://myneta.info/TamilNadu2026/candidate.php?candidate_id=3943,Marimuthu.M,239,TIRUCHULI,49,IND,No,5th Pass,,,1,"5,00,000 ~ 5 Lacs+",500000,,,,1,0 ~,0,,Y,0
3944,http://myneta.info/TamilNadu2026/candidate.php?candidate_id=3944,Marnadu.M,239,TIRUCHULI,51,IND,No,8th Pass,,,1,"10,00,000 ~ 10 Lacs+",1000000,,,,1,"3,25,000 ~ 3 Lacs+",325000,,Y,0
3945,http://myneta.info/TamilNadu2026/candidate.php?candidate_id=3945,Muniyasamy.R,239,TIRUCHULI,49,IND,No,8th Pass,,,1,"20,00,000 ~ 20 Lacs+",2000000,,,,1,0 ~,0,,Y,0
3934,http://myneta.info/TamilNadu2026/candidate.php?candidate_id=3934,Murugesapandian.T,239,TIRUCHULI,63,All India Puratchi Thalaivar Makkal Munnettra Kazhagam,No,12th Pass,,,1,"16,80,000 ~ 16 Lacs+",1680000,,,,1,"40,66,000 ~ 40 Lacs+",4066000,,Y,0
3941,http://myneta.info/TamilNadu2026/candidate.php?candidate_id=3941,Nallamaruthu.K,239,TIRUCHULI,45,IND,No,10th Pass,,,1,"5,00,000 ~ 5 Lacs+",500000,,,,1,0 ~,0,,Y,0
3942,http://myneta.info/TamilNadu2026/candidate.php?candidate_id=3942,Palaniyandi.M,239,TIRUCHULI,52,IND,Yes 1,12th Pass,,,1,"24,00,000 ~ 24 Lacs+",2400000,,,,1,"5,00,000 ~ 5 Lacs+",500000,,Y,2
3946,http://myneta.info/TamilNadu2026/candidate.php?candidate_id=3946,Rajangam.C,239,TIRUCHULI,64,IND,No,10th Pass,,,1,"10,00,000 ~ 10 Lacs+",1000000,,,,1,"1,00,000 ~ 1 Lacs+",100000,,Y,0
1281,http://myneta.info/TamilNadu2026/candidate.php?candidate_id=1281,Rajavarman.M.S.R,239,TIRUCHULI,53,AIADMK,Yes 2,8th Pass,,,1,"11,91,10,520 ~ 11 Crore+",119110520,,,,1,"4,17,11,530 ~ 4 Crore+",41711530,,Y,3
833,http://myneta.info/TamilNadu2026/candidate.php?candidate_id=833,Rajkumar.D,239,TIRUCHULI,51,Tamizhaga Vaazhvurimai Katchi,No,8th Pass,,,1,"48,10,000 ~ 48 Lacs+",4810000,,,,1,"36,13,000 ~ 36 Lacs+",3613000,,Y,0
3933,http://myneta.info/TamilNadu2026/candidate.php?candidate_id=3933,Samayan.S,239,TIRUCHULI,35,Tamilaga Vettri Kazhagam,No,5th Pass,,,1,"18,00,000 ~ 18 Lacs+",1800000,,,,1,"20,89,000 ~ 20 Lacs+",2089000,,Y,0
3939,http://myneta.info/TamilNadu2026/candidate.php?candidate_id=3939,Sethuramalingam.S,239,TIRUCHULI,81,IND,No,10th Pass,,,1,"3,35,000 ~ 3 Lacs+",335000,,,,1,0 ~,0,,Y,0
834,http://myneta.info/TamilNadu2026/candidate.php?candidate_id=834,Thangam Thenarasu,239,TIRUCHULI,59,DMK,Yes 1,Graduate Professional,,,1,"16,54,47,550 ~ 16 Crore+",165447550,,,,1,"4,29,66,422 ~ 4 Crore+",42966422,,Y,0
508,http://myneta.info/TamilNadu2026/candidate.php?candidate_id=508,Vellaisamy.P,239,TIRUCHULI,63,Ahimsa Socialist Party,No,5th Pass,,,1,"23,00,000 ~ 23 Lacs+",2300000,,,,1,0 ~,0,,Y,0
